TransactionAmount,CustomerAge,AccountBalance,TransactionPercentage,CustomerOccupation_encoded,Cluster,PC1,PC2,CustomerOccupation
14.09,70,5112.21,0.27561465589246137,0,1,-236.1690384918511,-262.6931926275684,Doctor
376.24,68,13758.91,2.7345189408172597,0,2,8411.978360410114,62.60372408690506,Doctor
126.29,19,1122.35,11.252283155878292,3,0,-4225.586002611748,-133.31659023463618,Student
184.5,26,8569.06,2.1530949719105714,3,1,3221.311140545032,-107.05315966985725,Student
13.45,26,7429.4,0.18103749966349908,3,1,2080.9314945525275,-273.2396760456197,Student
92.15,18,781.68,11.788711493194146,3,0,-4566.401498718409,-165.9782645294244,Student
7.08,37,13316.71,0.05316628506590593,0,2,7968.15632449671,-304.6273291613638,Doctor
171.42,67,2796.24,6.13037507510085,2,0,-2551.4482416539026,-95.41759390659959,Retired
106.23,51,9095.14,1.1679864191205414,1,1,3747.0821580127367,-187.52406654320708,Engineer
815.96,55,1021.88,79.84890593807492,0,0,-4323.17596395961,558.5449648567551,Doctor
17.78,52,7599.52,0.23396214497757753,1,1,2251.102387139237,-269.6023033527083,Engineer
190.02,21,1528.81,12.429275057070534,3,0,-3818.8559618134923,-71.30596394458354,Student
494.52,24,1620.02,30.525549067295465,3,0,-3726.3675808683524,233.20908758655054,Student
166.99,18,299.93,55.676324475711006,3,0,-5047.914906720246,-87.82460939526075,Student
465.45,36,3465.54,13.430807320071331,1,0,-1880.9438270521587,195.81421177113953,Engineer
555.8,19,1131.26,49.13105740501741,3,0,-4214.902812338884,297.0843222027613,Student
492.93,39,5109.97,9.64643628044783,1,1,-236.40377088480273,216.1822142330319,Engineer
18.68,59,7948.37,0.23501673928113562,2,1,2599.9609171581997,-270.1774113193003,Retired
71.48,18,6568.59,1.0882091894911998,3,1,1220.3701200835867,-211.55865880425367,Student
59.32,71,5750.89,1.0314925168104414,2,1,402.6975038705259,-220.17516031990826,Retired
85.77,38,9146.19,0.9377675294302872,0,2,3798.0269165440995,-208.21431616666723,Doctor
52.2,39,8974.93,0.581620135198826,1,1,3626.626081242178,-241.050489677212,Engineer
345.84,22,1402.5,24.658823529411762,3,0,-3944.5165812803607,85.34442483579323,Student
145.54,21,1930.96,7.537183577080829,3,0,-3416.8925499277625,-117.62057442773559,Student
7.49,65,3634.67,0.20607097755779755,2,0,-1713.72599284038,-263.0164802014816,Retired
246.93,23,673.35,36.67186455780798,3,0,-4674.1081836251,-10.064539330776483,Student
40.32,37,2686.52,1.5008263478403288,1,0,-2661.761806684901,-226.16530467107796,Engineer
127.45,44,1772.06,7.192194395223639,0,0,-3575.837198855168,-135.00972916590212,Doctor
56.17,27,1351.69,4.1555386220213215,3,0,-3996.5259521808457,-204.58071526012668,Student
28.31,59,8334.47,0.33967366851161507,0,1,2986.097845087391,-262.1901808518511,Doctor
59.12,29,9823.64,0.6018135843740202,0,2,4475.342476211193,-237.75324156059884,Doctor
396.45,49,9690.15,4.091267937028839,1,2,4343.328034498546,100.12040747693612,Engineer
255.26,45,14815.87,1.722882287709058,0,2,9468.375366235,-62.873156686219545,Doctor
124.76,49,5764.72,2.1641987815540045,1,1,416.7786478362823,-154.81605665778963,Engineer
78.13,26,900.61,8.675231232164865,3,0,-4447.51643600251,-180.58021059125636,Student
649.28,75,4875.86,13.316214985664068,2,1,-469.79714366326607,373.60916241678854,Retired
795.31,66,7914.88,10.048288792754912,0,1,2569.8106488112135,506.5458863122865,Doctor
335.63,55,1019.39,32.92459215805531,2,0,-4327.639848664456,77.0518398010787,Retired
328.47,63,4323.66,7.597035844631632,2,1,-1023.3779714842849,55.10690095508289,Retired
34.02,38,14214.48,0.23933341212622625,0,2,8866.032338650894,-281.5095411627382,Doctor
241.42,57,13357.02,1.8074390844664452,0,2,8009.499270455589,-70.48784641503858,Doctor
55.32,19,241.79,22.87935812068324,3,0,-5106.4656938502185,-200.16697120333774,Student
304.31,27,868.61,35.03413499729453,3,0,-4478.594385621843,46.415920506649684,Student
435.27,74,4673.28,9.314014995891537,2,1,-673.2907724953884,160.436626607554,Retired
164.49,26,1509.27,10.898646365461449,3,0,-3838.496092486897,-96.78078605316753,Student
510.24,19,781.7,65.27312268133555,3,0,-4564.688952728284,253.5086633082335,Student
22.01,41,1335.09,1.6485779984869935,1,0,-4013.2491249555096,-238.71237418675264,Engineer
425.34,69,3907.54,10.885109301504272,2,0,-1439.0739719789221,153.80713079078828,Retired
424.56,51,5183.85,8.190051795480192,1,1,-162.80086139188825,147.49996815659318,Engineer
85.43,67,14904.9,0.5731672134667123,0,2,9556.702838246496,-233.01334357644234,Doctor
169.5,28,918.88,18.446369493296185,3,0,-4428.870408423919,-89.0372050289809,Student
104.63,62,4477.78,2.3366489644422015,2,1,-870.215782214872,-169.44497569458497,Retired
316.95,25,1324.03,23.93827934412362,3,0,-4023.104798189935,56.7832353608174,Student
60.54,57,3534.93,1.712622315010481,2,0,-1813.249540386541,-209.5311649178205,Retired
292.56,68,4638.37,6.3073881557529905,2,1,-708.8175293579125,17.842803808363442,Retired
386.52,48,5630.61,6.86462035196897,1,1,283.7883558757221,107.53479953820323,Engineer
112.07,23,930.3,12.046651617757712,3,0,-4417.691400234362,-146.68543278264497,Student
568.52,46,5499.91,10.33689642194145,1,1,153.86520820885744,290.1093361043529,Engineer
263.99,79,4175.02,6.323083482234814,2,1,-1172.2706693340897,-8.730869209125842,Retired
349.64,48,6651.62,5.256463838884362,1,1,1304.629984828739,66.28291533753742,Engineer
601.4,56,8458.29,7.110184209810728,1,1,3112.370273961359,310.3135582061841,Engineer
5.77,50,13988.12,0.041249288682110245,0,2,8639.569401546352,-308.77604846041874,Doctor
201.33,42,2585.07,7.788183685548167,1,0,-2762.5226183914906,-64.60403544496435,Engineer
298.42,56,3014.75,9.898664897586865,2,0,-2332.4153930656125,30.694926410846847,Retired
521.06,25,1951.42,26.70158141250986,3,0,-3394.8478470476252,258.21626953875943,Student
117.28,60,3665.77,3.1993278356252577,1,0,-1682.165387224276,-153.32528191775285,Engineer
189.12,32,977.01,19.357017840144934,1,0,-4370.652776386539,-69.64145564931891,Engineer
133.55,44,3846.28,3.4721861122955167,1,0,-1501.608958564971,-137.84104444754146,Engineer
143.21,35,6374.82,2.246494802990516,1,1,1026.932177712074,-138.98243949627087,Engineer
24.77,62,5866.01,0.422263173775701,2,1,517.6565244587973,-255.2279015045739,Retired
233.92,26,6537.62,3.578060517436009,3,1,1190.1065134334767,-48.976491978878045,Student
232.12,37,6689.87,3.469723626916517,1,1,1342.3618806041377,-51.41309502464682,Engineer
162.63,22,634.17,25.644543261270634,3,0,-4713.629502627624,-94.48779995543714,Student
91.53,44,14676.05,0.6236691752889912,0,2,9327.85176698066,-225.96911049427047,Doctor
120.29,19,1362.39,8.829336680392545,3,0,-3985.5697685128275,-140.40614455581988,Student
174.25,50,10528.34,1.655056732590323,0,2,5180.555700325754,-125.61456002191872,Doctor
183.71,38,552.52,33.249475132121916,1,0,-4795.182196726402,-72.82595146951016,Engineer
345.39,58,6451.96,5.35325699477368,1,1,1104.967014568545,62.898482368664645,Engineer
922.55,63,4715.84,19.56279263079324,2,1,-628.6651131931903,647.6076407595802,Retired
259.91,49,7176.86,3.6215002103984197,0,1,1829.481320677066,-25.687168903682448,Doctor
154.71,34,1523.72,10.153440264615545,0,0,-3824.075839568507,-106.63042493096759,Doctor
1340.19,54,8654.28,15.48586364203608,1,1,3311.5247693916453,1048.1849281576237,Engineer
24.56,64,9869.93,0.24883661788888067,0,2,4521.529381145768,-272.463192539439,Doctor
568.07,48,10556.81,5.381076291038676,0,2,5210.713840280151,268.0159049239604,Doctor
9.61,58,12883.91,0.07458915810495416,0,2,7535.400053514187,-300.2326969442789,Doctor
392.96,24,791.65,49.63809764416093,3,0,-4555.205616196307,135.78208506000425,Student
716.93,60,4064.02,17.64090727899961,2,0,-1281.3639723535425,444.79046714865945,Retired
223.85,53,2929.91,7.640166421494175,1,0,-2417.5750251072136,-43.55144058467724,Engineer
230.66,21,618.05,37.32060512903487,3,0,-4729.481669579083,-26.075332784970982,Student
442.12,19,1375.8,32.13548480883849,3,0,-3970.8205394817505,181.9125321667015,Student
644.17,29,1143.52,56.33220232265286,1,0,-4202.263388156268,385.5876545539056,Engineer
508.68,51,7708.41,6.5990262583334305,1,1,2362.094097514818,220.8020831527068,Engineer
858.63,27,1872.96,45.84347770374167,3,0,-3471.888206620997,596.5376120181166,Student
25.36,57,201.04,12.614405093513728,1,0,-5147.272718451955,-230.19879081874848,Engineer
147.62,71,2115.8,6.977029965025048,2,0,-3231.9790262236033,-116.28421788927096,Retired
115.02,37,7643.66,1.504776507589296,0,1,2295.639216481766,-172.57385373761713,Doctor
383.37,30,8901.93,4.306594188001927,1,1,3555.036042305571,90.38103921230288,Engineer
98.54,20,9383.43,1.0501490393171795,3,2,4035.294680147118,-196.47675039222588,Student
83.24,55,1181.31,7.046414573651286,0,0,-4166.755892057135,-176.67953803208792,Doctor
196.16,27,9418.86,2.0826299573409095,1,2,4071.1527581259115,-99.01223808378947,Engineer
129.94,32,7954.92,1.6334545161987801,1,1,2606.9527136962315,-158.98598834271476,Engineer
306.9,46,9418.08,3.258625961979512,1,2,4070.8729078459646,11.738987211092478,Engineer
114.98,59,6144.68,1.8712121705280014,2,1,796.7052649587595,-166.2037634529118,Retired
143.03,63,7981.45,1.7920302701890007,2,1,2633.5789193425653,-145.97288146931004,Retired
1045.22,53,1829.9,57.11896824963113,2,0,-3514.132181761315,783.5918855193717,Retired
245.54,25,985.06,24.926400422309303,3,0,-4362.380738325657,-13.124408794428376,Student
254.37,51,8849.26,2.8744776399382546,1,1,3501.8406950119506,-38.35455437642338,Engineer
213.76,78,3528.72,6.057720646580063,2,0,-1818.780105976471,-56.19968926980596,Retired
327.86,40,480.16,68.28140619793402,1,0,-4866.990442728513,72.60641757861771,Engineer
2.5,47,12145.27,0.020584145103402396,0,2,6796.724242830232,-304.2139409641421,Doctor
300.08,68,13546.75,2.2151438536918446,0,2,8199.493525825103,-12.635542907181673,Doctor
56.98,43,5688.37,1.0016929278510363,1,1,340.13177724762954,-222.28267530898404,Engineer
407.65,26,8346.64,4.88400122684098,1,1,2999.851215335576,117.02327962681733,Engineer
115.83,39,6481.04,1.7872131633194672,1,1,1133.03894695722,-166.81058314798867,Engineer
53.57,69,1651.33,3.244051764335415,2,0,-3696.8437771470917,-208.43028995006662,Retired
63.34,46,11174.94,0.5668039380972067,0,2,5826.666272013758,-239.26088040967082,Doctor
331.65,41,4172.57,7.948338793597232,1,1,-1174.4817320081766,58.91191617222961,Engineer
5.04,56,5558.36,0.09067422764988235,2,1,209.91806140440804,-273.65808030523965,Retired
214.54,70,11151.53,1.9238615687712803,0,2,5803.937413279863,-87.96023289208796,Doctor
598.81,57,1415.52,42.303181869560305,0,0,-3930.3961004075163,338.7097508679884,Doctor
841.28,26,1103.64,76.22775542749446,3,0,-4241.3386898433055,583.3642781189046,Student
38.15,26,303.68,12.562565858798735,3,0,-5044.619683959814,-217.8894070197308,Student
1036.66,58,5541.57,18.706972933663206,0,1,197.54256685946802,758.1245936073188,Doctor
124.72,33,6309.8,1.9766078164125647,1,1,961.8311657419827,-157.19810461108932,Engineer
302.45,78,5133.61,5.891565584452266,2,1,-213.52703198887502,25.62251157558245,Retired
208.04,47,9344.98,2.2262219929844687,1,2,3997.3508099570054,-86.79531347992861,Engineer
5.77,23,1117.97,0.5161140281045108,3,0,-4230.458071072869,-254.07698757561917,Student
381.33,56,11835.35,3.2219579480116765,0,2,6488.447414395106,75.86951009778966,Doctor
16.16,50,14401.17,0.11221310490744849,0,2,9052.658957267635,-300.1446752872956,Doctor
486.08,18,1748.69,27.79680789619658,3,0,-3597.737706750182,224.13789336468454,Student
336.39,21,1000.46,33.62353317473962,3,0,-4346.612517620588,77.87207316932898,Student
997.43,69,6810.05,14.646441656081818,0,1,1465.860549139683,713.412203613271,Doctor
234.57,23,263.98,88.8590044700356,3,0,-5083.636112689244,-19.133892415005135,Student
6.0,30,5442.76,0.11023818797815813,0,1,94.2899375802408,-272.23758298818257,Doctor
1049.92,80,2037.85,51.52096572367937,2,0,-3306.1173636984286,787.2722502778969,Retired
227.14,18,341.94,66.42685851318944,3,0,-5005.668533733443,-27.561951085852343,Student
233.74,66,1066.59,21.91470011907106,2,0,-4280.842445226821,-25.305931464363,Retired
113.02,69,6077.96,1.8595054919742806,2,1,729.9907546848644,-167.86762527186312,Retired
45.85,20,1659.15,2.7634632191182233,3,0,-3689.120522215452,-216.25282039873574,Student
973.39,77,2042.22,47.66332716357689,2,0,-3302.0733895195817,710.6401827511243,Retired
415.5,66,10113.66,4.10830500530965,0,2,4766.937386799665,117.38211806282146,Doctor
265.76,54,4446.17,5.977279321303504,2,1,-901.1484011098355,-8.15455630895488,Retired
69.4,80,6452.77,1.075507107800216,2,1,1104.6239848235955,-213.07164750114387,Retired
332.93,35,2788.2,11.94067857399039,1,0,-2558.8453047160565,66.18796357680947,Engineer
267.9,20,596.16,44.937600644122384,3,0,-4751.228062516166,11.465312301031929,Student
496.03,61,12904.66,3.843805261045235,0,2,7558.2442223648,185.99636650598148,Doctor
376.26,37,9062.4,4.1518802966101696,1,1,3715.4828723980017,82.59577316956091,Engineer
83.02,36,9009.56,0.9214656431612643,1,1,3661.383967463452,-210.38504805656532,Engineer
93.26,20,1152.2,8.094080888734595,3,0,-4195.870917228671,-166.55098731363705,Student
803.37,68,12168.37,6.602116799538475,0,2,6823.29258064322,496.41903745868706,Doctor
35.76,23,611.86,5.84447422613016,3,0,-4736.443621755444,-221.79099013517265,Student
28.53,62,8670.53,0.32904562927525766,0,1,3322.1585809123453,-263.39576173436114,Doctor
139.53,53,10098.86,1.3816410961237209,0,2,4750.935742037181,-158.49759190867036,Doctor
307.57,33,5307.74,5.7947450327257926,0,1,-39.43543312935799,29.94321825077185,Doctor
60.65,56,1047.28,5.791192422274846,2,0,-4300.878125159356,-198.7254948216109,Retired
74.86,70,6921.48,1.0815605910874553,0,1,1573.3390131210354,-209.6186306570693,Doctor
117.97,51,1475.46,7.995472598376099,2,0,-3872.4673310188973,-143.19229667288704,Retired
126.21,75,5669.66,2.22605941096997,2,1,321.75980123671616,-152.92963554783276,Retired
506.28,53,1309.95,38.64880338944234,2,0,-4036.3619125255364,246.5571366238322,Retired
304.35,31,4057.1,7.501663749969191,1,0,-1290.0802288941718,32.089892987730366,Engineer
281.85,22,1585.98,17.771346423031815,3,0,-3761.3004327272192,20.39916264830191,Student
777.88,31,6825.55,11.396590750928496,1,1,1480.3700961404484,493.7530761841415,Engineer
119.18,56,5516.5,2.160427807486631,2,1,168.54663090155736,-159.32997421225107,Retired
177.19,76,5343.3,3.31611550914229,2,1,-4.377208630995483,-100.5514973568772,Retired
260.88,22,903.05,28.88876584906705,3,0,-4444.335801104063,2.671081542703064,Student
169.47,24,1806.16,9.38288966647473,3,0,-3541.587720352406,-93.11249270913987,Student
73.23,26,787.74,9.296214487013483,3,0,-4560.407481283862,-184.97977096228448,Student
1362.55,29,2429.68,56.07940140265385,1,0,-2913.019695793425,1098.1703267217313,Engineer
237.06,71,1182.77,20.042780929512922,2,0,-4164.639081076969,-22.530788109238188,Retired
34.17,54,726.55,4.70304865460051,1,0,-4621.718524229981,-223.86468379204496,Engineer
740.25,41,14464.3,5.117772723187434,0,2,9118.889600048846,423.4900148027633,Doctor
453.54,58,12046.3,3.7649734773332897,0,2,6699.707792742759,147.1687799364903,Doctor
300.47,73,7885.64,3.8103438655581536,2,1,2538.4581558202763,11.875623398111088,Retired
110.93,19,1952.35,5.6818705662406845,3,0,-3395.6508422726447,-152.3633166275102,Student
201.69,59,7328.52,2.752124576312816,0,1,1980.903201171558,-84.53965603145178,Doctor
399.21,59,3210.39,12.434937811293954,1,0,-2136.344216594895,130.68664960475934,Engineer
1041.88,78,5726.2,18.194963501100208,2,1,382.21967457499795,762.5661039337908,Retired
630.36,62,1363.65,46.22593774062259,2,0,-3982.1314359363514,370.5882849901144,Retired
10.94,60,1241.99,0.8808444512435688,1,0,-4106.3692355443745,-249.3816259014779,Engineer
215.9,38,7873.28,2.74218622988132,0,1,2525.690277319176,-72.67744180627494,Doctor
1422.55,79,5674.32,25.06996433052771,2,1,331.96939093146557,1143.4908559962646,Retired
226.37,49,9840.04,2.3004987784602497,0,2,4492.486408494379,-70.57370166629724,Doctor
444.89,43,10328.23,4.3075144531057115,0,2,4981.600982274275,145.82513010550514,Doctor
280.57,25,293.24,95.67930705224389,3,0,-5054.189746109906,26.925369073278034,Student
488.54,52,7486.63,6.525499457032069,1,1,2140.2314251742528,201.61301547165203,Engineer
3.3,50,11385.37,0.028984565279828407,0,2,6036.841019685001,-300.1797669577322,Doctor
199.39,69,7264.79,2.74460789644298,2,1,1917.1767905274482,-86.55589570749876,Retired
20.36,62,2762.48,0.7370189105441487,2,0,-2585.8547092222675,-246.43201573202956,Retired
113.64,62,6675.03,1.702464258587602,2,1,1327.0471960030754,-169.799345736055,Retired
493.11,53,7432.99,6.634073232978922,2,1,2086.612692112679,206.41345528386114,Retired
307.41,19,1057.0,29.083254493850525,3,0,-4290.191314706804,48.52789771861546,Student
11.18,43,5956.89,0.1876818272622123,0,1,608.4527734229932,-269.22789148757795,Doctor
313.82,59,7261.59,4.321643056135089,1,1,1914.4542675802677,27.87115739529287,Engineer
51.0,64,4943.16,1.0317286917680188,2,1,-405.06754716948035,-225.06574294683304,Retired
140.98,60,8127.48,1.7346090054973988,1,1,2779.5946527049555,-148.64811973779678,Engineer
288.04,68,1748.02,16.478072333268496,2,0,-3599.1725927543794,25.914133242898174,Retired
800.55,31,9660.22,8.287078348112155,1,2,4315.1093084066515,504.26934276637826,Engineer
485.54,46,6371.51,7.6204855677853445,1,1,1025.1021417932589,203.3805105133843,Engineer
521.15,54,9442.47,5.51921266363568,0,2,4096.192799719215,225.86577157229283,Doctor
321.79,63,5959.2,5.399885890723588,2,1,612.1175643557372,41.41139492582096,Retired
304.93,65,13531.22,2.2535292456999443,0,2,8183.9806323273,-7.724138007008406,Doctor
432.08,40,11500.62,3.757014839199973,0,2,6153.918422771379,128.01659705928466,Doctor
694.2,61,1389.37,49.965092092099304,2,0,-3956.1455162341044,434.39982310895493,Retired
116.86,55,6706.56,1.7424730413207368,1,1,1358.5816405006244,-166.7220454497642,Engineer
386.81,57,7175.29,5.390862250863728,0,1,1828.465544173513,101.22459708743895,Doctor
74.88,25,420.67,17.800175909858083,3,0,-4927.484997080912,-181.51940620283085,Student
195.76,75,7323.53,2.673027897748763,2,1,1975.9084096837323,-90.42895157078189,Retired
134.7,50,8395.85,1.6043640608157599,0,1,3047.921609337335,-156.08210855482685,Doctor
890.24,33,5140.93,17.31671117871669,1,1,-203.75413297654814,613.4024962662553,Engineer
361.27,63,7945.57,4.546810360993611,0,1,2598.635450960115,72.40339267377323,Doctor
131.56,44,5873.54,2.2398757818964374,0,1,525.6201226810508,-148.48551134332558,Doctor
485.51,76,3074.45,15.791767633235212,2,0,-2271.8952226344254,217.64564111738144,Retired
547.87,64,6155.76,8.900119562815965,2,1,809.6443928091267,266.65926083096167,Retired
457.3,28,8318.29,5.497524130560487,1,1,2971.7170864133577,166.79212006894784,Engineer
486.59,57,2513.56,19.358598959245054,2,0,-2832.8059888426633,221.19264267373734,Retired
163.68,41,10090.05,1.6221921596027773,0,2,4742.213816206778,-134.32817081698795,Doctor
52.01,48,1120.88,4.640104203839839,0,0,-4227.323978257481,-207.71822105239124,Doctor
523.74,43,13498.55,3.879972293320394,0,2,8152.222760169158,211.14860799189614,Doctor
705.6,40,14804.7,4.7660540233844655,0,2,9459.135331960264,387.3967256199363,Doctor
217.5,46,3057.4,7.113887616929417,1,0,-2290.1220583290096,-50.46455848436818,Engineer
91.48,51,14942.78,0.6122020132799921,0,2,9594.587436350463,-227.14506097213928,Doctor
5.25,39,14143.32,0.037119997284937346,0,2,8794.750840708948,-309.968910290548,Doctor
54.03,56,6736.3,0.8020723542597568,2,1,1388.0533148714258,-229.67695404700186,Retired
736.73,48,3313.07,22.237079204484058,1,0,-2032.2444292214172,467.8959223562397,Engineer
368.91,54,829.71,44.462523050222366,0,0,-4517.199098905682,111.46361198429884,Doctor
33.06,53,1540.87,2.145541155321345,2,0,-3807.409530407303,-228.51311676760898,Retired
66.5,32,6820.23,0.9750404311878045,1,1,1472.0044756040234,-217.59295066422803,Engineer
177.08,35,13475.14,1.3141236380475456,0,2,8127.312473891138,-135.34210069236207,Doctor
588.54,32,714.45,82.37665336972495,1,0,-4631.618868818987,332.5812254471931,Engineer
173.5,21,1306.91,13.275588984704378,3,0,-4040.8262585521934,-86.85011136743972,Student
78.33,56,7255.33,1.079620086198698,1,1,1907.1813250531077,-207.5862971778691,Engineer
40.66,59,1153.84,3.523885460722457,2,0,-4194.396989137227,-219.22310435381397,Retired
97.22,77,6647.73,1.4624541008735314,2,1,1299.6968435496883,-186.0851077326152,Retired
34.07,22,8709.77,0.3911699160827438,3,1,3361.3689064569307,-258.0709380669724,Student
492.06,23,857.9,57.356335237207134,3,0,-4488.546449473046,234.78329431063514,Student
73.55,51,2812.06,2.6155202947305534,1,0,-2536.0640188888165,-193.43419806023874,Engineer
760.53,57,6179.91,12.306489900338354,1,1,834.6953794500514,479.21376952352864,Engineer
273.08,26,6609.3,4.131753740940796,1,1,1261.9537859219654,-10.122446831726847,Engineer
371.69,67,3484.32,10.667504706800752,2,0,-1862.5223362414845,101.97164128881678,Retired
218.96,18,754.21,29.0317020458493,3,0,-4593.360338138575,-38.59790076678297,Student
227.39,18,751.09,30.274667483257662,3,0,-4596.446544700767,-30.121621518904817,Student
237.99,39,8510.09,2.7965626685499214,0,1,3162.5888788015445,-53.3019162696834,Doctor
186.6,58,1508.72,12.36810011135267,0,0,-3838.9113091012396,-74.5967093197836,Doctor
341.15,18,511.37,66.71294757220798,3,0,-4835.749394261624,85.68512360059339,Student
434.58,59,12648.32,3.4358713252036632,0,2,7301.640541218682,125.64925018613792,Doctor
75.15,23,1092.92,6.876075101562786,3,0,-4255.221821404555,-184.4333153647441,Student
23.3,59,6711.15,0.34718341863913044,1,1,1362.7761351149347,-260.2961740453109,Engineer
47.38,25,459.37,10.31412586803666,3,0,-4888.888378584135,-209.3932001694086,Student
512.81,79,6994.34,7.3317854150641795,2,1,1648.0856907400585,228.0212596895181,Retired
488.15,43,7071.09,6.903461842516499,1,1,1724.682312355908,202.9902839293644,Engineer
12.82,44,9045.19,0.1417327883659713,1,1,3696.722796574738,-280.7186064685384,Engineer
66.9,79,5238.71,1.277031941069462,2,1,-109.4334909735735,-210.4042064685142,Retired
535.91,43,9642.12,5.558010064176757,1,2,4295.889322083444,239.7583870324675,Engineer
270.72,26,6263.96,4.321866678586709,1,1,916.6074840583933,-11.007556728139747,Engineer
97.98,72,7460.33,1.313346728629967,2,1,2112.283820530948,-188.79058782281822,Retired
196.08,61,4233.82,4.631278608915826,2,1,-1113.7843755384656,-76.93202147116634,Retired
251.18,42,8303.9,3.0248437481183545,1,1,2956.4615897691883,-39.23084133588412,Engineer
44.52,28,314.28,14.165712103856437,3,0,-5033.993085563641,-211.51748481705067,Student
178.87,35,5241.23,3.412748534218113,0,1,-106.4921968578692,-98.48448602146797,Doctor
386.68,46,6863.06,5.634221469723418,0,1,1516.2239370979296,102.41615502029583,Doctor
167.14,76,3877.73,4.310253679343327,2,0,-1469.9744954025696,-104.336729772224,Retired
345.22,69,4046.58,8.531154703478,2,0,-1300.3763857095078,73.0622163246149,Retired
74.85,72,2409.73,3.106157121337245,2,0,-2938.357153631812,-190.38464040143694,Retired
671.73,58,5211.88,12.888439488246084,1,1,-133.70562421617888,394.5875226024946,Engineer
255.04,45,6217.86,4.101732750496152,1,1,870.4657526958727,-26.468354805078064,Engineer
45.77,25,5978.12,0.7656253136437543,3,1,629.8063665622876,-234.74795667816133,Student
329.69,26,1671.66,19.72231195338765,3,0,-3675.41397490515,67.91599405329112,Student
362.04,58,8421.88,4.298802642640362,0,1,3074.936845555668,71.13471079541779,Doctor
11.92,53,14611.9,0.08157734449318707,0,2,9263.372047503133,-305.2760128199209,Doctor
47.42,64,8253.52,0.5745427405519099,0,1,2905.237342075642,-242.73165704039698,Doctor
35.99,63,4489.79,0.8015965111954012,2,1,-858.4975089141062,-238.14953318972522,Retired
151.19,37,11903.82,1.2700964900342915,0,2,6555.902964144688,-154.53898336668348,Doctor
242.62,22,483.02,50.22980414889653,3,0,-4864.484222487526,-13.1633193005041,Student
48.72,21,816.08,5.970002940888148,3,0,-4532.173125101885,-209.70370616188438,Student
43.46,25,578.06,7.518250700619314,3,0,-4770.210884056799,-213.89880737240458,Student
443.79,53,3133.85,14.16117555084002,2,0,-2212.7026280313194,175.6160452549409,Retired
365.14,68,5894.09,6.195019078432803,2,1,547.2002591339105,85.04830141791945,Retired
757.41,22,9532.42,7.9456213637250555,3,2,4187.113330916752,461.671201969456,Student
20.54,51,5327.03,0.3855807081995033,1,1,-21.34917819140628,-257.1788020208633,Engineer
475.36,34,2000.6,23.76087173847846,1,0,-3345.847253840462,212.25130451030128,Engineer
34.74,56,6827.57,0.5088193896217835,2,1,1479.2395831604636,-249.355026558876,Retired
689.54,27,1633.76,42.20570952893938,3,0,-3711.807053049938,428.4326273178774,Student
211.18,73,4069.17,5.189756141915919,2,0,-1278.352655054055,-61.107910625355856,Retired
211.36,51,7943.47,2.6608018913648572,1,1,2595.876821334614,-77.50066717393469,Engineer
744.41,39,8842.47,8.418575352814315,1,1,3497.137450699108,451.6445858537801,Engineer
61.43,24,1882.77,3.2627458478730804,3,0,-3465.431892383182,-201.61095705999747,Student
167.44,37,12526.71,1.3366638167563551,0,2,7178.855209279855,-140.94249547222608,Doctor
361.46,21,4737.84,7.629215000928692,3,1,-609.1160400244498,86.27204633090815,Student
378.85,78,2300.53,16.46794434326003,2,0,-3046.2645681268023,114.34612283730343,Retired
241.11,30,12385.05,1.946782612908305,0,2,7037.504329345066,-66.69353248689339,Doctor
131.93,31,4547.06,2.901435213082739,1,1,-800.8604524566026,-142.4720967646435,Engineer
20.28,36,2047.83,0.9903165790129065,1,0,-3300.530582518739,-243.4972566727809,Engineer
415.88,70,10008.33,4.155338602943748,0,2,4661.615469875132,118.21592757431074,Doctor
49.99,62,2299.64,2.1738185107234176,2,0,-3048.5641702948,-214.80500453600408,Retired
100.66,50,14473.33,0.6954861113510159,0,2,9125.181370974871,-215.97204534258736,Doctor
485.54,19,1533.32,31.66592752980461,3,0,-3813.1141900998464,224.62949291821792,Student
321.15,46,7005.05,4.5845497177036565,0,1,1657.9316870139564,36.280769186749524,Doctor
711.3,21,955.4,74.45049194054846,3,0,-4390.1403995607725,454.01415635339833,Student
12.23,42,7844.88,0.15589785949562007,1,1,2496.422474545524,-276.2072192224184,Engineer
301.85,54,6586.19,4.58307458485103,1,1,1239.0039006888246,18.779732041095144,Engineer
29.34,65,3944.82,0.7437601715667634,2,0,-1403.4867045709993,-242.47894815846922,Retired
231.71,27,1127.98,20.542030887072464,3,0,-4219.5103385481825,-27.683218748360503,Student
179.43,58,2626.63,6.831186729763994,2,0,-2721.034842395246,-86.68009816835897,Retired
36.71,48,6459.38,0.5683207985905768,0,1,1111.0524311815007,-245.828411749697,Doctor
138.12,53,1649.69,8.372482102698083,0,0,-3698.150348284071,-123.77856619664544,Doctor
233.24,33,6939.23,3.3611798427203023,1,1,1591.7186132880115,-51.36173761008979,Engineer
609.14,39,9033.87,6.742846642690231,1,1,3687.9550453254515,315.5718403537901,Engineer
436.64,31,14365.18,3.039572076367995,0,2,9018.452326168757,120.36394777141146,Doctor
870.43,29,10115.18,8.605185473713764,0,2,4770.3620408370725,572.1907875425524,Doctor
354.4,74,7358.65,4.816100779354908,2,1,2011.706535239834,68.05291944762115,Retired
22.63,53,4438.03,0.5099109289482046,1,1,-910.326789761627,-251.30410321753004,Engineer
182.19,26,1176.1,15.49102967434742,3,0,-4171.595258259035,-77.53631890093163,Student
126.81,26,5427.98,2.336228210126051,1,1,80.0211861832222,-151.35772037881065,Engineer
288.17,37,3653.11,7.888347189107363,1,0,-1694.1279804414417,17.6533094681742,Engineer
118.77,55,2104.82,5.64276280156973,1,0,-3243.1013014973987,-145.13325341868085,Engineer
651.82,21,1802.77,36.15658126105937,3,0,-3542.9570145254747,389.8247630684125,Student
66.65,37,3559.96,1.8722120473263746,1,0,-1788.219821287209,-203.5495174981391,Engineer
98.53,69,3564.8,2.7639699281867145,2,0,-1783.2025182196317,-171.6397158699827,Retired
138.95,71,6752.92,2.0576284037127643,2,1,1405.0564565628156,-144.81056406433646,Retired
33.89,26,1444.75,2.3457345561515837,3,0,-3903.5607270573582,-227.30114177575047,Student
23.71,58,10788.89,0.21976310816033906,0,2,5440.466533116404,-277.22778080511443,Doctor
1830.0,55,2235.7,81.85355816970076,1,0,-3105.0008342181827,1567.0296100006203,Engineer
26.06,65,12893.63,0.2021153081017526,0,2,7545.19979622866,-283.8192509790623,Doctor
17.07,27,2798.15,0.6100459231992567,1,0,-2550.2447122389376,-249.91779787726858,Engineer
703.89,46,3583.67,19.641596463960127,1,0,-1761.7866178840181,433.8409679518602,Engineer
1271.9,47,2120.8,59.972651829498304,1,0,-3222.271546804142,1009.0108683848035,Engineer
26.55,77,3085.38,0.8605098885712618,2,0,-2262.9126248931707,-241.5960136201664,Retired
147.4,42,6797.71,2.1683772917644326,1,1,1449.8443437338083,-136.58617288321796,Engineer
202.11,27,746.47,27.075435047624154,3,0,-4601.157037312869,-55.454597300136555,Student
308.42,75,5427.81,5.682218058480308,2,1,80.69158931230686,30.329271463409384,Retired
11.18,53,7467.3,0.14971944344006533,1,1,2118.857039333524,-275.6385152799497,Engineer
294.15,38,6362.16,4.62342977856577,1,1,1014.9224234717076,12.01771734187622,Engineer
29.58,54,8345.26,0.3544527072853332,1,1,2996.8864182910193,-260.9721308699315,Engineer
139.45,27,1305.76,10.679604215169709,3,0,-4042.1098240026176,-120.94964065107098,Student
432.63,29,13648.36,3.169831393661949,0,2,8301.621015823031,119.40475528602116,Doctor
131.43,43,1337.5,9.826542056074766,0,0,-4010.3814908411887,-129.10720986213983,Doctor
516.72,42,2015.69,25.634894254572878,1,0,-3330.572476902138,253.5936520500382,Engineer
121.82,69,8354.54,1.4581293524239514,0,1,3006.5817425356317,-168.76233800155416,Doctor
374.5,26,1671.51,22.40489138563335,3,0,-3675.376300271676,112.78596281985517,Student
166.13,68,11822.53,1.4051983797038365,0,2,6474.718729801732,-139.21903427228548,Doctor
466.85,56,5422.53,8.609449832458282,2,1,76.06409238603646,188.7746999996682,Retired
788.84,58,1913.73,41.220025813463764,2,0,-3431.369284340848,526.5056991791919,Retired
873.65,37,12139.83,7.1965587656499315,0,2,6795.014282214202,566.7694520297539,Doctor
525.28,69,4693.6,11.191409579001192,2,1,-652.5932130854198,250.36951586866343,Retired
110.17,30,464.2,23.733304610081863,1,0,-4883.8088298479925,-146.24874903649896,Engineer
632.69,80,4363.74,14.498801486798024,2,1,-981.9783063428858,359.2448380701485,Retired
124.35,72,3319.76,3.7457527050148203,2,0,-2028.126229722695,-144.7568539824765,Retired
43.85,62,4356.98,1.006431060046179,2,1,-991.2736951929546,-229.72354662240406,Retired
283.81,28,1519.35,18.679698555303258,3,0,-3827.9152044329576,22.67561593445612,Student
168.53,71,5962.58,2.8264610286151295,2,1,614.8522413452101,-111.86094204187063,Retired
218.59,40,6699.23,3.2629123048469753,1,1,1351.6677589403553,-64.97936574981492,Engineer
132.84,21,822.73,16.14624481907795,3,0,-4525.181700281375,-125.34845012430594,Student
157.37,42,13964.31,1.126944331656917,0,2,8616.400943144941,-157.12014544156128,Doctor
144.77,20,867.32,16.69164783470922,3,0,-4480.543242290719,-113.59841851207281,Student
643.22,64,1035.86,62.095263838742696,0,0,-4309.89224200512,385.30816414666845,Doctor
1392.54,41,13347.69,10.432816464871449,0,2,8005.096248131656,1080.3924181842772,Doctor
208.07,32,8478.9,2.453973982474142,0,1,3131.261744411747,-83.09441537613785,Doctor
94.3,57,11088.95,0.8503961150514701,0,2,5740.824706384815,-207.92762574998113,Doctor
295.5,59,6280.66,4.704919546671847,2,1,933.4563892502583,13.741140135623596,Retired
30.23,44,481.13,6.283125142892773,0,0,-4867.168701511534,-226.724729394995,Doctor
112.05,26,1122.88,9.978804502707323,3,0,-4225.105598469851,-147.58179534618182,Student
180.24,58,8431.23,2.1377663757245386,1,1,3083.5067910936186,-110.6875477782337,Engineer
13.71,38,8342.79,0.16433351432794063,1,1,2994.3274348963596,-276.849265811716,Engineer
96.54,58,7182.22,1.3441526436115854,2,1,1834.1526579012407,-189.063379395438,Retired
79.35,67,1692.15,4.689300593918978,2,0,-3655.9187240144297,-182.79499402363462,Retired
101.04,27,1695.57,5.959058015888463,3,0,-3652.460433731956,-161.1394290758654,Student
74.42,49,6264.21,1.1880189201830718,1,1,916.047343657312,-207.28597472460336,Engineer
39.66,52,8497.34,0.46673429567370484,1,1,3149.0051644571095,-251.542276905403,Engineer
99.36,40,1272.12,7.810583907178568,0,0,-4075.89872230034,-160.94813858432684,Doctor
123.85,56,3959.62,3.127825397386618,1,0,-1388.2957722786741,-148.01441749616913,Engineer
426.93,19,476.19,89.65538965538965,3,0,-4870.605810832232,172.2565359947884,Student
133.73,25,1872.22,7.142857142857142,3,0,-3475.6767042567344,-129.18244522303917,Student
222.39,49,3117.39,7.133852357260401,1,0,-2230.107819890673,-45.82761960688262,Engineer
215.94,22,1841.69,11.725100315471115,3,0,-3505.8652299823507,-46.74742440921074,Student
6.3,80,7697.68,0.08184284095987361,2,1,2349.2484349369233,-281.4655057170295,Retired
826.23,29,7580.59,10.899283564999559,0,1,2235.6079437462704,538.8542449050836,Doctor
416.37,35,7936.91,5.2459962378305915,1,1,2590.174933749633,127.50280056787852,Engineer
131.46,67,6642.33,1.9791247950643824,2,1,1294.4304422747982,-151.83414103651648,Retired
202.86,61,7642.25,2.6544538584840853,0,1,2294.6371855140087,-84.70449806012724,Doctor
194.85,23,319.84,60.921085542771394,3,0,-5027.889440946366,-59.9005215610654,Student
137.35,40,12662.66,1.0846852083211584,0,2,7314.678174138034,-171.60088066435497,Doctor
712.75,44,8126.06,8.771163392837366,0,1,2780.6057453331696,423.0609501672774,Doctor
353.82,42,705.75,50.13390010626993,0,0,-4641.250293466937,97.06091308821107,Doctor
507.25,73,5331.57,9.514083093722862,2,1,-14.700136306908462,229.59040733409387,Retired
212.74,27,7645.47,2.7825627463059823,1,1,2297.854785565709,-74.87941582136864,Engineer
364.42,51,8119.73,4.488080268678885,1,1,2772.7910990986693,74.79549694695692,Engineer
195.12,46,6101.15,3.1980856068118313,0,1,753.5021058490156,-85.89090751765585,Doctor
230.61,80,2561.42,9.003209157420494,2,0,-2785.99900180254,-35.15520740187489,Retired
739.28,58,11905.64,6.209493987723466,0,2,6560.277082375828,433.45116526809613,Doctor
390.35,64,7095.88,5.50107949965332,0,1,1749.0807337488322,105.11224748199322,Doctor
242.03,58,4382.73,5.522357069680314,1,1,-964.6835989422452,-31.61292863454304,Engineer
242.39,18,1328.73,18.242231303575593,3,0,-4018.723703347743,-17.940311679549836,Student
135.03,23,1278.0,10.565727699530516,3,0,-4069.893546206424,-125.25778972090484,Student
83.5,61,1749.79,4.7720012115739605,2,0,-3598.2695652019656,-178.89662909175496,Retired
193.54,80,2929.51,6.606565603121341,2,0,-2418.0684457227585,-73.84446888144262,Retired
617.36,29,8926.38,6.916129494823211,1,1,3580.4883801597143,324.23833103852314,Engineer
775.23,59,5977.59,12.968938987116882,0,1,632.4427225066647,494.78931323450206,Doctor
266.57,72,7676.92,3.4723561011447295,2,1,2329.5938979523717,-21.133022877706424,Retired
153.4,45,4657.7,3.2934710264722935,1,1,-690.1116939883414,-121.45376570304356,Engineer
946.94,53,5579.11,16.97295805244923,2,1,234.69175861761232,668.227937406005,Retired
5.12,34,3293.01,0.15548085186501104,1,0,-2055.4322748318,-263.9714235767036,Engineer
119.11,57,7998.25,1.4892007626668333,1,1,2650.268494111435,-169.9697537184185,Engineer
119.72,30,3435.34,3.4849534543887937,1,0,-1912.6218880754227,-149.93409644307314,Engineer
107.4,58,344.07,31.214578428808093,0,0,-5003.928157541265,-148.25191476081739,Doctor
115.92,53,3897.17,2.974466086929746,2,0,-1450.7830083466256,-155.68345557231052,Retired
438.04,67,5358.95,8.1739893076069,2,1,12.375912094621526,160.24816680339285,Retired
296.0,35,7418.82,3.989852833739058,0,1,2071.574909683576,9.352153923249375,Doctor
299.09,36,5615.26,5.326378475796312,1,1,268.048892578141,20.149351639082568,Engineer
461.52,24,1995.18,23.13174751150272,3,0,-3351.339052011952,198.41003473940071,Student
100.52,50,453.39,22.17075806700633,1,0,-4894.63085429166,-155.87082180857473,Engineer
85.35,66,2173.76,3.926376416899749,2,0,-3174.288513077068,-178.86901299181818,Retired
79.76,39,6452.14,1.2361790041753589,1,1,1103.9848568761,-202.7578696537485,Engineer
778.49,75,7713.67,10.09234255548915,2,1,2368.5418843773386,490.6009751619541,Retired
386.38,42,5528.36,6.989052811321985,1,1,181.53090092084403,107.82609023182602,Engineer
165.25,35,9939.94,1.6624848842145927,0,2,4592.104508021367,-132.12666066927096,Doctor
14.29,34,7016.99,0.20364857296362116,1,1,1668.5410434306323,-270.6365296547055,Engineer
232.79,55,2661.3,8.747228797955884,2,0,-2686.143031587161,-33.4382685633486,Retired
1237.56,60,9410.17,13.151303323956952,1,2,4066.975420204023,942.325313707148,Engineer
92.29,54,2026.32,4.554561964546568,1,0,-3321.7135861533425,-171.30105626264108,Engineer
293.97,68,7371.85,3.987737135183163,2,1,2024.6395608280218,7.562178991494704,Retired
136.32,19,264.83,51.474530831099194,3,0,-5083.136642270381,-118.45481909846094,Student
251.06,36,10001.66,2.5101833095706114,0,2,4654.193456086846,-46.59121051308367,Doctor
50.17,77,7752.14,0.6471761345899326,2,1,2403.891899359599,-237.83354183475237,Retired
21.4,34,9594.11,0.22305351929465056,1,2,4245.659744833833,-274.48571265119506,Engineer
73.28,21,1329.41,5.512219706486335,3,0,-4018.742571112334,-187.35066843190302,Student
70.23,38,11624.93,0.6041326700461852,0,2,6276.6698665793565,-234.2955432738108,Doctor
54.61,58,7135.64,0.7653132725305648,1,1,1787.3937591072927,-230.79372693509842,Engineer
54.05,27,469.14,11.521081127168861,3,0,-4879.089643040439,-202.7296104320587,Student
107.47,67,7517.5,1.4295976055869637,2,1,2169.48726084579,-179.5504286208117,Retired
611.11,20,919.84,66.43655418333623,3,0,-4426.11664612008,353.7818153862029,Student
219.63,48,8013.63,2.7407055229652477,0,1,2666.0677266665634,-69.53390335376392,Doctor
188.7,54,5077.06,3.716717943061535,2,1,-270.5939042600048,-87.92916719238895,Retired
93.52,51,2791.2,3.350530237890513,1,0,-2556.8391544560327,-173.3627012631319,Engineer
275.92,62,1777.38,15.52397348906818,2,0,-3569.871093444208,13.639329207176615,Retired
376.79,68,7749.14,4.862346015170716,2,1,2402.2803341644412,88.7669307006089,Retired
8.98,66,4516.76,0.19881507983598862,2,1,-831.6391693852474,-265.27635506303005,Retired
697.32,68,2016.02,34.58894257001419,2,0,-3329.448339402409,434.40748236720833,Retired
17.45,18,1959.52,0.8905242100106148,3,0,-3388.8754440815037,-245.9749435123931,Student
302.16,80,3876.61,7.794438955685509,2,0,-1470.5140892984032,30.735463776340566,Retired
442.74,23,1790.27,24.7303479363448,3,0,-3556.3321993602985,180.55573898900627,Student
623.9,27,711.47,87.6916806049447,3,0,-4634.464393735396,368.08945986928154,Student
445.41,35,12154.66,3.6645204390743964,0,2,6808.00147239365,138.55127713557573,Doctor
63.41,26,1546.22,4.100968814269637,3,0,-3801.9683236909787,-198.17380837480383,Student
346.85,44,7208.15,4.811914291461749,0,1,1861.1369439714917,61.11012280285189,Doctor
71.95,59,9267.32,0.7763841110482859,1,2,3919.123438694415,-222.52276480045617,Engineer
7.5,63,6485.78,0.11563759486137365,2,1,1137.3462964469536,-275.1329866843728,Retired
206.46,65,3984.38,5.181734673901586,2,0,-1363.1724249004383,-65.47510949254752,Retired
35.84,54,4795.65,0.7473439471187431,2,1,-552.6536161135082,-239.6121826172568,Retired
88.6,28,246.57,35.93300077057225,3,0,-5101.557832801411,-166.5250724434768,Student
53.81,55,2564.62,2.098166589982142,1,0,-2783.579786747997,-212.12390430523237,Engineer
22.46,54,6631.5,0.33868657166553573,2,1,1283.1167752291358,-260.8033641314733,Retired
334.89,21,1661.68,20.15369987001107,3,0,-3685.3788720090424,73.16288930743195,Student
319.27,54,5504.01,5.80067986795082,2,1,156.9097059793312,40.82886436205024,Retired
144.3,18,312.19,46.22185207726064,3,0,-5035.733073289033,-110.83641180912917,Student
348.7,69,2445.58,14.258376336083876,2,0,-2901.3535733584354,83.51679582405109,Retired
366.21,62,10862.99,3.3711712889361034,0,2,5516.041776858455,64.90183633818054,Doctor
99.11,55,5414.87,1.8303301833654362,2,1,66.83069233095375,-178.96987234187927,Retired
539.35,55,3919.44,13.760894413487643,2,0,-1426.70665488338,267.7838659049064,Retired
188.99,58,7315.34,2.5834752725095487,1,1,1967.6674277541124,-97.18409096775639,Engineer
1416.69,46,3740.73,37.87201963253162,1,0,-1601.691853771049,1146.1935682591397,Engineer
308.68,53,9992.36,3.0891601183304043,0,2,4645.163187256377,11.079969092646252,Doctor
166.68,57,5141.19,3.2420509648544407,2,1,-206.5547674997506,-110.22241701496273,Retired
0.99,45,4317.85,0.0229280776312285,1,1,-1030.6081075125312,-272.4474404964028,Engineer
505.19,30,5326.68,9.484143969602078,0,1,-19.65481574810019,227.49979902298105,Doctor
66.58,23,1636.32,4.068886281411949,3,0,-3711.859625371956,-195.3928205541646,Student
223.43,77,7932.41,2.8166723606066757,2,1,2584.9025511582213,-65.35334444818369,Retired
659.95,60,3927.69,16.80249714208606,1,0,-1417.9361394265152,388.3907477731286,Engineer
286.5,30,8517.95,3.363485345652416,1,1,3170.6448840202784,-4.841004629616833,Engineer
322.96,76,2401.59,13.447757527304827,2,0,-2945.4432014764543,57.95971757729643,Retired
654.48,19,6776.41,9.658211353799432,3,1,1430.6859095255331,370.55153064483864,Student
157.97,48,5529.92,2.8566416874023495,0,1,182.12225438015594,-120.60341216401287,Doctor
120.9,40,9009.42,1.3419287812090013,0,1,3661.41193156433,-172.50422369021544,Doctor
254.77,57,5994.87,4.249800245876892,1,1,647.4927522643766,-25.77147611636056,Engineer
795.96,65,5468.58,14.555149600078998,2,1,123.53259339719352,517.7282505672824,Retired
149.25,39,5677.52,2.6287886260198112,1,1,329.6713079458259,-129.96449345266439,Engineer
3.42,43,14180.21,0.024118119548300062,0,2,8831.637753903338,-311.9505333165567,Doctor
68.19,40,9895.1,0.6891289628199815,0,2,4546.854938673453,-228.97538739554017,Doctor
493.42,39,2232.84,22.098314254492035,1,0,-3113.52217921085,229.27261599149222,Engineer
37.57,57,7739.54,0.48542936660318314,2,1,2391.211851081963,-250.40301336575104,Retired
127.0,19,431.16,29.45542258094443,3,0,-4916.802632797229,-129.1295349662836,Student
96.89,59,6044.93,1.6028308020109412,2,1,696.8790245142281,-183.8695196624844,Retired
448.33,25,922.19,48.61579500970515,3,0,-4424.424909067979,190.54323247000025,Student
8.65,48,10778.35,0.08025347107859737,0,2,5429.84889404142,-292.2523022636904,Doctor
65.57,41,7513.79,0.8726621318934917,1,1,2165.5638700909085,-221.46346722866633,Engineer
539.81,46,2051.25,26.316148689823276,1,0,-3294.909501264371,276.5470710590232,Engineer
363.53,63,1038.91,34.99148145652654,2,0,-4307.993598493019,104.92709066731271,Retired
64.9,51,6854.61,0.946808060560703,2,1,1506.4018911286703,-219.31650528216744,Retired
358.18,18,619.86,57.78401574549091,3,0,-4727.168505259589,101.98196616192581,Student
167.2,30,11320.83,1.4769235117919797,0,2,5972.979654196856,-136.05982603201602,Doctor
121.91,60,14510.8,0.8401328665545663,0,2,9162.755369296665,-194.87463667382207,Doctor
137.57,54,5103.67,2.695511269341474,1,1,-244.20246903262614,-139.17965342788685,Engineer
534.62,55,13793.53,3.8758751385613395,0,2,8447.261763092007,220.7838498624056,Doctor
463.92,50,2403.39,19.302734886972154,1,0,-2943.081276843006,198.99113599887386,Engineer
320.14,60,3075.97,10.407773807937009,2,0,-2271.0982837514284,52.1647707585642,Retired
214.93,28,7835.4,2.7430635321744905,3,1,2487.7928846673767,-73.4977967831415,Student
345.81,40,6116.8,5.653446246403348,1,1,769.788779117639,64.73059882435052,Engineer
143.54,71,6067.62,2.3656722075541974,2,1,719.7841012878825,-137.2999632761227,Retired
42.55,53,7341.43,0.5795873555969341,1,1,1993.1230258253572,-243.73470855508498,Engineer
1063.25,21,1240.71,85.69689935601389,3,0,-4103.339255896639,804.9264098194595,Student
541.79,22,1454.08,37.259985695422536,3,0,-3892.118374086094,281.3603482604765,Student
40.57,26,1476.91,2.746951405298901,3,0,-3871.3731511743354,-220.7489857439066,Student
120.24,18,1943.13,6.187954485803831,3,0,-3404.832937641736,-143.00450320930543,Student
498.67,28,1719.97,28.99294755141078,3,0,-3626.3924575282663,236.89170932251142,Student
227.22,53,832.82,27.283206455176384,0,0,-4514.665593307373,-30.685831116335095,Doctor
1182.86,30,7696.16,15.369482962932162,1,1,2352.7067368851413,894.9667036106779,Engineer
56.94,76,7004.63,0.8128909021604281,2,1,1656.4187091360936,-227.8848405242246,Retired
629.82,68,6385.69,9.862990530389043,2,1,1039.9282908132664,347.6282919275268,Retired
59.44,35,5472.03,1.0862513546161114,1,1,123.79441729995597,-218.9110677078713,Engineer
186.69,30,8602.22,2.170253725201169,1,1,3254.4857666312737,-104.99989027433773,Engineer
65.09,44,9370.9,0.694597103800062,1,2,4022.653092263791,-229.84040339501882,Engineer
457.09,55,8570.82,5.333095316434133,1,1,3224.278750791592,165.53598094745593,Engineer
377.12,34,836.67,45.073924008270886,1,0,-4510.2314338173355,119.63457393151799,Engineer
204.56,18,364.72,56.08686115376179,3,0,-4982.964495024828,-50.53473891087944,Student
420.28,35,8557.32,4.911350750001168,0,1,3210.595011856257,128.76345487203332,Doctor
97.09,24,1579.57,6.146609520312491,3,0,-3768.480359172126,-164.59252135801268,Student
124.59,27,129.29,96.36476138912523,3,0,-5218.809435440181,-128.26505911188252,Student
73.88,39,6474.41,1.14110783839763,0,1,1126.2296082750154,-208.73275933406217,Doctor
77.43,21,1380.21,5.6100158671506515,3,0,-3967.92550292707,-183.4156077138764,Student
106.16,56,7487.79,1.417774804047656,0,1,2139.7579868945777,-180.74708102035254,Doctor
245.93,54,7986.63,3.079271232046558,1,1,2639.1884705068915,-43.11367426302215,Engineer
622.41,64,7322.01,8.500534689245164,0,1,1976.2027366724678,336.1957013884876,Doctor
43.73,34,9929.43,0.44040795896642604,0,2,4581.071659086488,-253.5849157803638,Doctor
1282.86,19,1830.98,70.06411866869108,3,0,-3512.098934062958,1021.4634227585303,Student
2.03,33,3012.31,0.06739014244881834,1,0,-2336.143251507819,-265.8704514748885,Engineer
770.65,31,7198.8,10.705256431627493,0,1,1853.585928149364,484.91895815901273,Doctor
260.31,63,10980.38,2.370682981827587,0,2,5632.976881119491,-41.478230794191205,Doctor
356.1,26,868.35,41.00880981171187,3,0,-4478.644826136349,98.3594782366934,Student
27.07,80,3773.29,0.7174110656747824,2,0,-1575.00467586283,-244.00153291859093,Retired
119.89,67,6697.77,1.7899987607815735,0,1,1349.8206275475595,-163.64031654314874,Doctor
106.39,37,9410.99,1.130486803194988,0,2,4062.910876089264,-188.7248341568784,Doctor
12.04,37,6213.32,0.1937772398653216,1,1,864.8752432728561,-269.4654431208056,Engineer
365.7,21,368.78,99.16481371007106,3,0,-4978.295993553576,111.79447057101311,Student
29.38,28,1663.31,1.7663574438919984,3,0,-3685.0190547372476,-232.7530844174787,Student
319.85,60,711.66,44.94421493409775,0,0,-4635.452437471655,62.948899519346185,Doctor
350.14,75,2403.25,14.569437220430666,2,0,-2943.669634116343,85.15249189396576,Retired
163.94,52,5957.37,2.7518854796663628,2,1,609.597782890818,-116.4516447020319,Retired
170.53,24,801.01,21.28937216763836,3,0,-4546.745717205847,-87.42717392182817,Student
262.22,40,5711.71,4.590919356900123,1,1,364.3454233775956,-17.131179041508062,Engineer
41.49,24,928.33,4.469315868279599,3,0,-4419.94862402617,-217.44853069852175,Student
121.43,52,7365.28,1.6486813807485936,1,1,2017.309462944594,-164.96098747325397,Engineer
350.46,51,5839.38,6.001664560278659,2,1,492.4057540669155,70.58144019191411,Retired
220.41,26,5116.98,4.307423519341487,1,1,-230.57531225879575,-56.41908845227729,Engineer
33.46,72,3641.07,0.9189606351978951,2,0,-1707.2063698816628,-237.05585720704266,Retired
104.79,70,1352.19,7.749650566858208,0,0,-3995.766879486685,-155.826945929452,Doctor
246.27,29,7299.86,3.373626343518917,0,1,1952.395286764262,-39.87522450469987,Doctor
48.85,19,1503.56,3.2489558115406103,3,0,-3844.6979821761693,-212.57950116164966,Student
332.0,69,5943.13,5.5862819759958136,2,1,596.0992740850679,51.69782911943582,Retired
118.1,54,895.66,13.185807114306769,1,0,-4452.266372804327,-140.44016328130112,Engineer
84.59,67,5669.1,1.4921239702951086,0,1,321.011714302379,-194.55995305111892,Doctor
295.64,21,1061.96,27.839089984556853,3,0,-4285.276918422519,36.70764586131736,Student
514.33,25,1592.94,32.288096224591015,3,0,-3753.3641797607884,253.1787090458032,Student
992.17,43,6215.96,15.961653549894143,0,1,871.7184098840562,710.6881848177284,Doctor
94.59,39,6171.89,1.532593743569636,0,1,823.8018768016827,-186.7342902118261,Doctor
80.43,59,5987.67,1.3432604001222512,2,1,639.5492709345217,-200.08639051693072,Retired
54.25,68,14783.33,0.3669673882677313,0,2,9435.00157650292,-263.66743417833163,Doctor
178.88,76,4708.29,3.7992562055438386,2,1,-639.3730656133066,-96.14822188378758,Retired
518.85,22,1806.0,28.729235880398672,3,0,-3540.283768887086,256.6819414881977,Student
10.65,54,13240.72,0.08043369242760212,0,2,7892.204869370417,-300.71473939756225,Doctor
198.62,27,1196.07,16.60605148528096,3,0,-4151.555660560519,-61.164381697055745,Student
107.03,27,1408.07,7.601184600197433,3,0,-3939.9344819198777,-153.8812064812304,Student
139.57,19,271.78,51.35403635293252,3,0,-5076.172454617709,-115.23938906143312,Student
312.47,49,9419.27,3.3173483720075976,1,2,4072.0907268829624,17.306755694924163,Engineer
346.11,41,9551.64,3.623566214807091,1,2,4204.593091325035,50.36842524545824,Engineer
138.06,44,1070.47,12.897138640036621,1,0,-4277.384918341748,-121.25279685656582,Engineer
158.02,49,9374.24,1.6856833193944258,1,2,4026.3984156006454,-136.9309175548383,Engineer
830.01,66,4253.18,19.51504521322869,2,1,-1091.7145705615721,557.0782500704329,Retired
435.5,55,6981.03,6.238334457809234,2,1,1634.4132124151156,150.7414336439101,Retired
110.49,57,10483.93,1.0538986811243494,0,2,5135.881618639128,-189.1666236807169,Doctor
329.4,34,9588.07,3.4355193485237385,0,2,4240.941976244482,33.497069728182964,Doctor
635.4,47,1238.11,51.3201573365856,0,0,-4107.678097382421,376.29256178279877,Doctor
769.97,22,1244.93,61.848457342983146,3,0,-4100.333089342477,511.0551354692093,Student
175.07,26,1040.25,16.82960826724345,3,0,-4307.4771040620035,-84.03594589227916,Student
7.31,78,5757.67,0.12696107974232632,2,1,409.26411511712286,-272.20909956046324,Retired
175.15,27,1712.65,10.226841444545002,3,0,-3635.069903736671,-87.00891645037498,Student
32.54,25,1544.88,2.106312464398529,3,0,-3803.4385977797974,-229.08451919429288,Student
121.82,60,13293.83,0.9163649602860875,0,2,7945.799899027289,-189.7884169947584,Doctor
56.12,30,8839.67,0.6348653286830843,0,1,3491.3729654634,-236.56639649355108,Doctor
424.7,56,6239.89,6.806209724850919,2,1,893.2359197364049,143.11521576468493,Retired
35.16,32,8459.18,0.41564312380159774,1,1,3110.8001437642133,-255.9034333248012,Engineer
35.73,65,9073.17,0.3937984188547111,0,1,3724.828445159127,-257.9053012713238,Doctor
3.44,78,7561.33,0.04549464181565942,2,1,2212.8852438548693,-283.7480009818764,Retired
139.03,50,2276.57,6.106994294047624,1,0,-3071.2735503052777,-125.60475276891574,Engineer
254.92,28,2791.12,9.133251167989911,1,0,-2556.265142064593,-11.890970538680449,Engineer
115.11,28,9808.97,1.1735177087910351,1,2,4460.911494435927,-181.71019438063087,Engineer
171.11,57,6324.09,2.705685719210195,2,1,976.3508147337598,-110.83935211595758,Retired
168.54,70,13406.0,1.2571982694315977,0,2,8058.182437265007,-143.54419494516713,Doctor
420.76,51,6581.55,6.393022920132794,2,1,1234.869010817014,137.70621608503671,Retired
408.46,64,3140.79,13.005008294091613,2,0,-2205.898294703892,140.25128589610813,Retired
1162.42,30,10357.26,11.223238578542974,0,2,5013.694495567442,863.0994934296758,Doctor
342.17,21,461.83,74.09003312907348,3,0,-4885.2959561804155,87.13722319180386,Student
580.71,53,5670.0,10.241798941798942,1,1,324.0150541559078,301.5762909414266,Engineer
821.54,79,4040.32,20.3335379375891,2,0,-1304.5931709817296,549.5567727199843,Retired
22.81,62,3634.76,0.6275517503218919,2,0,-1713.5747173525056,-247.6948337154379,Retired
266.57,39,7180.48,3.712425910245555,1,1,1833.116528221367,-19.054770181672353,Engineer
374.61,75,1389.71,26.95598362248239,2,0,-3957.117545043043,114.28720462728626,Retired
339.35,78,5002.7,6.78333699802107,2,1,-344.27809735911796,63.088940712871135,Retired
810.36,20,9239.12,8.77096520014893,3,2,3894.041038192826,515.8664842628435,Student
9.83,24,666.42,1.4750457669337655,3,0,-4681.985667482131,-248.0694723427119,Student
135.57,51,11351.64,1.194276774104887,0,2,6003.680911672064,-167.78992208478212,Doctor
340.05,43,7234.15,4.700621358418059,1,1,1887.1060172142807,54.198169977327154,Engineer
283.45,27,2049.51,13.830135007879928,1,0,-3297.7540556015138,19.91701842863813,Engineer
100.99,68,8865.27,1.139164402212228,0,1,3517.214914808367,-191.7650021855472,Doctor
90.88,18,3908.47,2.3252065386199714,3,0,-1439.6358291608271,-180.8212886935081,Student
655.15,26,5587.44,11.72540555245336,1,1,241.73874014168814,376.3456047154823,Engineer
320.55,50,438.75,73.05982905982906,1,0,-4908.428413790136,65.62912971583,Engineer
41.51,28,609.6,6.8093832020997365,3,0,-4738.674269170797,-215.9994229117122,Student
71.53,68,2393.73,2.9882234002999506,2,0,-2954.3762676066426,-193.64339964873977,Retired
467.13,54,3914.84,11.932288420471846,2,0,-1431.615621763237,195.5604504811132,Retired
235.4,28,818.36,28.76484676670414,3,0,-4529.126555915274,-22.433947185565415,Student
159.32,18,304.44,52.332150834318746,3,0,-5043.4310226937805,-95.60933208659694,Student
50.83,30,9553.42,0.5320607698604268,0,2,4205.091517094353,-244.8915634840035,Doctor
56.89,59,3034.67,1.874668415346644,1,0,-2313.5166162185233,-211.0455278327648,Engineer
20.22,43,5515.32,0.36661517373425295,1,1,166.9266731454709,-258.30928959620604,Engineer
50.4,36,1677.01,3.00534880531422,0,0,-3671.220091226317,-211.7545999115465,Doctor
73.88,53,4055.55,1.82170112561798,2,0,-1292.5839088041143,-198.41209577105485,Retired
119.61,33,9899.94,1.2081891405402456,0,2,4551.906448323666,-177.59199561660574,Doctor
116.58,43,2620.74,4.44836191304746,1,0,-2727.2103438689965,-149.56538649033666,Engineer
1919.11,30,11090.24,17.30449476296275,0,2,5749.916999342861,1616.5143211868108,Doctor
391.96,64,2174.16,18.028112006476064,2,0,-3172.5980562128584,128.0169622730158,Retired
156.26,46,7854.1,1.989534128671649,1,1,2506.265090647892,-132.22187600982218,Engineer
427.0,49,8253.65,5.1734687077838295,1,1,2906.975351166867,136.7960063733331,Engineer
443.68,18,874.15,50.755591145684384,3,0,-4472.498036871147,186.15452825882352,Student
101.76,31,6043.25,1.6838621602614487,0,1,695.183609026717,-179.02567242632654,Doctor
67.57,37,2766.12,2.4427718247942964,1,0,-2582.04721588409,-199.23804714660002,Engineer
326.29,56,8171.26,3.99314181656195,1,1,2824.163554703293,36.45482103835906,Engineer
158.56,33,5401.21,2.9356384958185293,0,1,53.396587452493804,-119.48205241854339,Doctor
56.02,27,3548.02,1.5789087998376559,3,0,-1800.2183964969254,-214.14456544499475,Student
245.67,24,752.25,32.6580259222333,3,0,-4595.2048516960895,-11.777027167182155,Student
152.18,39,2459.84,6.186581241056329,1,0,-2887.963662393389,-113.25059851025179,Engineer
114.35,41,469.12,24.375426330150066,1,0,-4878.857804471851,-142.059389530531,Engineer
373.27,61,8441.61,4.421786839240381,0,1,3094.718717106981,82.28302381526248,Doctor
504.63,60,3806.16,13.258244529919919,1,0,-1540.127236440494,233.5520918597913,Engineer
126.22,46,6133.41,2.0579090587454614,1,1,785.4666734436678,-154.93091904845681,Engineer
820.15,47,8802.97,9.316741963223777,0,1,3457.973464376787,527.5547097019871,Doctor
986.81,68,14881.77,6.630998866398284,0,2,9537.450262523253,668.2417651563186,Doctor
8.37,63,1106.34,0.7565486197733066,2,0,-4242.0246463191,-251.37382732117385,Retired
197.49,53,5005.33,3.9455939967994116,2,1,-342.2868858179245,-78.83256593608462,Retired
637.97,58,7949.03,8.02575911777915,2,1,2603.274847587738,349.06180546755377,Retired
13.52,26,259.77,5.204604072833661,3,0,-5088.6199299268155,-242.53948046600686,Student
432.1,49,2114.3,20.437024074161663,1,0,-3232.308660031492,168.44682729722734,Engineer
375.17,51,5495.3,6.827106800356668,1,1,148.4350753951885,96.76762495763853,Engineer
642.68,50,8461.46,7.59537952079192,0,1,3115.7096347117777,351.56875522640826,Doctor
78.44,52,6870.84,1.1416362482607658,2,1,1522.6910016256297,-205.8446098470792,Retired
139.72,49,5058.83,2.76190344407699,1,1,-289.03932484507095,-136.84398898227724,Engineer
499.99,31,8885.0,5.6273494653911085,1,1,3538.6078851962766,207.06107040210816,Engineer
10.07,24,530.81,1.8971006574857296,3,0,-4817.593838937353,-247.2405443397999,Student
120.62,23,9379.53,1.2859919420269459,3,2,4031.4934142602788,-174.37949413132208,Student
578.49,59,6475.13,8.9340291237396,2,1,1129.1359125044792,295.9027807745539,Retired
119.3,34,319.04,37.393430290872615,1,0,-5028.951115909119,-136.09658946628693,Engineer
280.92,41,5298.85,5.301527689970465,0,1,-48.428779561890224,3.3379102114158172,Doctor
42.42,21,490.57,8.647084004321503,3,0,-4857.711896626715,-214.53774661244879,Student
77.03,67,11310.27,0.681062432638655,0,2,5962.080911136331,-226.1238919582128,Doctor
22.59,62,3988.75,0.5663428392353494,2,0,-1359.5899237141502,-249.42152811536207,Retired
568.76,51,7484.32,7.599354383564573,2,1,2138.2637633007434,281.8375248688201,Retired
25.94,58,4815.11,0.5387208184236706,2,1,-533.2308898698475,-249.59187798028415,Retired
105.94,51,5963.1,1.7765927118445102,1,1,615.0784337030636,-174.48011878082534,Engineer
733.29,52,10427.0,7.032607653208017,0,2,5081.619975495737,433.7674502212079,Doctor
183.67,19,910.26,20.17775141168457,3,0,-4437.4445954557095,-74.7964102739063,Student
278.27,29,6684.34,4.1630138502828995,0,1,1337.0193022324147,-5.24932164027976,Doctor
470.3,40,8524.09,5.517304486461311,0,1,3177.5864836632327,178.92623719931515,Doctor
261.69,53,5126.65,5.104502940516712,2,1,-220.69386534337445,-15.142808154729067,Retired
365.04,22,873.89,41.77184771538752,3,0,-4473.073168771352,107.28972667249764,Student
211.1,57,7059.77,2.9901823997099055,2,1,1712.1936189227235,-73.98657126383878,Retired
21.49,58,11991.24,0.17921415966989235,0,2,6642.7921441761055,-284.5597530229777,Doctor
63.58,18,8086.04,0.7862934143288928,3,1,2737.767872812863,-225.91546430862752,Student
321.86,63,12626.49,2.5490852960719885,0,2,7279.331638091365,13.05107859575611,Doctor
12.11,75,1730.28,0.6998867235360751,2,0,-3618.060410734596,-250.27550999367213,Retired
642.54,44,3143.17,20.4424195955039,1,0,-2202.5501263002925,374.41253720045995,Engineer
210.45,27,1242.49,16.93776207454386,3,0,-4105.085898141915,-49.52721575710311,Student
313.65,55,1886.36,16.627260968213914,2,0,-3460.7411606947962,50.91339615754208,Retired
99.76,26,416.89,23.929573748470823,3,0,-4931.169190310363,-156.45186102593124,Student
115.32,53,5929.08,1.9449897791900261,2,1,581.1013915886178,-164.95228188100194,Retired
33.61,23,479.08,7.0155297653836515,3,0,-4869.233712901819,-223.34085373180787,Student
498.59,33,5862.99,8.504022691493589,0,1,516.6260550109128,218.59721810448883,Doctor
98.81,27,797.1,12.396186174883955,3,0,-4550.942450666059,-159.35807148282893,Student
1.87,65,7287.94,0.025658828146225138,2,1,1939.4748777475788,-284.1711054417282,Retired
78.92,59,5624.86,1.4030571427555532,1,1,276.7373201888531,-200.05149388035494,Engineer
194.29,39,2988.41,6.501450604167433,1,0,-2359.2192102583763,-73.3973442927705,Engineer
28.73,53,2712.96,1.0589909176692618,1,0,-2635.3502547580806,-237.8564835314274,Engineer
105.53,24,1433.66,7.360880543504038,3,0,-3914.3546931261926,-155.50002715794315,Student
737.34,30,7336.56,10.050214269357847,0,1,1991.2005890163846,451.0176105463918,Doctor
237.86,18,475.63,50.009461135756794,3,0,-4871.899440080049,-17.901070014145915,Student
409.61,65,11698.15,3.501493825946838,0,2,6351.382311457651,104.73917371306243,Doctor
75.53,21,1034.35,7.302170445207136,3,0,-4313.792970696495,-183.794254072083,Student
72.75,64,12042.79,0.6040958947220701,0,2,6694.569604876538,-233.52213124743156,Doctor
39.11,26,518.54,7.542330389169592,3,0,-4829.747653753705,-217.99190340735464,Student
729.38,68,9127.65,7.990884838923491,0,2,3782.288142908047,435.4308422813367,Doctor
137.49,34,4471.05,3.0751165833529037,1,1,-876.8419616605106,-136.58270692558835,Engineer
504.71,29,6214.54,8.12143778944218,1,1,868.1934736667217,223.20379489231033,Engineer
371.47,24,1187.04,31.29380644291684,3,0,-4159.874669478101,112.0777468425232,Student
230.32,35,791.46,29.10064943269401,1,0,-4556.039290028784,-27.379061758568355,Engineer
121.71,52,5878.89,2.0702887790041995,2,1,530.938007218153,-158.34924830124007,Retired
98.87,20,533.2,18.542760690172543,3,0,-4814.8610059145485,-158.0025646497955,Student
117.55,24,897.94,13.091075127514088,3,0,-4450.028244174612,-141.0382007865233,Student
244.64,30,9159.56,2.6708706531754802,0,2,3812.0679996803183,-49.43057681056791,Doctor
321.93,45,4392.73,7.32869992009525,1,1,-954.3598520891555,48.246702635807424,Engineer
1092.73,58,1390.98,78.55828264964269,2,0,-3952.8802964260967,833.5872196565884,Retired
283.23,40,2008.77,14.099672934183605,1,0,-3338.478044300845,19.893832789520957,Engineer
346.65,30,6356.96,5.453078200901059,1,1,1009.9367544998377,64.53130850876357,Engineer
381.62,64,6009.12,6.35068029927843,2,1,662.2943640409576,101.03170050933636,Retired
388.65,76,7896.85,4.921582656375643,2,1,2550.0500188092246,100.00494438706278,Retired
29.22,24,1649.43,1.771521070915407,3,0,-3698.9048214255704,-232.85862861711914,Student
46.75,67,2840.43,1.6458775607918519,2,0,-2507.7871915273327,-220.35236336095832,Retired
348.64,57,3274.96,10.645626206121602,2,0,-2071.992228084681,79.8094594545995,Retired
319.17,73,6501.56,4.909129501227397,2,1,1154.473667165309,36.48415824845506,Retired
73.95,26,363.92,20.320400087931414,3,0,-4984.242293258739,-182.1319274851221,Student
389.63,27,9748.48,3.9968282234768906,1,2,4401.599282122351,93.0263922424374,Engineer
217.61,19,1404.53,15.49343908638477,3,0,-3943.024457167153,-43.11164132175307,Student
199.84,21,706.44,28.288318894739824,3,0,-4641.206739569108,-57.52466265269106,Student
56.35,44,5095.73,1.105827820547792,0,1,-252.5023133800396,-220.38854812556013,Doctor
248.95,65,3059.79,8.136179280277405,2,0,-2287.573876362248,-18.98581699496347,Retired
142.58,33,7844.23,1.8176417570621977,1,1,2496.319536483722,-145.87440698277214,Engineer
1020.73,28,1119.61,91.16835326586937,3,0,-4224.623520494199,763.1106214525912,Student
84.34,58,5313.97,1.5871373003611238,2,1,-34.12733612323245,-193.30789639857483,Retired
1607.55,31,6227.99,25.811698477357865,1,1,886.3664065137646,1326.018652672834,Engineer
333.78,60,6810.94,4.900645138556499,2,1,1463.8958573431537,49.75650806271625,Retired
332.59,55,1457.07,22.825945218829567,2,0,-3889.957162085637,71.85350488636868,Retired
236.81,22,813.68,29.103578802477635,3,0,-4533.808983433444,-21.001824554595544,Student
417.8,27,1518.82,27.508197153053032,3,0,-3827.8870279948915,156.86797427712798,Student
319.27,50,10269.78,3.108829984673479,0,2,4922.621465856127,20.482778174762927,Doctor
384.1,42,672.79,57.090622631133044,1,0,-4674.094071549424,127.67341976116433,Engineer
820.62,61,6024.8,13.620701102111274,0,1,679.8491993623275,539.9799517801214,Doctor
474.77,56,2158.59,21.994450080839805,1,0,-3187.8292375417323,210.96387916497468,Engineer
542.72,43,6011.8,9.027579094447587,0,1,665.6365819786706,262.1022344121395,Doctor
79.8,73,6372.58,1.2522400660329096,2,1,1024.4703068725175,-202.33851208121564,Retired
46.24,57,2569.56,1.7995298806021267,1,0,-2778.669258570437,-219.71796571567305,Engineer
327.8,61,10585.48,3.096694717669865,0,2,5238.368781643593,27.67954922678325,Doctor
445.79,52,717.99,62.08860847644117,0,0,-4628.6257167756185,189.3034761109377,Doctor
55.89,72,3689.65,1.5147778244548942,2,0,-1658.53146081278,-214.82480493323988,Retired
158.41,28,1512.16,10.475743307586498,3,0,-3835.628849872592,-102.88047745066348,Student
101.19,64,14389.45,0.7032235422479663,0,2,9041.323011893168,-215.06871228343104,Doctor
827.14,36,9800.21,8.440023223992139,1,2,4455.218508909457,530.2627695430667,Engineer
61.97,74,7014.69,0.8834317696149082,2,1,1666.497516912369,-222.90016502956962,Retired
27.21,79,3520.61,0.7728774274912587,2,0,-1827.6823671712486,-242.78688485499157,Retired
173.74,80,4913.42,3.53602989363824,2,1,-434.26199038070627,-102.16103764022239,Retired
176.11,38,9155.35,1.9235747404523038,1,2,3807.5742647500274,-117.92451529414123,Engineer
88.4,46,2567.53,3.442997744914373,1,0,-2780.535212206859,-177.53271670835176,Engineer
567.92,53,3779.47,15.026445506909699,2,0,-1566.556948025324,296.97121830740514,Retired
138.11,68,4177.65,3.305925580170671,2,1,-1170.1918114002547,-134.66811645748476,Retired
456.93,28,7284.76,6.272409797989227,1,1,1938.1966670708189,170.8392531522229,Engineer
101.42,66,6530.59,1.5529990399029796,2,1,1182.5618201335974,-181.39943347478254,Retired
300.61,44,7895.54,3.807339333345155,0,1,2548.3210588263937,11.938674888272885,Doctor
265.94,54,6781.3,3.9216669370179758,1,1,1433.9579573429946,-17.963266982116693,Engineer
345.54,29,2091.78,16.51894558701202,1,0,-3255.219754816806,81.88147377836088,Engineer
411.52,41,11108.39,3.704587253418362,0,2,5761.6060060723785,109.13300668717852,Doctor
111.21,35,9088.36,1.223653112332698,0,1,3740.30285238761,-182.53497020704935,Doctor
316.37,53,4671.69,6.772067495916896,1,1,-675.4156492805114,41.49628300142342,Engineer
260.63,37,7534.73,3.459048963931024,1,1,2187.334427606407,-26.50808556226309,Engineer
92.36,29,6353.14,1.4537693172195165,1,1,1005.0268887518296,-189.74812437872066,Engineer
262.06,63,13587.52,1.928681613716116,0,2,8240.093057219954,-50.82629958726835,Doctor
64.5,74,1351.24,4.773393327610195,2,0,-3996.8795741536305,-196.17811812303165,Retired
253.55,28,2797.26,9.064227136555058,1,0,-2550.130983263299,-13.288504036210185,Engineer
408.28,21,1222.77,33.38976258822182,3,0,-4123.994646742865,148.77780788464122,Student
175.94,57,3728.04,4.719369963841589,2,0,-1619.650415758319,-94.91485930397502,Retired
199.47,57,6067.44,3.2875479609192673,0,1,719.8255047366001,-81.3837476200255,Doctor
51.07,63,4292.16,1.1898438082457319,2,1,-1056.060821024338,-222.22457593264474,Retired
435.86,56,3801.82,11.464509103534622,2,0,-1544.7655185566214,164.77350238067174,Retired
74.73,64,6353.22,1.1762539310774693,2,1,1005.0770498959628,-207.3369349752383,Retired
182.79,23,1251.85,14.601589647321964,3,0,-4095.8456672624525,-77.2885480985494,Student
628.36,44,11869.71,5.29381088501741,0,2,6523.852610838066,322.68977143199584,Doctor
268.39,29,9409.43,2.8523513113971832,0,2,4062.035670670056,-26.749354789780995,Doctor
362.27,80,6003.59,6.034222856657433,2,1,656.7025718756286,81.72362820378163,Retired
560.15,50,817.83,68.49222943643544,1,0,-4528.309874863261,303.3749660583795,Engineer
351.99,80,3663.64,9.607657957659596,2,0,-1683.2702944114476,81.50225182235107,Retired
132.36,28,319.65,41.40778977006101,3,0,-5028.301463487936,-122.9333228505327,Student
24.77,40,478.23,5.179516132404909,1,0,-4870.095332086573,-232.20737055614683,Engineer
668.67,44,13446.81,4.9727035631499215,0,2,8101.107643130056,356.2672038720441,Doctor
80.24,53,8012.81,1.001396513832226,0,1,2664.6566097646155,-208.90349198288106,Doctor
8.65,68,4201.22,0.20589257406182013,2,1,-1147.1740795714259,-264.2620963170202,Retired
178.91,18,8870.89,2.016821311052217,3,1,3523.103096850681,-113.93747198579507,Student
115.22,27,906.2,12.71463253145001,1,0,-4441.773291063957,-143.40989002632,Engineer
161.63,46,9286.37,1.7405078625986257,0,2,3938.5412283516043,-132.95094753282046,Doctor
542.75,70,2224.08,24.403348800402863,2,0,-3122.0337078427883,278.723058533486,Retired
317.47,67,14639.28,2.1686175822854676,0,2,9292.083798402444,0.09922730219042819,Doctor
280.99,45,9733.59,2.886807436927177,1,2,4386.266694809897,-15.512992225944373,Engineer
24.19,29,2756.2,0.8776576445831219,1,0,-2592.161420395713,-242.61232672579925,Engineer
586.85,36,6655.15,8.817983065746077,0,1,1309.1602627977072,303.46271178671736,Doctor
372.41,55,3233.87,11.515923645662937,2,0,-2112.983622888622,103.76687640664454,Retired
63.17,20,1676.57,3.7678116630978726,3,0,-3671.6281302493717,-198.984911173848,Student
383.69,54,8371.11,4.583502068423423,1,1,3024.25484306174,92.9945378131373,Engineer
247.17,65,2611.64,9.464168108927723,2,0,-2735.72879372683,-18.82041217638212,Retired
48.78,18,552.06,8.835996087381808,3,0,-4796.199546605091,-208.44001156386403,Student
4.15,60,6017.36,0.06896712179427524,2,1,668.9138181364196,-276.4949740251117,Retired
60.99,34,7281.46,0.8376067437024992,1,1,1933.207898427966,-225.06307088517676,Engineer
408.19,26,6847.47,5.961179822620617,1,1,1500.6998556799444,123.9686115681605,Engineer
524.6,58,13017.7,4.029897754595666,0,2,7671.401753710951,214.0749064731707,Doctor
108.96,26,7597.66,1.4341257703029617,3,1,2249.598807075793,-178.4507188519648,Student
70.03,63,7330.31,0.9553484095488458,2,1,1982.1338228370169,-216.19664130198166,Retired
124.84,52,6711.78,1.8600132900661228,2,1,1363.8316325188216,-158.76788889710218,Retired
324.04,54,2248.06,14.414206026529541,2,0,-3098.9974778933242,59.69428351566154,Retired
39.69,70,3524.68,1.1260596706651385,2,0,-1823.571105586498,-230.3300776386569,Retired
157.7,58,8332.58,1.8925710884263935,1,1,2984.7612909584504,-132.80530117768689,Engineer
81.27,22,1814.48,4.478969181253031,3,0,-3533.6406312499557,-181.45590058827753,Student
193.82,37,3886.77,4.9866598743944195,1,0,-1460.8718036808727,-77.7337186643341,Engineer
16.73,79,7591.13,0.2203887958709705,2,1,2242.743149613011,-270.5842761740942,Retired
474.05,57,1484.31,31.93739852187212,2,0,-3862.1237705835647,213.40641341111416,Retired
39.21,66,9385.57,0.41776897940135765,0,2,4037.2408462955655,-255.75311784041367,Doctor
637.75,79,4202.92,15.17397428454503,2,1,-1142.7772132939044,365.00508419932135,Retired
153.59,66,4813.12,3.191069410278572,2,1,-534.6652814082436,-121.90252684884703,Retired
186.6,18,9716.68,1.9204090285982454,3,2,4368.915994891365,-109.84962886324848,Student
644.08,24,1980.62,32.51911017762115,3,0,-3365.1310355653077,381.228023418641,Student
226.66,41,10216.25,2.218622292915698,0,2,4868.682695272882,-71.89526258007007,Doctor
305.0,22,944.83,32.280939428256936,3,0,-4402.373113977373,46.69409804253428,Student
233.1,42,7469.2,3.1208161516628286,0,1,2121.6939265909614,-53.751221586064986,Doctor
793.13,68,13389.16,5.923672582895416,0,2,8044.02470553769,480.97337910887563,Doctor
224.19,52,8475.47,2.6451630411056852,0,1,3127.9271147279987,-66.93749777700384,Doctor
214.83,23,991.69,21.663019693654267,3,0,-4355.879063876478,-43.947823243536675,Student
163.46,63,6953.8,2.3506571946273978,2,1,1606.0286130017785,-121.16646442811071,Retired
194.99,34,1370.03,14.232535053976921,1,0,-3977.5989339226007,-65.59429079866672,Engineer
23.4,46,14851.28,0.15756217645886414,0,2,9502.789280960427,-294.8249884640522,Doctor
227.5,34,11505.35,1.9773409761545715,0,2,6157.761688495489,-76.5517263407396,Doctor
259.9,26,914.28,28.42674016712604,3,0,-4433.103959378524,1.6348801477520283,Student
59.51,36,9955.88,0.5977372165996376,0,2,4607.591694536485,-237.91738887989982,Doctor
50.63,64,4732.81,1.0697661642871783,2,1,-615.416617066855,-224.54015264766434,Retired
112.94,73,3807.84,2.9659859657968823,2,0,-1540.0985516332958,-158.25869098835864,Retired
11.81,21,320.25,3.6877439500390325,3,0,-5028.151415247734,-244.55671549550593,Student
329.14,55,12033.92,2.7351021113652076,0,2,6686.789519900301,22.843064501565664,Doctor
154.24,61,6109.55,2.5245721861675574,2,1,761.7463137807881,-126.79026516433237,Retired
233.44,20,1691.88,13.797668865404164,3,0,-3655.604853349635,-28.55939235529314,Student
141.8,18,1697.67,8.352624479433576,3,0,-3650.2014358230576,-120.34651989592822,Student
209.03,55,8359.5,2.5005084036126566,1,1,3011.8971895551194,-81.59833185125666,Engineer
1137.63,26,1629.12,69.8309516794343,3,0,-3714.5733005161355,877.1581370872549,Student
261.14,42,6100.08,4.280927463246384,1,1,752.7092226458581,-19.86862820003921,Engineer
101.81,45,13872.03,0.7339228649303671,0,2,8523.887154423566,-212.2709821766396,Doctor
98.71,32,10095.23,0.9777885199247565,0,2,4747.103040771116,-199.32092035287855,Doctor
87.38,21,1504.99,5.8060186446421564,3,0,-3843.1045365064247,-173.9947624579632,Student
83.39,32,13182.11,0.6325997886529546,0,2,7833.879429342008,-227.7680827100626,Doctor
267.55,46,4330.04,6.178926753563477,1,1,-1017.2799452441877,-5.875252546471103,Engineer
870.05,29,905.25,96.11157138911902,0,0,-4439.639397169921,613.5568802158472,Doctor
154.32,38,6972.5,2.2132664037289347,1,1,1624.6566991138816,-130.4158390163127,Engineer
164.51,78,3553.69,4.62927267150483,2,0,-1794.0198780880637,-105.57607015092026,Retired
758.12,69,6164.65,12.297859570291907,2,1,819.4407087261252,476.8838376810171,Retired
103.76,28,9626.14,1.0778983060707616,1,2,4278.034996669662,-192.28064295394125,Engineer
583.92,55,6364.14,9.175159565942922,1,1,1018.16516225951,301.80454946756765,Engineer
204.06,77,4351.83,4.689061842948829,2,1,-995.7205830704288,-69.43648553864892,Retired
53.51,56,5773.5,0.9268208192604139,2,1,425.26273845832475,-226.09970427803827,Retired
1108.46,30,9257.04,11.97423798536033,1,2,3913.2535711858263,813.8634825099108,Engineer
52.95,68,6335.58,0.8357561580786605,2,1,987.3492625575655,-229.03748274481072,Retired
120.17,49,5403.79,2.2238095854946254,0,1,55.83338704595553,-157.8677787744255,Doctor
220.8,31,8135.31,2.7140944844142387,1,1,2787.7288688327135,-68.90281795223041,Engineer
119.01,45,9798.26,1.2146034091767315,0,2,4450.240818952082,-177.74490887825152,Doctor
858.88,60,7015.46,12.242675462478584,1,1,1670.6633719267538,573.9690904763196,Engineer
11.46,41,2356.71,0.48627111524116245,1,0,-2991.6848527771836,-253.63544832981785,Engineer
61.37,75,4294.44,1.4290571063980402,2,1,-1053.7212050429735,-211.9174645114369,Retired
103.08,49,9251.38,1.1142121499711395,1,2,3903.304127314911,-191.34088809041842,Engineer
1.21,55,7542.74,0.016041915802480267,2,1,2194.255799834499,-285.92631954040303,Retired
425.18,26,9880.71,4.303132062372036,1,2,4533.979053615315,128.00616772057617,Engineer
60.96,52,6189.24,0.9849351455105959,2,1,841.0243671071348,-220.42361032641975,Retired
64.21,51,12540.18,0.5120341175326031,0,2,7191.899772002748,-244.1912070072585,Doctor
523.02,53,4586.11,11.404436439596957,2,1,-760.1130289270986,248.55470806939422,Retired
50.26,65,1519.38,3.3079282338848737,2,0,-3828.811793470906,-211.1807132464724,Retired
110.08,19,1447.26,7.6060970385417965,3,0,-3900.742295219569,-151.00860112703032,Student
54.47,23,1131.42,4.814304148768803,3,0,-4216.807178930948,-205.328760937252,Student
79.76,68,10278.75,0.7759698406907456,0,2,4930.58657879248,-219.005624648046,Doctor
16.79,30,535.15,3.137438101466879,0,0,-4813.219071372849,-240.4982107926094,Doctor
68.62,29,13891.47,0.49397220020631377,0,2,8543.163285688606,-245.5549843644666,Doctor
157.16,20,1545.77,10.167101185816778,3,0,-3802.034485280087,-104.29150374603927,Student
643.38,18,1046.74,61.46512027819707,3,0,-4299.071175874881,385.34831024170535,Student
328.34,42,2840.45,11.559436004858386,1,0,-2506.605786396293,61.37495893231045,Engineer
72.68,69,6216.77,1.1690958488089476,2,1,868.6264587940477,-208.800140231337,Retired
354.76,51,10141.92,3.497956994336378,0,2,4794.916645729542,56.51318891869556,Doctor
793.88,22,1404.06,56.541743230346285,3,0,-3941.0907600949204,534.1208152724663,Student
29.22,27,7795.79,0.3748176900609175,1,1,2447.386276776697,-259.02756626226665,Engineer
653.97,37,3886.65,16.826058430782293,1,0,-1459.0315942373581,382.56112371095287,Engineer
366.43,21,1560.45,23.48232881540581,3,0,-3786.478549656109,105.21766361639936,Student
120.86,33,13566.58,0.8908656418935355,0,2,8218.50707822981,-191.9405926374017,Doctor
233.74,72,4749.54,4.921318696126361,2,1,-597.8945060311489,-41.45973460681236,Retired
471.84,18,1044.33,45.18112091005717,3,0,-4302.186947267494,213.4134003484063,Student
213.4,73,2012.24,10.605096807537869,2,0,-3335.258973929025,-49.98362107165923,Retired
254.21,48,2487.2,10.220730138308138,1,0,-2860.1605371354776,-11.252458506313332,Engineer
577.73,37,14977.99,3.857193121373429,0,2,9631.86953474562,258.81677398146246,Doctor
170.26,27,1969.48,8.644921502122386,3,0,-3378.2608566751383,-93.03545680805763,Student
337.73,78,7001.2,4.823887333599955,2,1,1654.1942707318867,52.915086989143276,Retired
330.61,64,2525.25,13.092169092169092,2,0,-2821.7666968370636,65.05569044900949,Retired
132.33,35,7457.94,1.7743505579288654,1,1,2109.9928137933384,-154.47640375501265,Engineer
672.74,46,5386.52,12.48932520439913,1,1,40.92169525194822,394.8284407880532,Engineer
74.04,18,1690.23,4.380468930263929,3,0,-3657.925312622986,-188.16211068368227,Student
197.18,28,3114.92,6.330178624170123,1,0,-2232.7123535848614,-71.06470575766724,Engineer
21.15,70,3466.74,0.6100832482389795,2,0,-1881.5892849959305,-248.63071519520716,Retired
218.37,62,9942.24,2.19638632742722,0,2,4594.667871087054,-78.99216876634148,Doctor
590.01,29,9791.74,6.02558891473834,0,2,4445.72173578646,293.1951329047431,Doctor
697.82,44,6824.0,10.22596717467761,1,1,1478.4942182805826,413.71640817695004,Engineer
302.76,38,8583.39,3.5272776839919895,1,1,3236.1643498773965,11.147902249014408,Engineer
148.0,20,1488.65,9.94189366204279,3,0,-3859.1928205608237,-113.21122237320924,Student
22.26,19,5583.88,0.3986475354054887,3,1,235.46274378242288,-256.58935428008385,Student
0.86,25,1357.22,0.06336481926290505,3,0,-3991.228646833602,-260.01296611923186,Student
757.1,65,10553.23,7.174106884811569,0,2,5207.967852734216,457.0498422117722,Doctor
38.81,25,1619.6,2.396270684119536,3,0,-3728.693084127674,-223.12641562479257,Student
76.51,49,9475.4,0.8074593157017119,1,2,4127.2073732366525,-218.86048337303495,Engineer
32.46,31,8656.18,0.37499220210300616,0,1,3307.785025043878,-259.4421923651148,Doctor
20.64,22,949.38,2.1740504329141124,3,0,-4398.986626785072,-238.4490126127603,Student
662.11,23,1996.38,33.16552960859155,3,0,-3349.296117230895,399.2008829709408,Student
288.77,55,8836.51,3.2679191219157784,1,1,3489.2436655176034,-3.8993310932118277,Engineer
35.05,30,14330.47,0.2445837435897078,0,2,8982.014858797738,-280.98253467334507,Doctor
214.73,46,5368.42,3.9998733333084964,0,1,20.864096933079054,-63.15077223036428,Doctor
25.38,57,8616.05,0.29456653570951885,1,1,3267.658998420632,-266.31969595645944,Engineer
617.66,41,5906.58,10.457151177161741,1,1,560.7353602063149,337.4959625068044,Engineer
446.39,63,7863.6,5.676662088610814,2,1,2517.0309125334143,157.86726135079033,Retired
377.92,33,2254.71,16.761357336420204,1,0,-3092.147357859145,113.5662315884561,Engineer
11.04,30,6983.04,0.1580973329667308,1,1,1634.5723017121336,-273.7468637554625,Engineer
275.46,36,9697.75,2.8404526823232192,0,2,4350.391789179087,-20.900296528062484,Doctor
179.76,78,5909.52,3.0418714210291187,2,1,561.8500580798973,-100.39564887913352,Retired
32.34,44,7847.62,0.4120994645510359,0,1,2499.2514694938864,-256.1079315165975,Doctor
273.92,79,4543.56,6.028752784160438,2,1,-803.6917788515839,-0.38086897173113243,Retired
375.45,19,1307.23,28.7210360839332,3,0,-4039.6701287299743,115.46285362542312,Student
388.98,23,1819.91,21.37358440802018,3,0,-3526.9174328277195,126.59444767926146,Student
492.84,25,577.67,85.31514532518565,3,0,-4768.825753846017,237.58427710458477,Student
148.85,57,7802.36,1.9077561148165427,0,1,2454.5085339693696,-139.39789204366656,Doctor
119.95,62,2596.61,4.619484635736595,2,0,-2751.3011817700576,-146.06651241219646,Retired
391.66,50,2406.31,16.276373368352377,1,0,-2940.4666827799906,126.66150991054002,Engineer
185.99,41,402.45,46.21443657597217,1,0,-4945.263821290347,-69.52161993682299,Engineer
322.48,27,1238.43,26.03942087966215,3,0,-4108.681678266473,62.73926624553616,Student
20.27,18,796.35,2.545363219689835,3,0,-4552.022344876178,-238.16203176613993,Student
280.61,47,7888.76,3.557086284790005,1,1,2541.4591229317884,-8.027335992946092,Engineer
199.02,61,4658.89,4.271832990261629,2,1,-688.7062035209728,-75.81115387915798,Retired
104.23,63,5009.29,2.0807339962349953,2,1,-338.7122459637012,-172.11088038842246,Retired
353.59,52,1822.34,19.403075167092858,2,0,-3524.597828054196,91.18626341158324,Retired
55.86,39,5346.46,1.0448034774411479,1,1,-1.78414636191701,-221.9520535236601,Engineer
10.77,31,10704.95,0.10060766281019527,0,2,5356.436646719841,-289.84090251116686,Doctor
95.55,33,2434.74,3.924443677764361,1,0,-2913.3107557263957,-169.82264747446507,Engineer
477.07,27,6568.07,7.263473135944045,1,1,1221.5990386575468,194.04536486531617,Engineer
9.1,52,2791.45,0.32599545039316485,2,0,-2556.945873965154,-257.8342516791102,Retired
21.41,57,658.91,3.24930567148776,0,0,-4689.405555567973,-236.37087218515245,Doctor
278.28,28,1346.88,20.66108339272986,3,0,-4000.411088209118,17.939992328110407,Student
388.1,73,3022.12,12.841978478683838,2,0,-2324.6425304138584,120.41085598500928,Retired
215.39,27,1582.55,13.610312470380082,3,0,-3765.001807082446,-46.13367539219945,Student
194.37,66,14395.88,1.3501779675851704,0,2,9048.156170521783,-121.93624584484186,Doctor
37.7,20,1741.1,2.1652978002412273,3,0,-3607.2054395867144,-224.76528380493295,Student
19.59,64,1061.69,1.845171377709124,2,0,-4286.626668477301,-239.93560733808383,Retired
81.35,41,7192.45,1.1310471397090005,1,1,1844.2953834746522,-204.316716758129,Engineer
314.54,58,9923.45,3.1696637762068636,1,2,4576.285505020384,17.23869959708577,Engineer
466.64,58,10915.11,4.275174505799758,0,2,5568.58724936011,165.08724491540562,Doctor
397.01,22,719.52,55.177062486101846,3,0,-4627.331510625034,140.29848801134568,Student
472.48,55,7128.82,6.627744844167759,1,1,1782.3602887581765,187.0880413966571,Engineer
67.15,59,9028.49,0.7437567079323343,0,1,3680.2759530028698,-226.30622865326748,Doctor
102.67,79,4656.94,2.2046665836364654,2,1,-691.0439204086424,-172.14938765401183,Retired
460.09,35,6990.64,6.5815147110994126,0,1,1644.1026534531948,175.26576688604985,Doctor
453.49,66,6366.43,7.123144368193792,0,1,1019.9113677633422,171.375609764226,Doctor
267.17,26,1382.62,19.323458361661196,3,0,-3964.7192671875264,6.641038751925294,Student
111.26,66,14350.11,0.7753250671946069,0,2,9002.029408617396,-204.83144568788703,Doctor
121.17,68,12990.77,0.9327391678861221,0,2,7642.7512905448375,-189.13962935721105,Doctor
213.28,51,4835.91,4.410338488516122,2,1,-511.6402640591232,-62.31798630835175,Retired
187.88,60,2154.58,8.720028961560953,1,0,-3193.0436974113736,-76.1687036166447,Engineer
471.88,34,14833.34,3.181212053387841,0,2,9486.76218179748,153.60556796225137,Doctor
83.79,57,5061.3,1.6555035267618992,1,1,-286.79783745387886,-192.78262885739804,Engineer
212.14,72,7225.06,2.9361693882126927,2,1,1877.5058119499454,-73.63344071223554,Retired
99.16,79,2607.58,3.802759646875647,2,0,-2740.397029752228,-166.89770172068552,Retired
839.33,60,11538.97,7.273872798005368,0,2,6194.043623639906,535.0491369364258,Doctor
29.91,76,2834.84,1.0550860013263534,2,0,-2513.436743975191,-237.16778846273832,Retired
4.24,38,7822.73,0.0542010270071957,1,1,2474.233256230543,-284.10725958396165,Engineer
50.29,58,7604.9,0.6612841720469698,0,1,2256.6297209973036,-237.10994929649644,Doctor
135.85,57,1480.39,9.17663588648937,2,0,-3867.454883712887,-125.2991349109131,Retired
368.53,68,13696.31,2.690724728047189,0,2,8349.345967066405,55.16202374954787,Doctor
17.95,64,12344.9,0.14540417500344271,0,2,6996.440418166961,-289.5955775735843,Doctor
127.8,31,8630.99,1.4807107875226366,1,1,3283.0041168672296,-164.00504342558884,Engineer
16.73,45,2202.62,0.7595499904658998,1,0,-3145.7455455643085,-247.69983029488978,Engineer
317.12,44,14409.74,2.2007336704201466,0,2,9062.514948979922,0.6987386578527435,Doctor
476.63,79,4894.25,9.73857077182408,2,1,-452.1394282800229,200.85719248202872,Retired
156.58,24,8981.61,1.7433400025162527,3,1,3633.73382437089,-136.7291200833409,Student
55.12,34,3791.99,1.4535903311981309,1,0,-1556.2454850044928,-216.07679917129406,Engineer
15.74,27,690.16,2.280630578416599,3,0,-4658.218230732567,-242.2356206903547,Student
353.68,70,6777.12,5.218735982246146,2,1,1430.1745505133995,69.81274312523692,Retired
297.15,76,5449.37,5.4529239159756075,2,1,102.20449461507178,18.967065349393522,Retired
647.85,36,13779.97,4.701389045114031,0,2,8434.16379273895,334.0225171571627,Doctor
75.04,49,9648.6,0.7777294115208424,1,2,4300.398948187846,-221.0670611786973,Engineer
273.92,28,1029.15,26.61613953262401,3,0,-4318.168476167145,15.109030947007739,Student
215.8,51,3656.62,5.901624997948926,2,0,-1690.907915596908,-54.741247319480806,Retired
963.77,41,6710.51,14.362097664708045,1,1,1366.1403136978843,680.1486301433836,Engineer
420.6,26,1778.75,23.64581869290232,3,0,-3567.9413612530298,158.44611607561131,Student
688.36,23,5191.13,13.26031133876439,3,1,-154.43062320675017,411.26753867046114,Student
285.18,55,14847.97,1.9206665961744265,0,2,9500.61672185623,-33.085228051145265,Doctor
213.55,63,5238.37,4.076649797551529,0,1,-109.16728397814313,-63.754754546916786,Doctor
463.11,51,10238.82,4.523079808024753,0,2,4892.280713360756,164.433033122614,Doctor
150.03,73,7491.42,2.0026910785939114,2,1,2143.597840023738,-136.87448085731407,Retired
428.61,51,2116.36,20.252225519287833,2,0,-3230.260928149125,164.94658108239673,Retired
309.56,58,972.04,31.846426073001112,0,0,-4375.095146290962,51.16643822555932,Doctor
377.08,26,6430.86,5.8636014467738375,3,1,1083.9606260159007,94.64092414764104,Student
77.25,68,14077.97,0.5487296819072636,0,2,8729.749156045677,-237.67353234522085,Doctor
146.92,64,3990.6,3.681651881922518,2,0,-1357.207514674239,-125.06048136513311,Retired
126.6,22,961.65,13.16487287474653,3,0,-4386.2827656552645,-132.26332132350342,Student
101.34,24,703.26,14.410033273611466,3,0,-4644.778534166643,-156.37422257371077,Student
184.97,58,1156.67,15.991596566004132,0,0,-4190.971594433156,-74.62199432895247,Doctor
451.15,46,1356.47,33.25912110109328,1,0,-3990.077964671545,191.08612922927875,Engineer
516.47,25,1305.06,39.57442569690283,3,0,-4041.246694405697,256.75733389892423,Student
353.69,59,9500.79,3.7227430561037558,1,2,4153.7997821464605,58.18565998680475,Engineer
66.69,25,1210.33,5.510067502251452,3,0,-4137.844282933278,-193.4267350614272,Student
95.75,31,337.62,28.360286712872462,1,0,-5010.45788449737,-159.98598958798215,Engineer
43.91,27,1806.68,2.4304248677131532,3,0,-3541.5908536008055,-218.82066615021202,Student
98.03,54,6323.45,1.5502613288631997,1,1,975.3942490337331,-183.92171125835378,Engineer
617.66,42,7155.95,8.63141860968844,1,1,1810.0950270404528,332.1314466969508,Engineer
888.57,62,7896.14,11.253219927711514,2,1,2551.4650476270526,599.8747310688866,Retired
107.48,22,591.23,18.179050454137986,3,0,-4756.791198119627,-149.6515102324314,Student
36.57,62,2583.07,1.4157572191229815,2,0,-2765.193982764815,-229.4464283392091,Retired
84.89,37,4735.61,1.7925884944072676,1,1,-612.5055327055588,-190.31829581243818,Engineer
832.3,69,6617.52,12.577219260387576,2,1,1272.6245236228133,549.113513696392,Retired
180.65,22,816.01,22.138209090574872,3,0,-4531.706648058524,-77.3527438276576,Student
7.76,52,7393.11,0.10496259354994043,2,1,2044.651795433867,-278.74405688243627,Retired
109.3,56,13510.11,0.8090237607243761,0,2,8162.018195984653,-203.23027568878052,Doctor
230.08,79,4466.1,5.151698349790645,2,1,-881.3381019265244,-43.89787329796326,Retired
361.92,54,7474.31,4.842186101459533,2,1,2127.3713008915665,75.05470103815827,Retired
71.29,68,7225.63,0.9866267716448255,2,1,1877.467036689538,-214.48526093283442,Retired
122.45,46,7255.49,1.6876875304080083,0,1,1907.5174790739866,-163.4807175949417,Doctor
642.53,65,11417.91,5.627387148786424,0,2,6072.1461342664725,338.809207605639,Doctor
62.86,25,1040.43,6.041732745115,3,0,-4307.759817910881,-196.5169565269757,Student
175.21,69,6039.04,2.9012889465875373,0,1,691.3377232861521,-105.50923468857738,Doctor
168.0,32,3498.58,4.801948218991706,1,0,-1849.1745404476042,-101.90321337964284,Engineer
11.46,67,6628.75,0.1728832736187064,2,1,1280.3367257796835,-271.77612074260196,Retired
382.07,62,10156.09,3.761979265642585,0,2,4809.218134125503,83.77167098060914,Doctor
13.48,18,521.88,2.582969264965126,3,0,-4826.518315349332,-243.7809738550308,Student
65.32,28,9165.02,0.7127098467870228,3,2,3816.7552592368675,-228.75373488448855,Student
83.07,27,6704.76,1.2389705224348073,1,1,1356.6002877197343,-200.5376160320822,Engineer
730.1,77,6384.05,11.436313938643965,2,1,1038.7293977039772,447.92767089673214,Retired
85.31,62,6095.65,1.3995226103860952,2,1,747.5527953535466,-195.66240129488602,Retired
726.61,18,1008.76,72.03001705063643,3,0,-4336.713854380373,469.01521220252437,Student
130.4,45,4381.24,2.9763263368361472,1,1,-966.6668242948999,-143.27748712672116,Engineer
68.1,20,1382.8,4.924790280590107,3,0,-3965.3756539802753,-192.77391688238936,Student
65.26,26,7380.63,0.8842063617875439,3,1,2032.3841296991222,-221.2247240515646,Student
191.62,63,1981.67,9.66962208642206,0,0,-3365.933294352203,-71.66359297275963,Doctor
212.88,39,7036.72,3.025273138621403,0,1,1689.1283283969424,-72.12989760155693,Doctor
88.38,30,3707.82,2.3836108548958688,1,0,-1640.2781504221439,-182.45110093345895,Engineer
48.77,42,2040.16,2.390498784409066,1,0,-3308.0726677872985,-214.9387957653434,Engineer
390.09,26,2617.23,14.904689308925848,1,0,-2729.584611642607,124.12621528268483,Engineer
48.29,37,8883.4,0.5435981718711305,1,1,3535.0778086523433,-244.57311549895493,Engineer
333.83,63,1660.66,20.102248503606997,2,0,-3686.348135748266,72.15633078897321,Retired
1074.29,67,2011.6,53.40475243587194,2,0,-3332.282887293084,811.7831618168576,Retired
100.27,79,4309.9,2.326504095222627,2,1,-1038.0902302773393,-173.06927299784698,Retired
44.54,31,362.4,12.290286975717441,1,0,-4985.865338036898,-211.75405885025518,Engineer
82.17,28,1913.06,4.295212904979457,3,0,-3435.049727499496,-180.97368467677785,Student
447.42,32,6133.22,7.295026103743221,1,1,786.6329967609781,166.26430892877698,Engineer
590.26,25,1068.28,55.253304377129595,3,0,-4277.738381905296,331.9850264712244,Student
192.73,71,2037.75,9.457980615875353,2,0,-3309.8386684536777,-70.78916123448337,Retired
146.01,26,221.79,65.83254429866089,3,0,-5126.155316302206,-108.15283028785046,Student
136.05,24,1127.54,12.066090781701758,3,0,-4220.3491255984345,-123.5529650480378,Student
11.57,56,2061.61,0.5612118683941191,2,0,-3286.7614324602914,-252.2507168221295,Retired
102.34,51,9326.28,1.0973292674035093,0,2,3978.202855085651,-192.3971314347085,Doctor
7.82,36,2240.49,0.3490307923713117,1,0,-3107.9253743286868,-256.7897472394223,Engineer
79.43,74,6579.37,1.2072584457174473,2,1,1231.2575524989497,-203.58764639759508,Retired
386.97,58,1876.35,20.623551043248863,2,0,-3470.4392043569196,124.36498372176072,Retired
51.22,23,1664.59,3.077033984344493,3,0,-3683.6541542437053,-210.89548788789645,Student
256.05,54,6910.18,3.7054027536185745,2,1,1562.7939556311694,-28.403140231567193,Retired
7.79,34,1319.85,0.5902185854453158,0,0,-4028.557028861429,-252.90093133730926,Doctor
233.71,63,6095.5,3.8341399392994835,0,1,748.039576279316,-47.25503284353826,Doctor
176.37,55,2420.86,7.285427492709203,2,0,-2926.8203766146635,-88.85404005597621,Retired
122.63,21,359.06,34.15306633988748,3,0,-4988.927845794036,-133.0496111965767,Student
86.41,75,3128.71,2.7618411421959848,2,0,-2219.3315400258807,-181.8931537920116,Retired
21.57,54,7587.48,0.2842841101393348,2,1,2239.08120554762,-265.7589051061122,Retired
82.67,26,290.59,28.44901751608796,3,0,-5057.5508502103485,-172.86347392602846,Student
451.35,47,7707.96,5.85563495399561,1,1,2361.3931058485523,163.4728916090083,Engineer
299.42,63,4735.41,6.3230005427196385,2,1,-611.7557173610758,24.281655710277334,Retired
543.47,18,6165.03,8.81536667299267,3,1,818.8350485401461,262.1643794426035,Student
346.76,21,1637.75,21.172950694550448,3,0,-3709.259510377591,85.15947935767696,Student
47.48,24,585.52,8.10903128842738,3,0,-4762.736185192935,-209.8960323117733,Student
64.92,58,5481.76,1.1842911765564343,1,1,133.5778474716335,-213.44450661232318,Engineer
350.72,28,1982.9,17.687225780422615,3,0,-3364.0802117248522,87.55549752047955,Student
3.8,65,5766.96,0.06589260199481183,0,1,418.52235185591326,-275.7744215166679,Doctor
22.54,26,7139.11,0.3157256296653224,1,1,1790.6844102451196,-262.9156566168651,Engineer
767.14,62,4732.57,16.209797213776024,2,1,-612.6000228541534,492.09568180088183,Retired
167.47,35,2293.13,7.303118445094696,1,0,-3054.613219850264,-97.23041370312069,Engineer
43.65,30,2870.67,1.5205509515200284,1,0,-2477.608929849068,-223.62748596088568,Engineer
391.08,56,6885.16,5.680042293860999,2,1,1538.3552547746858,106.73358866332097,Retired
390.77,44,5500.56,7.1041857556321535,0,1,153.7527545439707,112.33808362855234,Doctor
508.16,39,5609.44,9.059014803616762,1,1,263.126977598401,229.26451922363248,Engineer
36.76,65,1228.93,2.991220004394066,2,0,-4119.315768290414,-223.44919860285685,Retired
362.09,32,6590.28,5.494303732163125,1,1,1243.3230040884173,78.97604759118309,Engineer
42.58,30,13485.0,0.3157582499073044,0,2,8136.587669023987,-269.859302317084,Doctor
122.35,53,6472.5,1.8903051371185784,2,1,1124.5451010381466,-160.23738820174069,Retired
248.66,28,2571.39,9.670256164953587,1,0,-2776.020553910644,-17.198094334058112,Engineer
461.25,54,676.1,68.22215648572696,0,0,-4670.458775102477,205.1185820378057,Doctor
61.77,56,12352.2,0.500072861514548,0,2,7003.918146987157,-245.8253010135941,Doctor
268.92,29,8765.38,3.0679787984091966,1,1,3417.9952897904413,-23.47501559845597,Engineer
303.97,24,1590.88,19.1070351000704,3,0,-3756.305255987293,42.53034740625333,Student
219.02,54,7375.73,2.969468784784693,1,1,2028.1801803647295,-67.41764249580584,Engineer
125.14,20,1845.18,6.781994168590598,3,0,-3502.7592151000244,-137.67029295571274,Student
47.6,53,1382.51,3.4430130704298705,1,0,-3965.707375644904,-213.26799006206855,Engineer
592.82,74,7508.98,7.8948139427725215,2,1,2163.056747834391,305.81813280503866,Retired
372.5,22,3901.82,9.546826865411525,3,0,-1445.0807759231952,100.91937742889701,Student
4.72,32,4792.01,0.09849729028111377,1,1,-556.4550720032848,-270.74828842469515,Engineer
144.93,42,6887.52,2.104240713638581,1,1,1539.6427101876398,-139.43879031546342,Engineer
316.56,28,8643.51,3.6624010384670114,1,1,3296.329760390009,24.678173697026125,Engineer
9.18,22,887.32,1.0345760266871027,3,0,-4461.09290159118,-249.67376006920728,Student
421.25,25,7174.69,5.87133381372575,3,1,1827.9706340516623,135.6277964877649,Student
185.71,48,2679.91,6.9297103260930415,1,0,-2667.7415176714117,-80.63849058693168,Engineer
1432.02,60,4315.07,33.186483649164444,2,1,-1027.2648510410027,1158.952976656737,Retired
26.27,45,8853.93,0.29670440132235065,1,1,3505.5241733684534,-266.4557109568549,Engineer
297.03,61,1088.62,27.285003031360805,2,0,-4258.557518208929,38.01504194977838,Retired
341.67,53,1442.29,23.68941059010324,2,0,-3904.7022412770693,81.01544284153397,Retired
99.52,52,3798.09,2.620264396051699,1,0,-1549.9329015683925,-171.6665811021595,Engineer
881.1,28,9951.68,8.853781472073056,3,2,4606.90768356066,583.5573753494093,Student
139.69,52,9567.94,1.4599798911782473,1,2,4220.0213424423555,-156.0793152732208,Engineer
42.72,37,2669.66,1.6002037712667532,1,0,-2678.611453031127,-223.6917582230005,Engineer
112.72,31,9630.0,1.1705088265835928,0,2,4281.937529766402,-183.33477013036173,Doctor
568.88,19,1307.86,43.497010383374366,3,0,-4038.236732297454,309.24089071684546,Student
189.03,28,1916.46,9.863498325036787,3,0,-3431.200477494907,-74.01118708689813,Student
189.08,68,10790.8,1.7522333839937727,0,2,5443.099790006073,-111.8826627939035,Doctor
958.9,31,9977.49,9.610633536089738,1,2,4633.055718819841,661.2387267155151,Engineer
409.59,35,14563.02,2.8125347627071853,0,2,9216.178895768116,92.48300994297227,Doctor
349.34,28,614.14,56.88279545380532,3,0,-4732.911582228941,93.15551700849716,Student
283.15,24,603.79,46.89544378012223,3,0,-4743.531245608592,26.738772307765146,Student
151.82,51,2197.12,6.909954849985435,2,0,-3150.6679618125604,-112.45771091353188,Retired
438.59,37,8994.39,4.87626175871849,1,1,3647.7410847017773,145.208439591437,Engineer
590.57,79,3224.6,18.31451963034175,2,0,-2121.295227195053,322.0984802561702,Retired
63.74,63,4336.4,1.469882852135412,2,1,-1011.767299233139,-209.74004742505193,Retired
77.02,59,800.83,9.617521821110596,0,0,-4547.258177096205,-181.1982679611449,Doctor
501.15,47,8821.84,5.680787681481414,1,1,3475.47450995515,208.50977294144508,Engineer
917.81,64,3173.17,28.924072772653215,2,0,-2171.3548128783254,649.7066721965555,Retired
8.95,76,3299.84,0.2712252715283165,2,0,-2048.5312794824767,-260.11853986472255,Retired
173.6,21,421.44,41.192103264996206,3,0,-4926.343527444659,-82.15930009033028,Student
149.4,53,1035.22,14.43171499777825,2,0,-4312.577195273643,-109.71180743219796,Retired
388.21,53,9724.49,3.992085960292005,0,2,4377.637701500674,91.73991704416113,Doctor
484.3,61,7910.3,6.122397380630317,2,1,2563.8903223660673,195.57254103546825,Retired
126.04,65,6041.69,2.0861712534075734,2,1,693.7716584993759,-154.69732594423982,Retired
52.04,50,8436.12,0.6168712630925116,0,1,3087.836589936146,-238.90552094040982,Doctor
389.7,62,7125.15,5.469358539820215,0,1,1778.3450148732227,104.33476928834949,Doctor
161.1,19,239.12,67.37203077952492,3,0,-5108.772833882555,-93.10606377164896,Student
309.77,67,4378.14,7.075379042241682,2,1,-968.9729845080192,36.17299484302515,Retired
838.57,41,14576.47,5.752901765653825,0,2,9231.481028629925,521.3078879588808,Doctor
202.55,21,701.73,28.864378037136788,3,0,-4645.9062009374975,-54.77880126757137,Student
724.18,41,10922.78,6.629997125273968,0,2,5577.340975039609,422.52867235849817,Doctor
124.98,24,642.0,19.46728971962617,3,0,-4705.946420697621,-132.3346759915659,Student
487.32,52,7707.96,6.322295393333645,0,1,2361.554040761519,199.4465384562327,Doctor
635.91,46,13267.09,4.793138510404316,0,2,7921.251539145468,324.28302765321814,Doctor
205.65,62,3582.16,5.740949594657972,2,0,-1765.396039217294,-64.56174889030945,Retired
39.41,25,921.91,4.274820752568038,3,0,-4426.375799461792,-219.50486660367335,Student
254.0,35,5788.53,4.387987969311726,0,1,441.1230838542979,-25.68610543274741,Doctor
436.8,36,4515.43,9.67349731919219,1,1,-831.1825348356051,162.60224601528085,Engineer
224.73,76,7551.89,2.9758113531844343,2,1,2204.3912301449036,-62.43263821460326,Retired
752.69,65,14489.69,5.194659098986935,0,2,9144.364215533631,435.84744903623414,Doctor
78.5,31,13991.5,0.561054926205196,0,2,8643.23714651102,-236.10030991384107,Doctor
50.0,53,185.87,26.900521870124276,0,0,-5162.37130171343,-205.0872866903123,Doctor
132.42,18,726.39,18.22987651261719,3,0,-4621.530625792456,-125.3005856634013,Student
11.67,76,7458.63,0.15646305018481946,2,1,2110.2191685806256,-275.08416532967476,Retired
83.16,61,3065.87,2.7124437761548923,2,0,-2282.2030096340936,-184.89272458316339,Retired
149.02,46,9379.72,1.5887467856183342,1,2,4031.8357971911564,-145.95663820662395,Engineer
74.27,59,13696.61,0.5422509657499192,0,2,8348.369254427169,-239.04179843474643,Doctor
876.57,62,3743.63,23.414974236235953,2,0,-1601.0708310028976,605.8943916489234,Retired
615.58,42,14343.0,4.291849682772084,0,2,8997.056320874519,299.368307331306,Doctor
643.03,36,2882.16,22.31069753240625,1,0,-2463.569180168034,376.05773691490936,Engineer
7.95,79,5631.2,0.14117772410853816,2,1,282.7997225528288,-271.0300860004039,Retired
270.92,77,4574.43,5.922486517445889,2,1,-772.8374987987127,-3.5163034279018177,Retired
499.48,24,1242.62,40.19571550433761,3,0,-4103.761830896347,240.05760079246903,Student
138.82,77,3100.22,4.477746740553896,2,0,-2247.5960773952884,-129.3323250148871,Retired
231.46,60,4707.24,4.91710641479933,1,1,-640.2193278443983,-43.573367082205436,Engineer
292.08,72,7950.48,3.673740453406587,2,1,2603.2601356377245,3.208477227241872,Retired
63.98,54,7954.12,0.8043630219307729,0,1,2605.898914664095,-224.9113269678397,Doctor
235.21,67,5946.61,3.9553628033450994,0,1,599.1628748282565,-45.11433461210396,Doctor
201.73,57,6650.71,3.033209988106533,1,1,1303.098368358781,-81.61201955669137,Engineer
161.31,28,1268.67,12.71489039702996,3,0,-4079.1080283634483,-98.88030729789463,Student
18.41,53,8287.54,0.22214070761649415,0,1,2939.118108540207,-271.8968724135416,Doctor
471.75,34,12948.5,3.643279144302429,0,2,7601.944002951454,161.50266145382653,Doctor
290.02,55,4746.71,6.109916131383632,1,1,-600.5062424603266,14.821929830484464,Engineer
48.05,27,5334.97,0.9006611096219845,1,1,-13.32310616120958,-229.72831009331708,Engineer
359.42,55,1765.45,20.358548811917643,0,0,-3581.4596646836717,97.28732647196216,Doctor
32.91,19,427.3,7.701848818160542,3,0,-4921.02277113685,-223.80486353170312,Student
3.8,67,6285.39,0.06045766452041958,2,1,936.9481709809907,-277.9762295114717,Retired
31.81,51,1406.6,2.2614815868050617,2,0,-3941.6861217688515,-229.19066865042782,Retired
220.2,28,1075.15,20.480863135376456,3,0,-4272.387900264023,-38.96407344924435,Student
476.03,77,5958.34,7.989305746231332,2,1,611.9358568759772,195.67933845875143,Retired
141.91,23,791.97,17.91860802808187,3,0,-4555.9032972547975,-116.09688742168393,Student
95.83,27,1726.4,5.550857275254866,3,0,-3621.65243378989,-166.49025092856346,Student
51.15,46,8992.25,0.5688231532708721,1,1,3643.9505295787067,-242.16567011967203,Engineer
1192.2,60,7816.41,15.252526415579531,2,1,2473.0348735029174,903.8236911858097,Retired
50.75,62,8271.47,0.6135547853041842,0,1,2923.198784545936,-239.48069750788497,Doctor
185.07,22,636.42,29.079852927312157,3,0,-4711.289944060768,-71.96573521992644,Student
293.54,40,2290.1,12.817780882930876,1,0,-3057.1043584419376,28.96520360569758,Engineer
23.38,32,9968.49,0.23453903249138036,1,2,4620.04100509364,-274.1003180397222,Engineer
129.48,31,7581.7,1.70779640450031,1,1,2233.7338877987822,-157.8580395077278,Engineer
743.03,50,4111.38,18.072520662162095,1,0,-1233.9057707014726,470.67822520823086,Engineer
297.86,28,1680.14,17.72828454771626,3,0,-3667.064585256481,36.00756673273543,Student
231.92,66,5715.08,4.058035933005312,0,1,367.6200252144663,-47.41667177359588,Doctor
295.82,47,5897.73,5.015828123701831,1,1,550.5163419676137,15.683851810630358,Engineer
302.86,55,5239.24,5.780609401363557,0,1,-107.92606706159677,25.55242160537864,Doctor
81.08,58,7788.91,1.0409672213441932,1,1,2440.7692775590986,-207.10478778734597,Engineer
775.6,79,3898.64,19.89411692282437,2,0,-1446.4686775487567,504.2266924701014,Retired
178.43,26,1214.93,14.686442840328247,3,0,-4132.780269054381,-81.4835346426452,Student
211.91,20,927.47,22.848178377737284,3,0,-4420.117284079646,-46.561990379887106,Student
17.21,23,914.16,1.8826026078585807,3,0,-4434.219065537371,-241.73517093902922,Student
124.22,23,9695.04,1.2812737234709706,3,2,4347.0150454472105,-172.12263051545253,Student
38.37,63,8647.04,0.4437356598327288,0,1,3298.7123901353307,-253.45571230714413,Doctor
269.79,52,1292.1,20.87996285117251,1,0,-4055.1956822596158,9.721787296975947,Engineer
11.19,60,9877.17,0.11329156023435862,1,2,4528.706466590779,-285.86674717137976,Engineer
29.19,58,12059.85,0.2420428114777547,0,2,6711.434379912041,-277.153036199543,Doctor
701.7,61,6643.24,10.562617036265438,2,1,1297.774554495396,418.3934728622653,Retired
862.34,57,9903.48,8.70744425191953,0,2,4558.666211531129,565.0409306632905,Doctor
36.97,41,2850.92,1.2967743745878522,1,0,-2497.372629101165,-230.21400791301673,Engineer
137.59,30,10679.67,1.2883356882750123,0,2,5331.700256735879,-162.93626712762216,Doctor
168.11,51,10652.13,1.578182016178924,0,2,5304.319149525468,-132.27918116002405,Doctor
430.98,24,569.25,75.71014492753623,3,0,-4777.493636886466,175.50228925208398,Student
13.87,24,954.83,1.4526146015521086,3,0,-4393.561765137457,-245.25811499295588,Student
642.68,76,1831.2,35.096111839231106,2,0,-3514.492357612625,380.6022841898856,Retired
175.07,28,9274.64,1.8876204359414488,1,2,3926.845281829682,-119.48422076495854,Engineer
302.82,36,9384.54,3.226796411971178,1,2,4037.302695231835,7.790519053008381,Engineer
406.81,66,1968.36,20.667459204617042,2,0,-3378.33437159834,143.8157768673296,Retired
256.3,53,4203.05,6.097952677222493,2,1,-1144.3077623792296,-16.57432249354335,Retired
80.96,19,959.94,8.433860449611434,3,0,-4388.183620920224,-178.01922640275126,Student
95.78,22,271.64,35.25990281254602,3,0,-5076.463610568857,-159.48196477958234,Student
379.54,41,12571.76,3.0189885903008014,0,2,7224.821353929831,70.92555002617473,Doctor
903.19,22,8627.08,10.469243359282633,3,1,3282.408140202683,611.3096380212421,Student
142.19,18,524.46,27.11169583953018,3,0,-4823.434642667889,-114.41356817933473,Student
295.18,66,12961.53,2.277354602427337,0,2,7614.256888510064,-15.045845624784107,Doctor
18.46,68,6381.6,0.2892691488028081,2,1,1033.2210507957316,-263.72386318428147,Retired
54.5,57,1715.22,3.1774349646109536,2,0,-3632.96612941095,-207.78864301551107,Retired
414.77,29,5599.81,7.406858446983023,0,1,253.08478401908997,135.89641133816366,Doctor
886.19,61,7904.24,11.21157758367661,2,1,2559.553458057627,597.458932709612,Retired
440.03,49,1490.44,29.523496417165397,1,0,-3856.1458170983437,179.29455316071153,Engineer
35.46,56,1532.72,2.313534109295892,2,0,-3815.5455007014248,-226.07098533312143,Retired
76.39,18,5976.0,1.2782797858099062,3,1,627.8082445585205,-204.12584788540124,Student
595.91,19,1673.76,35.60307331995029,3,0,-3672.208067736504,334.4695156683531,Student
6.03,76,3290.72,0.18324257305392136,2,0,-2057.6635784768623,-263.00106269649154,Retired
249.34,26,3030.97,8.226409367298258,1,0,-2316.442898860092,-18.51741976160244,Engineer
189.77,58,6570.36,2.888274006294937,1,1,1222.6993823642497,-93.22815143608378,Engineer
73.19,76,2264.98,3.231375111480013,2,0,-3083.1075470366204,-191.42000967985953,Retired
188.13,75,5029.87,3.7402557123742763,2,1,-317.7583308010635,-88.27249688853811,Retired
30.52,62,12327.74,0.24757173658756593,0,2,6979.3320243437165,-276.95761785718537,Doctor
1159.39,41,6499.53,17.838059059655084,0,1,1155.9997223918017,876.6808449042986,Doctor
170.24,62,5172.99,3.290940055944435,2,1,-174.73335942376616,-106.79178747639855,Retired
56.62,54,8981.1,0.6304350246629031,0,1,3632.834804871679,-236.6393628990554,Doctor
53.14,34,7915.0,0.6713834491471888,0,1,2566.7067271617934,-235.60798608918668,Doctor
146.15,43,13784.4,1.060256521865297,0,2,8436.446218608246,-167.571015409043,Doctor
21.27,62,7392.79,0.287712757970942,2,1,2044.4027914753424,-265.2213902391367,Retired
76.02,34,14765.41,0.5148519411245607,0,2,9417.130884340502,-241.8672447359421,Doctor
170.19,27,745.87,22.817649188196334,3,0,-4601.8857845404455,-87.48377528836957,Student
155.51,68,5360.19,2.901203128993562,0,1,12.409839054061194,-122.31549156525708,Doctor
135.15,72,5878.14,2.2991966846655574,2,1,530.2717035174255,-144.8814078583425,Retired
39.48,56,5889.51,0.6703443919782799,2,1,541.211314605901,-240.62422580024779,Retired
451.68,33,4381.54,10.30870424553924,1,1,-965.0119466857932,178.0600288600623,Engineer
19.11,49,8478.46,0.22539470611408202,1,1,3130.0333245704596,-272.0135324466524,Engineer
427.69,43,2443.54,17.502885158417705,1,0,-2903.093453840014,162.54502924926953,Engineer
254.86,23,699.9,36.41377339619946,3,0,-4647.5237600792,-2.258607175745766,Student
19.48,27,4739.59,0.41100601528824227,1,1,-608.8179515236034,-255.76876099993234,Engineer
190.17,49,12893.85,1.4748891913586708,0,2,7546.104140014678,-119.76513538262395,Doctor
91.38,65,2402.58,3.8034113328172214,2,0,-2945.446385643467,-173.81937180486185,Retired
206.63,59,7626.53,2.709357991117848,2,1,2278.9305221616614,-80.87006013983702,Retired
93.22,52,1014.63,9.187585622345091,2,0,-4333.3995890676615,-165.93552180033362,Retired
547.98,28,1358.54,40.335948886304415,3,0,-3987.629094945044,288.0519761371223,Student
641.06,23,1602.13,40.01298271675831,3,0,-3743.6464334120064,380.03913423140636,Student
314.55,27,1105.89,28.443154382443097,3,0,-4241.259298027429,55.44745708570372,Student
836.45,61,1731.89,48.29694726570394,2,0,-3613.012586625583,575.0805173157298,Retired
1095.09,29,8692.47,12.598145291269338,1,1,3348.630267269328,802.917000871296,Engineer
189.45,53,12578.75,1.5061114975653382,0,2,7231.010109953494,-119.13946832809992,Doctor
91.84,67,1712.41,5.363201569717532,2,0,-3635.606509400156,-170.37677653031665,Retired
609.52,78,3485.03,17.489662929730876,2,0,-1860.7862792916171,339.9071700793911,Retired
859.3,78,1146.78,74.93154746333211,2,0,-4198.050479481527,601.2165329826037,Retired
100.01,50,6393.12,1.5643379132567512,0,1,1045.0668542858512,-182.24319014097682,Doctor
28.78,40,680.55,4.228932481081479,0,0,-4667.758347965002,-229.08749108821718,Doctor
111.08,70,7037.34,1.5784373072780338,0,1,1689.35278669353,-173.8927229932902,Doctor
470.96,69,12991.03,3.6252706675298256,0,2,7644.515934504648,160.5734851609696,Doctor
52.23,28,105.01,49.73812017903057,3,0,-5243.301993092262,-201.86832633199617,Student
78.62,32,1360.85,5.777271558217292,0,0,-3987.265495960295,-182.1258252263358,Doctor
47.79,25,1649.92,2.8965040729247478,3,0,-3698.3357713302958,-214.2645362584113,Student
333.97,52,5237.36,6.376685963920754,0,1,-109.6770159333546,56.670539012007055,Doctor
30.87,33,14348.65,0.2151421910772094,0,2,9000.180591050033,-285.23524135914556,Doctor
710.43,67,5625.55,12.628631867106327,2,1,280.13833918911405,431.51457149840644,Retired
220.23,41,3438.02,6.405721898069237,1,0,-1909.5000555852089,-49.380914352849715,Engineer
27.28,29,10668.24,0.2557122824383404,0,2,5319.795381052715,-273.18002421721695,Doctor
101.52,49,2018.9,5.028480855911634,1,0,-3329.101218912282,-162.0355909619855,Engineer
162.65,59,9500.95,1.7119340697509196,1,2,4153.139858271265,-132.82897121113444,Engineer
10.52,55,2472.99,0.42539597814791,2,0,-2875.3920831004025,-255.05443496714582,Retired
270.72,38,6522.47,4.150574858910812,0,1,1175.1305477095957,-12.09736791104342,Doctor
202.34,20,1223.45,16.538477256937348,3,0,-4124.168975415214,-57.57281718072002,Student
247.58,39,778.74,31.792382566710327,1,0,-4568.685092223714,-9.988262075640478,Engineer
686.17,61,2246.15,30.548716693008032,2,0,-3099.369966416119,422.1561335128064,Retired
109.91,38,12896.06,0.8522758113718453,0,2,7547.954775626728,-200.03015428472887,Doctor
215.72,30,8697.11,2.480364166947411,1,1,3349.4991748296497,-76.37713676446705,Engineer
490.76,66,6414.11,7.651256370720177,2,1,1067.7500623887236,208.44189529565068,Retired
224.28,64,5767.51,3.8886798635806437,2,1,420.0137659842276,-55.28349950019006,Retired
614.03,68,2815.86,21.806126725050248,2,0,-2529.950697821641,347.3759271268724,Retired
608.79,55,2991.17,20.352905384849404,1,0,-2354.6792493316193,341.3343720808781,Engineer
186.55,48,224.65,83.04028488760295,1,0,-5123.127432454032,-67.10758889145967,Engineer
840.16,20,1236.76,67.93233933827096,3,0,-4108.215593028132,581.4261186481015,Student
203.34,60,13586.99,1.4965787124300527,0,2,8239.306725242004,-109.53411982358256,Doctor
90.88,26,7117.35,1.2768797375427652,1,1,1769.2174790795943,-194.48530478603953,Engineer
60.11,61,7235.87,0.8307224977784288,2,1,1887.6498411310959,-225.71676682275876,Retired
393.92,72,7318.64,5.382420777630817,2,1,1971.8637115283664,107.73969297544988,Retired
19.39,43,9847.6,0.19690076769974407,0,2,4499.149966318345,-277.56256959672385,Doctor
557.41,80,2968.75,18.775915789473682,2,0,-2377.2847700142997,290.05592527730073,Retired
57.07,31,9323.71,0.6120953997925719,0,2,3975.4124237822734,-237.674187281256,Doctor
395.27,18,1764.08,22.406580200444424,3,0,-3582.7283239638573,133.1435919969412,Student
289.05,75,5683.49,5.085783559045587,2,1,336.28611263471066,9.86327519800983,Retired
46.11,33,5225.73,0.8823647605214966,0,1,-122.56203317433938,-231.19641112706802,Doctor
335.5,63,6445.4,5.205262667949236,2,1,1098.3710944313634,53.04242425913202,Retired
520.86,51,9200.74,5.661066392485822,1,2,3854.460123498474,226.604254767212,Engineer
31.7,48,743.9,4.261325446968678,0,0,-4604.386128911772,-226.42761291123693,Doctor
22.3,21,1200.35,1.8577914774857336,3,0,-4148.013219761257,-237.867305662415,Student
203.12,56,1562.39,13.00059524190503,2,0,-3785.1750425044656,-58.295896217779955,Retired
315.94,49,7719.71,4.092640785728998,0,1,2372.5653184342636,28.023764878118982,Doctor
192.23,54,2610.67,7.363243918227886,1,0,-2736.945587255663,-73.80703747664148,Engineer
1510.71,66,2060.02,73.33472490558344,2,0,-3282.0239637374634,1248.3905434441099,Retired
0.26,20,1833.67,0.01417921436245344,3,0,-3514.7935820205284,-262.6457446629703,Student
210.77,71,5396.65,3.905571048706142,2,1,49.1092089292506,-67.20188106804284,Retired
406.65,57,12995.7,3.1291119370253235,0,2,7648.8937728955,96.24341172671387,Doctor
422.9,40,7616.43,5.552470120515779,1,1,2269.7329778035783,135.4074352646411,Engineer
20.62,35,12500.8,0.16494944323563293,0,2,7152.311991529738,-287.6236500633152,Doctor
174.39,19,1127.08,15.472725982184052,3,0,-4220.657427434797,-85.1333231908157,Student
7.86,76,3621.98,0.2170083766337749,2,0,-1726.3998591051936,-262.5792280142262,Retired
61.98,49,5212.28,1.1891149362658953,1,1,-135.92329152900038,-215.2481116008649,Engineer
54.85,58,2727.45,2.0110359493299605,2,0,-2620.7434002197497,-211.7756041890671,Retired
204.7,49,5117.03,4.000367400621063,0,1,-230.5621307110723,-72.10390131670695,Doctor
16.55,26,6089.79,0.27176634990697546,1,1,741.3516627590125,-264.4431123970001,Engineer
91.32,58,2618.1,3.488025667468775,1,0,-2729.9376237969195,-174.81335140608246,Engineer
195.49,31,11988.12,1.6306977240801726,0,2,6640.384415977212,-110.6137205032525,Doctor
49.62,55,3841.42,1.2917098364667232,1,0,-1506.8119870313867,-221.76418684741623,Engineer
405.6,37,9754.73,4.157982845245332,1,2,4407.930854606287,108.9793856270993,Engineer
512.95,57,9584.52,5.351859039367647,1,2,4238.209750885832,217.06418151411935,Engineer
345.94,31,7624.56,4.5371798503782514,0,1,2277.5214142288914,58.40650746204932,Doctor
356.56,47,2485.73,14.344277133880187,1,0,-2861.198955996705,91.17880631835493,Engineer
10.31,36,2137.9,0.48224893587164974,1,0,-3210.5036413451985,-253.8607601180599,Engineer
211.69,30,6412.85,3.3010284039077784,0,1,1065.2485603778823,-70.66958532403083,Doctor
221.49,23,707.25,31.317073170731707,3,0,-4640.307097998458,-35.795765925945915,Student
278.23,48,8300.54,3.3519505959853215,1,1,2953.225494176987,-12.161821195395987,Engineer
116.88,45,7717.34,1.5145114767523524,0,1,2369.3367823186336,-171.0180892218396,Doctor
328.77,39,6967.03,4.718940495447845,0,1,1619.9355826274314,44.05461159628459,Doctor
77.53,54,5158.6,1.5029271507773425,2,1,-189.52985007080133,-199.461565599087,Retired
421.74,67,12031.14,3.5054034779746557,0,2,6684.423125200809,115.45054587510936,Doctor
313.69,73,7093.68,4.422105310642713,2,1,1746.5637136272162,28.474811323722122,Retired
411.72,29,8539.86,4.821156318721853,0,1,3193.0906334902584,120.27168121502018,Doctor
508.73,59,7640.57,6.658272877547095,2,1,2294.265310490341,221.15182211484023,Retired
153.08,24,1292.21,11.84637171976691,3,0,-4055.6072365328155,-107.23718735542775,Student
23.01,63,5958.75,0.386154814348647,2,1,610.3891680410907,-257.3812693666432,Retired
69.28,25,708.74,9.775093828484351,3,0,-4639.425858642888,-188.57915537897156,Student
51.25,28,1744.4,2.937972941985783,3,0,-3603.8381744464605,-211.20295391235356,Student
301.56,49,10389.6,2.902517902517902,0,2,5042.362704430644,2.263996788542329,Doctor
17.67,63,1048.18,1.6857791600679275,0,0,-4300.145370629558,-241.8032802894528,Doctor
5.29,32,12896.68,0.04101830858794666,0,2,7548.117285148896,-304.63711210778706,Doctor
401.37,43,8208.54,4.889663691716188,1,1,2861.748082184521,111.35370111249733,Engineer
145.4,38,5244.49,2.772433544539126,1,1,-103.37154704479235,-131.96869395480422,Engineer
556.34,37,11935.14,4.661361324626272,0,2,6588.963268816683,250.3967713981051,Doctor
34.31,24,1484.76,2.310811174870013,3,0,-3863.5519562829245,-227.05485490011972,Student
780.59,23,6513.34,11.984481080367368,3,1,1168.1635569276987,497.79711698722247,Student
282.65,35,13801.15,2.048017737652297,0,2,8453.772321985089,-31.183687843878943,Doctor
305.27,68,12958.65,2.355723782955786,0,2,7611.42290660408,-4.9434114132157845,Doctor
185.81,32,9588.71,1.9377997666005127,0,2,4240.963048938943,-110.07805776029255,Doctor
66.01,49,3475.99,1.89902732746642,1,0,-1872.1758855213593,-203.81710269754427,Engineer
447.95,29,7544.4,5.937516568580669,1,1,2197.796723583413,160.75070349475135,Engineer
279.3,19,1193.61,23.39960288536457,3,0,-4153.69232889717,19.681463653298863,Student
26.75,33,12063.77,0.22173831231862012,0,2,6715.311113041921,-279.6390803428267,Doctor
611.15,27,892.83,68.45088090677956,3,0,-4453.121206608694,354.0046154803506,Student
275.2,54,1230.12,22.371801125093487,1,0,-4117.152092114996,15.439417268955083,Engineer
427.79,18,1479.67,28.911176140625948,3,0,-3867.0081791178563,167.0507185519582,Student
469.13,54,1265.28,37.07716868993424,0,0,-4081.1866242342912,209.56830806071025,Doctor
102.81,76,3228.87,3.1840860734560392,2,0,-2119.1016093116305,-165.91263473448709,Retired
22.61,19,1111.67,2.0338769598891755,3,0,-4236.693772534525,-237.17760099029746,Student
68.28,56,3213.16,2.125010892703756,1,0,-2134.9841454716534,-200.41565054679043,Engineer
33.65,63,12719.93,0.26454548098928216,0,2,7371.531941687944,-275.49471030704547,Doctor
362.68,63,2040.77,17.771723418121592,2,0,-3306.1134881970584,99.3083979974815,Retired
73.23,20,1309.85,5.590716494255068,3,0,-4038.304018831166,-187.31635848769676,Student
18.56,49,4230.37,0.4387323094670206,1,1,-1118.0068628464378,-254.49630408278003,Engineer
389.05,27,761.0,51.123521681997374,3,0,-4585.871297904105,132.05169556200212,Student
7.38,67,2923.83,0.2524086557700003,2,0,-2424.5551387068726,-260.1005480968035,Retired
109.48,61,7372.47,1.4849840012912905,2,1,2024.4597561607088,-176.93026630852725,Retired
66.91,39,871.1,7.681092871082538,0,0,-4477.054780459813,-191.683703534413,Doctor
335.48,45,3023.16,11.096997843316267,1,0,-2323.8623480866963,67.72486987087149,Engineer
38.14,19,1119.21,3.4077608313006498,3,0,-4229.089756869208,-221.64594755957725,Student
1076.98,60,11833.73,9.100934363045296,0,2,6489.821355522788,771.3936064664539,Doctor
360.02,68,6400.59,5.6247939643064155,2,1,1053.6730943272023,77.76034226508591,Retired
567.71,63,13884.24,4.088880630124516,0,2,8538.123417167208,253.48924035469804,Doctor
218.19,19,620.83,35.14488668395535,3,0,-4726.753545840756,-38.618355109367144,Student
209.99,19,1938.01,10.835341406907085,3,0,-3409.5741499244673,-53.13418223369024,Student
11.02,19,964.79,1.1422174773784968,3,0,-4383.620078069984,-248.16434467753317,Student
83.43,56,1870.16,4.461115626470463,2,0,-3477.907252142898,-179.49352424526555,Retired
344.97,34,5577.94,6.184541246409966,0,1,230.92305314523492,66.19044939238194,Doctor
172.29,36,8700.8,1.980162743655756,1,1,3353.0106793842942,-119.8110089942779,Engineer
195.54,60,2794.66,6.996915546077162,2,0,-2552.935155146025,-71.28439492159859,Retired
101.23,45,6169.71,1.6407578314053661,1,1,821.65798396838,-180.0775967670741,Engineer
180.46,25,831.75,21.69642320408777,3,0,-4515.962806075168,-77.61906896915391,Student
692.55,53,2451.56,28.249359591443813,2,0,-2893.940630722107,427.5823625630783,Retired
147.31,34,13625.52,1.0811330503349597,0,2,8277.561362970519,-165.74619527307786,Doctor
107.48,20,1379.39,7.791850020661306,3,0,-3968.621751731145,-153.3121957791426,Student
1831.02,62,11498.01,15.924668703540872,0,2,6157.34672666751,1526.727543443064,Doctor
81.51,25,865.49,9.417786456227109,3,0,-4482.62428951873,-177.03162851392074,Student
365.48,76,7147.4,5.1134678344572855,2,1,1800.5089456356372,80.03727311664267,Retired
491.1,35,7833.85,6.268948218309005,1,1,2487.436446515334,202.66776474970817,Engineer
452.8,80,4840.67,9.354077018264,2,1,-505.81944974896123,177.25547441907116,Retired
645.04,70,7361.47,8.762380339796263,2,1,2015.7667920318163,358.6627789959324,Retired
169.28,45,5128.44,3.300808822955909,0,1,-219.3088415452503,-107.58203149338303,Doctor
88.42,62,12381.45,0.7141328358148682,0,2,7033.290159342493,-219.2980885237253,Doctor
155.53,29,4008.05,3.8804406132658023,1,0,-1339.766639902441,-116.56448937004663,Engineer
991.82,43,3493.13,28.393446565114957,1,0,-1851.1056856444147,722.2823939162048,Engineer
39.24,77,6462.41,0.607203814056985,2,1,1114.1308109679512,-243.2765687981571,Retired
152.01,42,4625.12,3.2866174283045626,1,1,-722.7012005652896,-122.70841720721191,Engineer
78.77,48,6470.57,1.2173579761906603,1,1,1122.4221817445205,-203.8155847993792,Engineer
26.5,48,4854.83,0.5458481553422055,1,1,-493.5218811751138,-249.21276357963166,Engineer
83.62,48,12652.22,0.6609116819024646,0,2,7304.017877645873,-225.26541431873744,Doctor
142.78,68,11705.88,1.2197288883877162,0,2,6357.9698328161585,-162.06813042342387,Doctor
55.99,35,932.61,6.003581346972475,0,0,-4415.594363521435,-202.91475272743503,Doctor
774.48,61,11613.58,6.668744693712017,0,2,6268.375517025142,469.89426403696007,Doctor
105.37,25,1068.55,9.861026624865472,3,0,-4279.464804753865,-154.0325014011063,Student
118.83,28,1616.3,7.351976736991896,3,0,-3731.6543234511455,-142.97795874543877,Student
46.22,23,471.28,9.807333220166356,3,0,-4876.985084071104,-210.620705856857,Student
377.97,72,2457.1,15.38276830409833,2,0,-2889.705880020914,112.761573959146,Retired
114.1,69,5882.12,1.9397768151618804,2,1,534.157671558215,-165.9531233186713,Retired
11.3,55,1938.99,0.5827776316535929,2,0,-3409.3824327016855,-251.99983596145157,Retired
95.5,57,4079.09,2.3412084558075454,2,0,-1268.9467858911003,-176.88170310465375,Retired
130.93,28,860.12,15.222294563549275,1,0,-4487.788907960577,-127.43559947540882,Engineer
272.97,68,7811.31,3.494548289595471,2,1,2464.0045583043175,-15.31136813621967,Retired
73.35,24,1181.84,6.206423881405267,3,0,-4166.307971556533,-186.6291768404946,Student
29.94,58,10915.54,0.27428785016591023,0,2,5567.141725600647,-271.5374072244251,Doctor
307.24,19,1670.72,18.38967630722084,3,0,-3676.4571777075744,45.432237564300635,Student
50.52,20,1121.19,4.505926738554571,3,0,-4227.0573725792165,-209.24621116162,Student
820.46,53,5621.86,14.594102307777144,1,1,276.90078675181485,541.5523966121635,Engineer
153.07,56,8873.43,1.725037555939473,1,1,3525.5823493127346,-139.73998850594552,Engineer
52.94,41,6990.92,0.7572679990616399,0,1,1642.6462989140973,-231.86828359936658,Doctor
384.41,60,7831.56,4.90847289684303,1,1,2484.721807518881,96.02488871649672,Engineer
235.42,51,6173.23,3.8135627540201806,2,1,825.7599329483546,-45.89115526312304,Retired
114.23,56,9523.72,1.1994262746069815,0,2,4175.698034744209,-181.3428730667925,Doctor
12.62,33,6420.47,0.19655881890266597,0,1,1072.0201292819065,-269.7711226621151,Doctor
997.37,23,1146.09,87.02370668970151,3,0,-4198.242460080336,739.5198541310089,Student
373.52,35,6430.41,5.808649837257655,1,1,1083.5075614983425,91.09350085022334,Engineer
336.05,28,1635.05,20.552888290877956,3,0,-3711.995211034189,74.45576585011662,Student
366.93,66,6697.79,5.478374210000612,2,1,1350.8969107639623,83.39698409144302,Retired
112.27,58,7369.89,1.5233605928989442,0,1,2021.8882031323274,-174.13305341537392,Doctor
494.96,40,6903.68,7.169509594882728,1,1,1557.2992776283927,210.5132642077009,Engineer
561.58,65,11748.86,4.779868004214878,0,2,6402.744596126958,256.4633523246583,Doctor
440.94,42,7303.23,6.037602540245891,0,1,1956.6164761034725,154.78763865344712,Doctor
71.9,29,10619.35,0.6770659221138771,0,2,5271.0975922558655,-228.35968306992768,Doctor
256.66,54,1794.5,14.302591251044861,2,0,-3552.842301535681,-5.730539630942644,Retired
166.55,59,12970.21,1.28409640244838,0,2,7622.37479196822,-143.6928981273689,Doctor
35.46,67,5692.31,0.6229456934003946,0,1,344.0113062790815,-243.79235130008257,Doctor
38.14,50,9879.87,0.38603746810433737,1,2,4531.50902849318,-258.9441721775676,Engineer
506.26,64,6266.65,8.078638507017306,2,1,920.3552395252163,224.57213643983624,Retired
736.32,31,14268.95,5.160295606894691,0,2,8923.511883090632,420.38161210545206,Doctor
389.43,52,6449.83,6.037833555303008,1,1,1103.017734734768,106.94090637554643,Engineer
25.58,60,6741.41,0.37944584293196826,1,1,1393.0468377183624,-258.1436952842811,Engineer
446.1,25,1008.44,44.23664273531395,3,0,-4338.176394416298,187.81792302588116,Student
147.74,23,1711.78,8.630781993013121,3,0,-3636.06002307746,-114.45496159067991,Student
1228.81,26,1821.0,67.47995606809445,3,0,-3522.297385709391,967.4119367698482,Student
46.23,77,5107.75,0.9050951984729088,2,1,-240.48287601106313,-230.5215731667304,Retired
265.37,33,5229.95,5.0740446849396275,1,1,-117.40519962591316,-11.928460851225537,Engineer
417.26,32,10442.48,3.995794102550352,0,2,5095.716622523237,117.69940456556242,Doctor
33.63,63,4324.4,0.7776801405975396,2,1,-1023.8955905319908,-239.80603185357603,Retired
64.58,55,6292.29,1.026335404121552,2,1,944.0925481943959,-217.2385368542758,Retired
23.23,21,269.01,8.635366714992008,3,0,-5079.351912681106,-232.77754043856987,Student
160.52,78,5379.25,2.984059116047776,2,1,31.50374810511221,-117.37431044293695,Retired
278.88,64,1334.09,20.90413690230794,0,0,-4013.1511324133307,18.64422061804379,Doctor
285.49,53,6366.84,4.484014047785086,0,1,1019.5851339456103,3.3554659334394614,Doctor
71.87,22,1839.1,3.907889728671633,3,0,-3509.060287739743,-190.9732650858496,Student
308.8,53,3966.54,7.785122550131854,2,0,-1380.591892519993,36.95761856911179,Retired
135.35,33,9983.36,1.3557559779473043,1,2,4635.392813213229,-162.20930728077147,Engineer
288.43,66,4577.09,6.301602109637345,2,1,-770.1171935747125,13.972623418558214,Retired
147.46,65,7458.03,1.9771977318407141,0,1,2110.187132925028,-139.3117436643555,Doctor
214.15,32,6397.29,3.347511211778738,1,1,1049.701692837907,-68.14073979765126,Engineer
71.34,49,6345.03,1.1243445657467341,1,1,996.8531889809929,-210.71008445605983,Engineer
170.36,30,6034.73,2.822992909376228,0,1,686.9559520204548,-110.38765353143725,Doctor
736.53,55,9826.26,7.495527291156553,1,2,4480.904157416534,439.5773480342748,Engineer
213.42,45,3736.38,5.711945787098742,1,0,-1611.166434987907,-57.472091355074554,Engineer
94.09,27,646.85,14.54587616912731,3,0,-4701.215469122653,-163.37354411209816,Student
91.23,72,6385.12,1.4287906883504147,2,1,1037.0577801627205,-190.96291423237284,Retired
263.92,57,4161.71,6.341623995905529,2,0,-1185.6096519917219,-8.769987686193133,Retired
77.5,51,11079.77,0.6994730035009752,0,2,5731.564805641744,-224.69270846467938,Doctor
3.65,69,10017.11,0.036437655172000705,0,2,4668.624345051779,-293.98987243464506,Doctor
43.88,26,1644.09,2.6689536460899346,3,0,-3704.1807792379836,-218.15353928092352,Student
224.79,18,528.38,42.543245391574246,3,0,-4819.190786222684,-31.41047338972706,Student
64.3,55,7530.3,0.853883643413941,2,1,2182.086363818137,-222.7868899363342,Retired
111.79,62,10887.59,1.0267653355793156,0,2,5539.54882950326,-189.57818722877744,Doctor
927.16,59,7104.61,13.05011816271407,2,1,1760.1036275311526,641.8622219727437,Retired
613.7,61,7307.11,8.398669241327967,2,1,1961.2612444355436,327.5464078681332,Retired
26.07,20,349.98,7.448997085547745,3,0,-4998.369480152827,-230.31936483070353,Student
170.45,60,2284.41,7.461445187159923,1,0,-3063.2878540212882,-94.18011901566777,Engineer
344.27,22,1918.36,17.946058091286307,3,0,-3428.6556377545216,81.38326926132623,Student
292.95,37,1216.91,24.073267538273164,1,0,-4130.311190393572,33.26767889348827,Engineer
28.44,18,1071.04,2.655363011652226,3,0,-4277.300734017193,-231.16027413201036,Student
20.05,72,7145.67,0.28058950385338255,2,1,1797.2936990821918,-265.37848094174745,Retired
175.02,28,1493.88,11.715800465900877,3,0,-3853.839573911521,-86.16349567724441,Student
89.5,41,8658.95,1.0336126204678395,1,1,3310.812577536958,-202.40804575367767,Engineer
69.96,28,164.12,42.62734584450401,3,0,-5184.101293631435,-184.6080437548993,Student
146.51,53,7089.9,2.06646073992581,1,1,1742.0415015512917,-138.70788775991807,Engineer
376.78,21,841.65,44.766827065882495,3,0,-4505.269726716441,119.24898935577238,Student
148.54,71,5677.05,2.616499766604134,2,1,329.23998331345774,-130.63427821231122,Retired
388.77,26,1658.49,23.44120253965957,3,0,-3688.336756052399,127.13559923639622,Student
100.38,63,10171.68,0.986857628238403,0,2,4823.599870039184,-197.9393864328829,Doctor
137.23,64,13847.99,0.9909741413735856,0,2,8500.024592624337,-176.73433141309795,Doctor
870.3,51,3688.98,23.59188718832848,2,0,-1655.7619778401104,599.85163686592,Retired
458.94,52,5619.95,8.166264824420146,1,1,273.44341030127816,180.01098989700273,Engineer
327.35,20,342.08,95.69398971000936,3,0,-5005.155119793857,73.47123460177988,Student
757.15,53,4702.86,16.09977758215214,1,1,-642.364111105323,482.22242915197546,Engineer
5.64,59,12703.24,0.04439812205390121,0,2,7354.71653824232,-303.43250279696184,Doctor
47.23,73,6659.81,0.7091793910036471,2,1,1311.5573822220922,-236.13115043776068,Retired
239.41,42,7860.65,3.0456768842271313,0,1,2513.166455845834,-49.11051351724038,Doctor
7.48,55,1275.2,0.5865746549560853,1,0,-4073.1805019820986,-252.99595191356156,Engineer
170.97,26,1265.27,13.512530922253749,3,0,-4082.4706080864526,-89.18895930517735,Student
262.43,37,12841.01,2.0436865947460516,0,2,7493.559616738104,-47.31035437973259,Doctor
659.15,22,1241.59,53.08918403015488,3,0,-4104.1327171639,400.0397066948768,Student
31.53,25,874.93,3.6037168687780743,3,0,-4473.387801321565,-227.20146659312786,Student
111.66,48,5716.72,1.953217929162177,1,1,368.72186307896936,-167.71355776716916,Engineer
250.01,62,1541.48,16.218828658172665,2,0,-3805.8814069356285,-11.235574737538883,Retired
554.15,49,14817.22,3.739905326370264,0,2,9471.01576159064,235.9417119357695,Doctor
598.66,32,2587.11,23.14010614160202,1,0,-2758.813917721409,332.9817796133789,Engineer
28.38,55,173.7,16.33851468048359,0,0,-5174.609603154271,-226.9560969233259,Doctor
16.8,49,11847.07,0.14180721477968816,0,2,6498.5919918321915,-288.6465770631101,Doctor
896.79,33,11146.74,8.045311902852314,0,2,5802.029391319801,594.1415323159289,Doctor
159.0,49,369.79,42.99737688958598,1,0,-4978.022615365384,-96.44634080101326,Engineer
56.31,75,6396.08,0.880382984578054,2,1,1047.8720799819712,-225.92651762742358,Retired
203.99,52,4840.31,4.2143994909416955,2,1,-507.2786745117701,-71.62713660028459,Retired
50.99,29,1334.6,3.8206204106099215,0,0,-4013.634182689872,-209.69334759332077,Doctor
101.28,32,2774.35,3.650584821669941,1,0,-2573.680978049765,-165.5483596208714,Engineer
299.92,27,1368.0,21.923976608187136,3,0,-3979.2019583415745,39.51669398679974,Student
77.54,67,4536.38,1.7092924314100673,2,1,-811.7255092684691,-196.78457380986865,Retired
18.35,21,1293.39,1.4187522711633769,3,0,-4054.9904901370755,-242.22408919250256,Student
65.11,34,8485.14,0.7673414934815455,1,1,3136.8909062687553,-226.06441682660568,Engineer
67.07,24,999.62,6.709549628858966,3,0,-4348.553863227096,-192.11676746213442,Student
137.48,55,14273.42,0.9631889203848831,0,2,8925.438673935143,-178.3047259971941,Doctor
398.36,22,1863.7,21.37468476686162,3,0,-3483.088821700423,135.78291185182997,Student
469.46,20,8640.56,5.433212662142268,3,1,3294.0248241005365,177.56514505264528,Student
37.58,57,259.44,14.48504471168671,0,0,-5088.824462441298,-218.1772105349736,Doctor
160.24,31,5526.97,2.899237737856366,1,1,179.1595406643164,-118.34090911026891,Engineer
315.39,23,929.6,33.92749569707401,3,0,-4417.560253864796,57.194125482880224,Student
434.17,21,5335.44,8.137473198086756,3,1,-11.210840985402683,156.42383928173223,Student
165.91,26,587.12,28.258277694508788,3,0,-4760.665025369323,-90.92709401787857,Student
211.36,47,4760.34,4.440018990240193,1,1,-587.2227167121819,-63.919771642776055,Engineer
241.45,26,1594.04,15.147047752879475,3,0,-3753.4040655125327,-20.089906275766907,Student
23.24,68,13777.79,0.16867726972177682,0,2,8429.340674475268,-290.3943812991056,Doctor
70.88,74,1794.65,3.949516618839328,2,0,-3553.445813103329,-191.7105100967851,Retired
1143.67,66,7677.76,14.895881090318012,2,1,2334.1858384998886,855.9015079393502,Retired
314.52,80,7071.32,4.44782586560925,2,1,1724.2166829798043,29.408627612392422,Retired
181.81,78,7525.73,2.4158453731398817,2,1,2178.0501927211417,-105.23638041353232,Retired
854.64,56,2989.25,28.590449109308352,2,0,-2355.554823924366,587.3274647693902,Retired
261.19,64,7620.6,3.427420413090833,2,1,2273.241005700548,-26.28205837255365,Retired
220.68,71,5549.2,3.9767894471275143,2,1,201.69992097576687,-57.942774963476865,Retired
11.86,31,6782.61,0.174858940732255,1,1,1434.1495966816865,-272.07341606701453,Engineer
122.65,28,1968.51,6.2306008097495065,3,0,-3379.4298510509198,-140.69027482101845,Student
395.16,56,5340.73,7.398988527785528,2,1,-6.04162130797431,117.42875262586921,Retired
704.69,51,3267.84,21.564397277712498,2,0,-2077.606941564433,436.0462701396873,Retired
369.89,69,6941.47,5.328698388093588,2,1,1594.5909037851807,85.3188119738308,Retired
10.92,67,7567.2,0.1443070091975896,2,1,2218.7728289185707,-276.3065256195481,Retired
199.14,31,7001.25,2.8443492233529724,1,1,1653.5892046380577,-85.72782822349745,Engineer
109.43,70,1983.65,5.516598190204925,2,0,-3364.2903808775964,-153.9397015828991,Retired
304.15,20,686.91,44.277998573321106,3,0,-4660.32141787786,47.29373066019559,Student
757.79,22,1443.02,52.51417166775235,3,0,-3902.278470713296,497.7621305921904,Student
122.81,52,8450.84,1.4532283181316887,0,1,3102.862570888271,-168.20265571687713,Doctor
96.25,61,7996.7,1.2036214938662197,2,1,2648.625538992478,-192.81656965215694,Retired
1431.33,30,5567.98,25.706450095007526,0,1,225.6034753351796,1152.679261641782,Doctor
142.55,67,1262.68,11.289479519751639,0,0,-4085.1242412667934,-117.6021180338891,Doctor
35.94,23,1697.28,2.117505656108597,3,0,-3651.0284606927153,-226.33602583851135,Student
24.86,58,2591.65,0.9592344645303185,1,0,-2756.6686903261543,-241.20598182026097,Engineer
103.08,60,12002.16,0.8588454078265911,0,2,6654.065179154003,-203.0302173685307,Doctor
116.27,57,8726.92,1.332314264368185,1,1,3378.9175438642387,-175.91105090425214,Engineer
363.84,73,5415.64,6.718319533794712,2,1,68.75602605525182,85.80446721564658,Retired
34.74,59,3736.57,0.9297296718648386,2,0,-1611.7190759206956,-236.19766057611795,Retired
64.01,19,1225.69,5.2223645456844725,3,0,-4122.503286477816,-196.18652196457487,Student
108.75,50,14829.85,0.7333182736170628,0,2,9481.731774515465,-209.4002865257166,Doctor
50.9,28,1277.7,3.983720748219457,3,0,-4070.5360997702214,-209.53767867438435,Student
206.84,20,454.66,45.49333567940879,3,0,-4892.990890590002,-48.9493054288412,Student
37.4,20,1519.51,2.4613197675566463,3,0,-3828.7946104380726,-224.1143021682888,Student
154.21,46,8045.77,1.9166593129060363,1,1,2697.9240253086327,-135.08799590206038,Engineer
199.37,24,1331.3,14.975587771351313,3,0,-4016.324602032149,-61.04148957616181,Student
410.49,25,1843.57,22.266038175930397,3,0,-3503.16418853544,148.02302862875518,Student
1360.01,67,6601.5,20.601529955313186,2,1,1258.8617836583244,1076.8903823963478,Retired
18.23,56,8422.2,0.21645175844791148,1,1,3073.779409841348,-272.645851096849,Engineer
398.7,47,7987.74,4.991399319457068,0,1,2640.9445171186235,109.631385294312,Doctor
122.14,22,327.68,37.274169921875,3,0,-5020.314820990541,-133.31240421080082,Student
378.2,40,7372.81,5.129658841066025,1,1,2025.9240487295992,91.75068706701217,Engineer
124.74,49,2987.97,4.174740710248095,1,0,-2359.9412601216404,-142.9712421985344,Engineer
17.1,53,1619.54,1.05585536633859,2,0,-3728.8070665237638,-244.8326856923037,Retired
287.05,22,1204.65,23.828497903955505,3,0,-4142.616005345158,27.39733534999374,Student
874.72,28,4630.58,18.89007424555887,1,1,-714.1746167998554,600.0997860189976,Engineer
40.12,36,14304.38,0.2804735332814145,0,2,8955.95483499136,-275.7956532727555,Doctor
125.0,49,3215.76,3.8871060029355418,1,0,-2132.152356275535,-143.6883168381513,Engineer
348.44,24,1022.94,34.062603867284494,3,0,-4324.0778069644,89.837683159991,Student
128.4,69,2610.64,4.918334201575093,2,0,-2737.226364579116,-137.6627361368503,Retired
320.93,55,9451.66,3.39548819995641,1,2,4104.524514200947,25.634742750138912,Engineer
1.41,53,1244.17,0.11332856442447575,2,0,-4104.238121601509,-258.94767806126515,Retired
50.52,54,12815.24,0.3942181340341656,0,2,7466.901481047668,-259.04439000038155,Doctor
383.95,31,9933.56,3.865180257631705,1,2,4586.657999675749,86.56295509178892,Engineer
12.94,23,921.23,1.4046437914527314,3,0,-4427.166569434843,-246.0474634286128,Student
329.75,56,6009.43,5.487209269431543,2,1,662.3719322380048,49.14849884146827,Retired
40.79,18,1769.33,2.305392436685073,3,0,-3578.9653722889025,-221.79493005043517,Student
99.25,63,2570.34,3.8613568632943496,2,0,-2777.6572535115934,-166.6667994680639,Retired
150.6,69,3240.14,4.6479473109186635,2,0,-2107.6378248327446,-118.15698900558203,Retired
29.5,73,1229.32,2.399700647512446,2,0,-4118.945374503082,-230.7155547844189,Retired
54.34,65,8019.89,0.6775654030167496,0,1,2671.641182543922,-234.81723918922705,Doctor
18.25,53,14328.29,0.12737039800283215,0,2,8979.792772842902,-297.7417305069293,Doctor
81.15,19,1595.26,5.086945074784048,3,0,-3752.8636387432607,-180.629426509648,Student
83.95,75,7413.18,1.132442487569437,2,1,2065.078187571935,-202.6156166712081,Retired
410.4,61,2563.91,16.006802110838525,2,0,-2782.7730149594186,144.72827586435886,Retired
172.68,33,10724.95,1.610077436258444,0,2,5377.134326214448,-128.0413832929633,Doctor
139.88,34,2969.71,4.710224230648784,1,0,-2378.156486097834,-127.76246379407787,Engineer
165.55,28,761.78,21.73199611436373,3,0,-4585.9924075847175,-92.22027741510414,Student
53.79,54,6229.36,0.8634915946421462,1,1,881.1160064857222,-227.76220210022126,Engineer
285.69,63,2552.54,11.192380922532067,2,0,-2794.668136833534,19.982360761305472,Retired
532.4,22,1033.73,51.50281021156394,3,0,-4312.533608175905,274.18323559184284,Student
293.85,25,1919.97,15.304926639478742,3,0,-3427.2536909922064,30.904417296003828,Student
27.94,79,1893.44,1.4756210917694779,2,0,-3454.8305343133347,-235.11853150911452,Retired
270.36,25,1783.04,15.16286791098349,3,0,-3564.2830319054538,8.002888766156502,Student
112.66,29,852.98,13.207812609908789,1,0,-4495.002093245736,-145.72549245115675,Engineer
506.03,21,1123.89,45.02486898183985,3,0,-4222.476180539439,247.24879848229108,Student
206.95,22,1817.65,11.385580282232551,3,0,-3529.943001494752,-55.641241646765565,Student
350.96,63,5463.94,6.423203768709026,2,1,116.98738952333224,72.70420651015354,Retired
261.63,20,477.03,54.84560719451606,3,0,-4870.404458660517,5.997865627606984,Student
46.12,59,8874.01,0.5197199462249873,0,1,3525.707614281754,-246.6766720129397,Doctor
27.25,63,5365.2,0.5079027808842168,2,1,16.86455761697198,-250.61609921024873,Retired
1353.93,26,7858.41,17.229057786498796,1,1,2515.683578059089,1065.3205409845027,Engineer
331.66,76,7216.3,4.595984091570473,2,1,1869.2632798212271,45.92417719896855,Retired
667.95,62,13558.56,4.926408114136015,0,2,8212.876818818717,355.0925597976867,Doctor
49.84,49,7872.04,0.6331268641927633,0,1,2523.7527444913076,-238.70707467737444,Doctor
556.04,72,5200.04,10.692994669271775,2,1,-146.02181331421343,278.95145108657675,Retired
88.06,18,1779.85,4.947607944489705,3,0,-3568.247132566895,-174.51262113210743,Student
745.95,58,13264.14,5.6238097607534305,0,2,7918.790255961246,434.32520728651286,Doctor
67.25,19,467.4,14.388104407359863,3,0,-4880.789177250719,-189.45282283158184,Student
93.63,29,9873.62,0.9482844184807597,1,2,4525.469811306896,-203.4609034902432,Engineer
74.11,22,1257.9,5.891565307258128,3,0,-4090.2475923469074,-186.2045938640167,Student
41.13,77,6067.54,0.6778694495627553,2,1,719.2737083482461,-239.70654200126117,Retired
192.02,79,5169.07,3.7147881533815563,2,1,-178.537982902988,-84.97201973823235,Retired
291.27,77,6878.86,4.234277191278787,2,1,1531.6552875150364,6.977375789755342,Retired
296.46,23,558.99,53.03493801320238,3,0,-4788.287483668895,40.41380459913205,Student
341.84,27,1400.04,24.416445244421585,3,0,-3946.9867504720914,81.35547498646639,Student
98.41,27,912.71,10.782176156720096,3,0,-4435.332216559613,-160.29717881069445,Student
109.28,36,6338.35,1.7241080091822003,1,1,990.3186625830867,-172.75645806816595,Engineer
27.51,40,13645.63,0.20160300403865564,0,2,8297.164000571203,-285.5968983937702,Doctor
12.18,76,4909.24,0.24810357611361433,2,1,-439.137237041502,-263.7330020311094,Retired
207.71,25,570.1,36.43395895456937,3,0,-4777.522980944071,-48.832659568747204,Student
25.77,45,11749.77,0.21932344207588744,0,2,6401.326493539137,-279.26941061257935,Doctor
127.57,52,6118.2,2.08509038606126,2,1,770.2702911519937,-153.50885643730538,Retired
392.05,60,4383.69,8.943378751690927,1,1,-963.0809945353813,118.43944414558968,Engineer
521.01,41,4004.55,13.010450612428363,1,0,-1341.6933887107248,249.051268440485,Engineer
172.5,68,6851.16,2.5178217995200813,0,1,1503.4354667232792,-111.68327741437432,Doctor
265.44,30,9700.77,2.736277635692837,1,2,4353.360694120897,-30.938871481360962,Engineer
152.34,55,6853.51,2.2228026223059425,0,1,1505.6820651584694,-131.86850349484305,Doctor
21.13,28,948.7,2.2272583535364183,3,0,-4399.656759970397,-237.9475973261414,Student
111.55,46,12221.17,0.9127603985543119,0,2,6873.090560473179,-195.51025910420344,Doctor
321.82,32,6500.5,4.950696100299977,1,1,1153.37153386934,39.089692152932344,Engineer
1294.81,45,9927.75,13.04233084032132,1,2,4584.776572470716,997.3280430832752,Engineer
148.77,67,2138.42,6.957005639677893,2,0,-3209.359540859158,-115.23627337484487,Retired
14.08,57,3908.65,0.3602266767298172,2,0,-1439.731757252082,-257.5992478411789,Retired
1283.97,42,11041.9,11.628161819976635,0,2,5698.865242176921,981.7106412810805,Doctor
206.51,51,3921.74,5.265774885637498,2,0,-1425.8299412041351,-65.17305904184843,Retired
180.94,75,7659.99,2.3621440759061043,2,1,2312.3009607458443,-106.68196830290145,Retired
77.9,21,664.72,11.719220122758454,3,0,-4683.417449968929,-179.72310135735538,Student
318.92,21,1167.25,27.32233883058471,3,0,-4179.886706833299,59.514285203131806,Student
583.3,59,5896.01,9.893131117484536,1,1,550.0420163156405,303.20110266921677,Engineer
100.68,63,1123.75,8.95928809788654,2,0,-4224.233875449492,-158.93639903302704,Retired
589.64,62,2039.4,28.912425223104833,2,0,-3306.529087579778,326.5011250324178,Retired
225.93,25,1864.27,12.118952726804594,3,0,-3483.2393123863008,-36.842655304698326,Student
651.55,72,2325.78,28.014257582402458,2,0,-3019.8705740584383,387.1512201583057,Retired
80.97,38,5926.31,1.3662801979646693,0,1,578.1652028924518,-199.3102289940851,Doctor
191.89,25,399.57,48.02412593538053,3,0,-4948.143474355607,-63.57751262902812,Student
304.75,78,1916.34,15.902710374985652,2,0,-3430.768288032493,41.89595781089713,Retired
201.53,68,2732.86,7.374325797882072,2,0,-2614.698866599032,-65.01360700337008,Retired
8.45,22,1115.3,0.7576436833139065,3,0,-4233.118293459151,-251.3808822906316,Student
435.98,30,7334.08,5.944576552205594,1,1,1987.4289853265345,149.68163979782543,Engineer
743.24,19,1024.19,72.56856637928509,3,0,-4321.212126076574,485.58929858324063,Student
16.27,57,10971.32,0.148295738343244,0,2,5622.861017411416,-285.44335599660144,Doctor
290.86,45,14631.88,1.9878511852202179,0,2,9284.540667644662,-26.499029422703217,Doctor
85.73,41,14928.35,0.5742764605599413,0,2,9580.119795383922,-232.84420734523465,Doctor
555.71,22,830.37,66.92317882389779,3,0,-4515.822937531519,298.80380209102736,Student
40.03,23,6408.8,0.6246099113718637,3,1,1060.4539456377815,-242.32297643547952,Student
73.01,25,1997.33,3.6553799322095,3,0,-3350.82287136709,-190.51037687822964,Student
346.12,44,13084.27,2.6453138004642214,0,2,7737.185543346625,35.33411715351099,Doctor
1.93,47,5684.09,0.033954423663242486,0,1,335.6218094875949,-277.3137157393081,Doctor
252.93,75,2760.37,9.162902074721869,2,0,-2586.962060723518,-13.692283679184158,Retired
238.54,19,868.91,27.452785674005366,3,0,-4478.572663255756,-19.55985474597776,Student
1011.22,61,5838.91,17.318643376931657,2,1,494.7755927121716,731.3944024135088,Retired
58.7,67,8937.35,0.656794239903327,0,1,3589.1112867635575,-234.35797958078624,Doctor
7.56,40,8528.72,0.08864167190387304,0,1,3180.231571827856,-283.78686846526176,Doctor
264.14,64,8459.26,3.122495348292876,0,1,3111.9043696675863,-26.90800866892215,Doctor
248.15,75,2649.23,9.366872638464761,2,0,-2698.1217333366426,-17.991595980901224,Retired
24.34,54,6659.12,0.36551376157810644,1,1,1310.74468084822,-259.04086687140125,Engineer
428.61,66,11937.04,3.5905886216348435,0,2,6590.352439902815,122.7188596001809,Doctor
117.66,39,6794.17,1.731778863349018,0,1,1446.1732723056557,-166.31433824964,Doctor
165.8,60,2064.76,8.029988957554389,1,0,-3282.9563875908802,-97.87737053482047,Engineer
289.18,65,3139.75,9.210287443267777,2,0,-2207.4435719697617,20.918008127892676,Retired
125.39,21,202.69,61.86294341112043,3,0,-5145.342238662073,-128.80586125816305,Student
305.18,58,4474.2,6.820884180412142,2,1,-872.9452256439408,31.158367531006036,Retired
506.9,64,11471.87,4.418634451052879,0,2,6125.521587905726,202.97357386329634,Doctor
504.12,25,1107.28,45.52777978469764,3,0,-4239.090033879806,245.4299358959526,Student
42.09,29,5526.28,0.7616335039122158,1,1,177.9617230065087,-236.5007165967414,Engineer
607.28,32,9679.68,6.273761116069952,0,2,4333.741033710409,310.94474851856455,Doctor
91.9,77,1033.94,8.888330077180493,2,0,-4314.062159074558,-167.31601405217805,Retired
303.43,22,1833.24,16.551569898103903,3,0,-3513.9478364269826,40.88217209025487,Student
668.78,20,983.68,67.98755692908263,3,0,-4362.0319079889,411.200478545653,Student
247.93,37,9801.48,2.5295159506523506,1,2,4454.00350834893,-48.86695150939988,Engineer
34.67,19,888.6,3.9016430339860455,3,0,-4459.712907202538,-224.1193412869636,Student
148.26,25,958.7,15.464691770105349,3,0,-4389.140192986686,-110.5288244001566,Student
1086.6,19,1605.67,67.6726849228048,3,0,-3738.2477835457594,826.1784445963225,Student
373.99,60,8590.5,4.3535300622780975,0,1,3243.6088125126835,82.36648341209855,Doctor
254.34,49,5461.08,4.6573205300050535,1,1,113.69617926914907,-23.92938260346574,Engineer
819.48,25,1804.5,45.41313383208645,3,0,-3540.51796613236,557.6810762556006,Student
14.0,49,7975.18,0.1755446272059063,1,1,2626.7376203791937,-274.98303459436704,Engineer
57.16,40,222.22,25.722257222572225,1,0,-5126.005603448455,-198.135413926222,Engineer
282.26,37,6857.2,4.116257364521962,1,1,1509.9047529171503,-1.9878160912200826,Engineer
46.96,46,2028.92,2.314531869171776,1,0,-3319.3149396525737,-216.69766773884933,Engineer
192.97,59,3019.04,6.3917669192856,2,0,-2328.5690597739044,-74.82629733603784,Retired
168.99,18,1523.57,11.09171222851592,3,0,-3824.1877375259746,-92.34744169242663,Student
1.82,80,5571.39,0.03266689282207851,2,1,222.96555617728518,-276.9050763799528,Retired
40.9,55,1514.34,2.7008465734247262,0,0,-3833.9035404126653,-220.54506825752412,Doctor
78.91,61,1817.43,4.341845353053488,0,0,-3530.648912751567,-183.78493321083135,Doctor
169.97,22,6269.12,2.7112258179776427,3,1,921.3305436041292,-111.78676314140475,Student
17.79,61,2281.9,0.7796134799947412,2,0,-3066.4412407669347,-246.9576226775787,Retired
486.61,48,2006.69,24.249385804484,1,0,-3339.6914919214782,223.50156094027238,Engineer
148.13,58,2189.38,6.765842384602033,2,0,-3158.4143159813734,-116.109053620276,Retired
164.52,61,11036.74,1.4906575673613767,0,2,5688.922174804272,-137.49337725880196,Doctor
268.7,53,2104.74,12.766422455980312,2,0,-3242.552285624627,4.938424921766966,Retired
637.34,51,5183.5,12.29555319764638,2,1,-162.2417448697306,360.3076992944575,Retired
216.76,47,643.64,33.677210863215464,1,0,-4703.909862191034,-40.15473557656131,Engineer
418.02,46,11011.86,3.7960889441020855,0,2,5665.111597775321,116.04917304811613,Doctor
292.03,46,951.33,30.697024166167363,1,0,-4395.894005161981,33.68400817295884,Engineer
251.4,57,2561.67,9.813910456850413,2,0,-2785.6911365272003,-14.379066842625178,Retired
184.56,21,1549.27,11.912707275039212,3,0,-3798.418684137906,-76.86579352695523,Student
33.76,26,3253.51,1.0376485703132923,1,0,-2094.820561419163,-235.15976525714314,Engineer
253.46,45,1338.95,18.929758392770456,1,0,-4008.421777529478,-6.866167910654013,Engineer
1612.37,65,3910.59,41.23086286212566,2,0,-1430.9721679944219,1341.1859152656407,Retired
138.68,22,206.2,67.25509214354996,3,0,-5141.784972105885,-115.37593998007671,Student
42.56,18,4361.44,0.9758244983308267,3,1,-986.8770583175092,-231.08537907242354,Student
53.83,70,4580.59,1.1751761235997982,2,1,-767.6132914298032,-220.68413684600154,Retired
11.09,51,2990.05,0.37089680774568984,1,0,-2358.3409596178676,-256.6893814826354,Engineer
37.81,63,5208.98,0.7258618769893531,2,1,-139.30840898496808,-239.39021155666032,Retired
449.18,67,1025.99,43.78015380266864,2,0,-4320.557176992763,190.858571555293,Retired
1135.8,30,13534.3,8.392011408052134,0,2,8190.586243603898,822.9004949114966,Doctor
297.6,39,1461.17,20.367239951545677,0,0,-3886.0235551316637,36.76979612357013,Doctor
683.75,32,6333.72,10.795393544394132,0,1,988.1428791770986,401.73961330015857,Doctor
21.4,48,8551.6,0.25024556808082693,1,1,3203.1809358254823,-270.0359705971317,Engineer
315.94,78,4273.99,7.392155807570912,2,1,-1073.0813391179745,42.80554203717304,Retired
331.32,61,13054.54,2.537967634248315,0,2,7707.414549660757,20.684276982674817,Doctor
223.76,74,4102.23,5.454594208515856,2,0,-1245.2380416645083,-48.665065389498864,Retired
216.03,42,10462.77,2.0647495835232927,0,2,5115.155415784827,-83.57193578091122,Doctor
17.42,74,6851.31,0.2542579448309885,2,1,1502.9286744747778,-266.754227232973,Retired
491.91,78,2421.94,20.31057747095304,2,0,-2924.376406668903,226.953048918832,Retired
350.11,74,4639.04,7.547035593571085,2,1,-707.8940155174178,75.40803974997999,Retired
218.07,23,443.62,49.1569361164961,3,0,-4903.986078997482,-37.56537598628401,Student
291.09,48,6312.79,4.6111148953157,1,1,965.5529541023334,9.180567041701352,Engineer
422.14,26,1436.32,29.390386543388658,3,0,-3910.3725481599854,161.61129340303717,Student
613.21,61,3279.12,18.700444021566764,2,0,-2066.7026137100574,344.48646551933564,Retired
73.83,69,6020.29,1.2263528833328627,0,1,672.1541217016547,-206.81368764340118,Doctor
67.33,59,5925.98,1.1361833823266363,1,1,577.8041508609367,-212.9244073944225,Engineer
26.92,62,1674.94,1.6072217512269098,2,0,-3673.354763638008,-235.22554290374782,Retired
18.3,48,3733.52,0.49015406372538517,1,0,-1614.8532460015726,-252.64351283096653,Engineer
317.94,54,2996.51,10.610343366115913,1,0,-2350.574878268648,50.30237680150543,Engineer
179.38,40,11666.18,1.5376069973204596,0,2,6318.390886315871,-125.3397856343523,Doctor
918.95,68,7006.46,13.115753176354394,0,1,1661.931459945703,634.0858201882581,Doctor
13.92,37,2735.84,0.508801684309024,1,0,-2612.554222642994,-252.7925259344383,Engineer
365.43,25,1073.51,34.0406703244497,3,0,-4273.433783052491,106.60562162298726,Student
263.59,71,6996.35,3.7675359294489263,2,1,1649.0175446819967,-21.21071655379373,Retired
54.8,34,4943.49,1.1085285901255995,1,1,-404.7604073171033,-221.30244791581796,Engineer
141.49,24,1665.58,8.49493870003242,3,0,-3682.2848183174424,-120.50856986914823,Student
31.39,20,998.49,3.1437470580576674,3,0,-4349.835516441509,-227.88630534450166,Student
93.82,39,8422.06,1.113979240233387,1,1,3073.9413614174673,-197.08285856127682,Engineer
5.71,21,1285.42,0.4442127864822392,3,0,-4063.01287228285,-254.85338875729124,Student
178.39,34,8469.43,2.106281060236639,1,1,3121.666977650294,-112.7287330298918,Engineer
126.91,22,692.69,18.321327000534147,3,0,-4655.248933061815,-130.65735680458747,Student
36.09,53,12319.26,0.2929559080659066,0,2,6970.864278521524,-271.36347007382767,Doctor
91.77,51,9240.73,0.9931033587173307,0,2,3892.60853503805,-202.60176803686164,Doctor
198.92,36,2854.66,6.9682554139547275,1,0,-2492.952488492202,-68.1905502007451,Engineer
137.81,58,2631.47,5.2369968116680035,1,0,-2716.3709070093737,-128.3492489063168,Engineer
136.88,24,7465.95,1.833390258439984,3,1,2118.0074281344214,-149.97383367860002,Student
133.07,21,1670.99,7.963542570571935,3,0,-3676.914020645857,-128.96711223197633,Student
1.14,43,13913.92,0.008193233826268943,0,2,8565.341250757236,-313.09785699375175,Doctor
256.34,69,7471.63,3.430844407445229,2,1,2124.258468260594,-30.4904677677863,Retired
56.11,36,11123.65,0.5044207611710185,0,2,5775.332754412092,-246.28337827643338,Doctor
118.1,50,7976.6,1.4805806985432388,1,1,2628.6052575799986,-170.8958756172824,Engineer
137.86,66,8046.94,1.713197811839035,0,1,2699.050286117881,-151.41780190667657,Doctor
813.78,54,14935.5,5.448629105152154,0,2,9590.417297598491,495.00910909923846,Doctor
237.97,69,13486.15,1.7645510393996804,0,2,8138.628590054476,-74.47222643527567,Doctor
878.63,60,4954.37,17.73444454088007,1,1,-390.3274314860555,602.6354766969281,Engineer
276.56,68,8942.58,3.092619803233519,0,1,3595.277261679651,-16.544501694744156,Doctor
8.75,79,4044.62,0.21633676340422586,2,0,-1303.7573265429437,-263.4829073835221,Retired
637.48,65,4148.85,15.36522168793762,2,0,-1196.8664415757103,364.9540160154228,Retired
103.15,51,11388.15,0.9057660814091841,0,2,6040.0512055533045,-200.35916228820574,Doctor
505.6,52,5347.57,9.454761695499078,2,1,1.2651747861009426,227.84627585643273,Retired
371.86,46,1329.45,27.97096543683478,0,0,-4017.4283797072267,111.7899656398024,Doctor
14.26,50,2475.65,0.5760103407185991,1,0,-2872.722651293404,-251.32896395284888,Engineer
13.16,43,1019.46,1.2908794852176644,1,0,-4328.910022730492,-246.22471367420835,Engineer
167.92,40,14321.73,1.1724840504603844,0,2,8973.859313009914,-148.095476273017,Doctor
73.01,56,2833.12,2.577017563675383,2,0,-2515.000175383762,-194.05862906489386,Retired
201.5,61,12148.32,1.6586655603408538,0,2,6800.647581267122,-105.25082730257176,Doctor
150.3,41,14371.08,1.0458504162526407,0,2,9023.134264291511,-165.91994819750806,Doctor
23.7,46,7947.44,0.29820923467179367,0,1,2599.0358178489314,-265.1694257516756,Doctor
49.59,48,6037.03,0.8214304053483253,1,1,688.7625026630094,-231.1510476928159,Engineer
134.92,19,1081.97,12.469846668576762,3,0,-4265.930831336302,-124.4827423107904,Student
116.97,18,729.7,16.029875291215568,3,0,-4618.282694544312,-140.82285565568196,Student
11.06,34,2782.21,0.39752570798034653,1,0,-2566.2008295365804,-255.8552641196202,Engineer
88.29,50,5245.93,1.68301902617839,1,1,-102.15993555061868,-189.07714429821542,Engineer
5.81,25,1290.95,0.45005616019210654,3,0,-4057.4772841118775,-254.77199203473123,Student
103.48,32,6494.25,1.5934095546059976,1,1,1146.1867468639248,-179.22531366823387,Engineer
156.74,70,4004.35,3.914243260454256,2,0,-1343.4079539633917,-115.28928427803118,Retired
505.14,68,2525.47,20.00182144313732,2,0,-2820.8030601016167,239.71588059754015,Retired
31.06,46,11014.25,0.2819983203577184,0,2,5665.839605368667,-270.8516818997493,Doctor
7.61,50,6275.0,0.12127490039840638,0,1,926.5527363564124,-274.1423325307149,Doctor
276.16,53,1733.34,15.932246414436872,2,0,-3613.922155009631,14.06778802080646,Retired
145.77,68,5294.98,2.752984902681408,2,1,-52.841447677821634,-131.7782193806616,Retired
369.44,34,5018.67,7.361312857789015,1,1,-328.23712082670227,93.06207425239546,Engineer
558.86,60,9844.32,5.676979212378306,0,2,4498.208026806843,261.86226281094764,Doctor
429.15,26,712.13,60.26287335177566,3,0,-4634.588217985742,172.61082466095348,Student
36.74,33,6217.58,0.5909051431585922,0,1,869.2358681502355,-244.7876711137778,Doctor
79.14,57,2229.56,3.549579289187104,2,0,-3118.5269870463812,-185.3353701565201,Retired
132.48,36,9313.05,1.4225200122408879,1,2,3965.082524984259,-162.22265202842502,Engineer
136.48,52,4618.53,2.955052798184704,1,1,-729.3443246906027,-138.2013099334397,Engineer
203.76,55,6747.16,3.019937277313714,2,1,1399.5531460153115,-79.99573758477942,Retired
750.95,78,5134.37,14.625942423315813,2,1,-210.85056591000102,474.1769254092376,Retired
0.84,52,2207.54,0.03805140563704395,1,0,-3140.883474004802,-263.6166223553308,Engineer
257.18,67,13336.15,1.928442616497265,0,2,7988.710357397868,-54.63064727662962,Doctor
767.66,63,1801.69,42.60777381236505,0,0,-3543.495248713106,505.858513580111,Doctor
182.29,54,522.39,34.895384674285495,0,0,-4825.300264313691,-74.04941317266935,Doctor
184.51,54,9381.64,1.9667137089037736,0,2,4033.9187521718513,-110.46998001246334,Doctor
451.31,62,2963.29,15.230031485274814,2,0,-2383.218535318505,183.9001996454685,Retired
144.1,57,11523.64,1.250472940841609,0,2,6175.723317326959,-159.98616494110263,Doctor
72.5,40,12723.62,0.5698063915772398,0,2,7375.358737580312,-236.69624439708613,Doctor
74.11,69,3920.11,1.8905081745155108,2,0,-1428.0004328260743,-197.5852248473075,Retired
22.15,44,7451.83,0.29724242233115894,0,1,2103.42265497236,-264.61407399736936,Doctor
777.92,62,7061.58,11.016231494934562,0,1,1716.4389287141903,492.8153335482349,Doctor
790.07,28,985.77,80.14749890948193,3,0,-4359.433768963589,532.7967467329838,Student
406.33,59,4298.34,9.453184252525393,1,1,-1048.3707138625641,133.08980678858813,Engineer
767.41,56,12799.34,5.995699778269817,0,2,7454.085193035816,457.760300938265,Doctor
4.58,21,811.24,0.5645678220995021,3,0,-4537.192124987558,-253.96335371283902,Student
447.83,53,13273.08,3.373971979374794,0,2,7926.442234805802,136.2281601848254,Doctor
49.67,21,842.94,5.892471587538852,3,0,-4505.309196644122,-208.87062124954724,Student
77.83,49,2471.53,3.1490615125043995,1,0,-2876.5750758957515,-187.69495614229282,Engineer
702.87,19,1237.5,56.79757575757576,3,0,-4108.0457800738195,443.8636930050362,Student
133.56,25,783.83,17.039409055535,3,0,-4564.074751793466,-124.43217413168196,Student
868.05,49,3931.03,22.0819988654373,1,0,-1413.7239349682604,596.5264644780409,Engineer
52.87,24,960.96,5.501789876789876,3,0,-4387.272104824965,-206.1817934647088,Student
179.0,78,7310.88,2.4484056638872476,2,1,1963.1906639121044,-107.13072769951398,Retired
1168.26,73,1385.74,84.30585824180582,2,0,-3957.7868331493833,909.2937116656541,Retired
384.11,58,7902.52,4.860601428405116,2,1,2555.676922073607,95.41956042146796,Retired
227.61,71,4405.28,5.166754440126394,2,1,-942.1785107452206,-46.11730483241112,Retired
40.83,48,3944.12,1.035211910388122,1,0,-1404.1598062735166,-231.00283247371152,Engineer
19.76,20,1523.04,1.2974051896207586,3,0,-3825.338307101125,-241.79585954470676,Student
484.24,67,8042.3,6.021163100108178,0,1,2695.896884919218,194.9554872871205,Doctor
494.66,33,5531.93,8.941906350948042,0,1,185.55228249572792,216.0894340285534,Doctor
301.47,21,560.73,53.76384356107218,3,0,-4786.530042751915,45.433348241262934,Student
199.09,70,1658.52,12.004075923112174,0,0,-3689.0428054058707,-62.745612227165,Doctor
38.95,27,731.52,5.324529746281715,1,0,-4616.76462458086,-219.12181928741126,Engineer
515.94,29,1389.89,37.12092323852967,1,0,-3956.409250100086,255.7990187464046,Engineer
41.93,48,5081.26,0.8251890279182722,1,1,-267.02870858282495,-234.7440689871316,Engineer
137.84,27,1000.35,13.779177287949217,3,0,-4347.529499809279,-121.16873118475866,Student
95.35,21,1639.9,5.81437892554424,3,0,-3708.161842968272,-166.60165186160776,Student
93.14,67,5473.82,1.7015539422195105,2,1,125.77019066717276,-185.1772970219099,Retired
1427.71,64,1729.26,82.56190509235164,0,0,-3613.1595517287224,1167.1046056333994,Doctor
79.33,51,14798.1,0.5360823348943445,0,2,9449.856973719609,-238.676767996921,Doctor
76.89,55,7374.26,1.0426808927268634,0,1,2026.102601465016,-209.53359770609177,Doctor
233.71,19,1231.98,18.970275491485253,3,0,-4115.510170917183,-26.182349141431047,Student
14.92,26,6611.26,0.2256755898270526,1,1,1262.8082668038514,-268.29076556019265,Engineer
242.17,60,883.72,27.403476214185485,0,0,-4463.692816571673,-15.947004007440029,Doctor
122.98,79,5055.99,2.432362405780075,2,1,-291.91172567461854,-153.53829783819748,Retired
129.35,52,7166.88,1.8048299957582656,1,1,1818.945759876975,-156.1964194826226,Engineer
138.33,21,232.56,59.48142414860682,3,0,-5115.411780334883,-116.06913916153593,Student
39.31,25,1236.38,3.1794432132515893,3,0,-4111.907825012969,-220.97420655193008,Student
91.85,21,802.09,11.451333391514666,3,0,-4545.988408567388,-166.37130445394405,Student
277.7,58,1423.2,19.512366498032602,1,0,-3924.0524522016394,17.037564935500598,Engineer
114.03,51,13388.56,0.851697269908041,0,2,8040.48347059324,-197.99033788097503,Doctor
302.63,27,2801.28,10.803275645419236,1,0,-2545.904265888691,35.80270122747726,Engineer
31.19,52,5545.96,0.5623913623610701,1,1,197.62499124722035,-247.45792034468278,Engineer
112.91,27,4764.48,2.369828396803009,1,1,-583.52931900568,-162.42844859763974,Engineer
742.26,27,7868.19,9.433681698077958,1,1,2522.8424007521435,453.653388601625,Engineer
256.8,26,1128.38,22.758290646767932,3,0,-4219.008072295126,-2.5417530743350767,Student
378.68,60,7627.04,4.964966749879377,0,1,2280.1796973979353,91.16861104220499,Doctor
571.93,52,4026.03,14.205805719281772,2,0,-1319.9822884040095,299.90569259202755,Retired
26.31,77,7095.76,0.3707848067014668,2,1,1747.4176805491998,-258.9004497257707,Retired
205.58,20,1501.95,13.687539531941809,3,0,-3845.6524569118087,-55.60269007463265,Student
533.61,48,3656.93,14.591747722816681,1,0,-1689.2488828400237,263.178692540337,Engineer
428.62,55,3473.24,12.340638711980745,2,0,-1873.3758316020017,158.9584339798638,Retired
361.22,64,7061.73,5.115177159138059,2,1,1714.8059131173222,76.12911830178211,Retired
837.29,25,6012.67,13.925427472320948,3,1,667.7429039783028,556.6601488170622,Student
117.25,31,13694.68,0.8561718857249677,0,2,8346.587371641144,-196.09700675564056,Doctor
135.27,48,9410.51,1.4374353781038436,0,2,4062.569228772655,-159.83350055148827,Doctor
185.1,53,6115.63,3.0266710052766435,2,1,767.9478383337,-95.96463324429311,Retired
113.54,38,5581.21,2.034325889905594,1,1,233.2083879948441,-165.2678292186573,Engineer
354.96,69,6712.94,5.287698087574148,0,1,1365.9998010586078,71.36581839945057,Doctor
224.22,53,8400.87,2.6690092811815913,0,1,3053.3294277140167,-66.58845021294462,Doctor
737.1,60,4644.19,15.871443674785054,2,1,-701.1104282846372,462.4324779552304,Retired
223.22,27,1734.22,12.871492659524167,3,0,-3613.2983548369357,-38.97387260593953,Student
557.26,69,5237.12,10.640581082732496,0,1,-108.94043990890259,280.008066215745,Doctor
27.44,62,5950.48,0.4611392694370875,2,1,602.136914573869,-252.91706917868075,Retired
310.09,36,9962.5,3.1125721455457964,0,2,4615.287331104378,12.596667946245475,Doctor
80.38,52,9662.88,0.8318430943983576,0,2,4314.705816382549,-215.78500683815292,Doctor
26.1,66,5243.0,0.4978065992752241,0,1,-105.33455228837101,-251.24282550283235,Doctor
845.14,73,1702.65,49.63674272457639,2,0,-3642.201838722106,583.9449325268167,Retired
59.73,27,800.93,7.457580562595982,3,0,-4547.270710216348,-198.58302808763415,Student
758.77,60,7231.47,10.492610769317995,1,1,1886.2424983605852,472.933767640306,Engineer
301.51,22,1052.31,28.652203248092295,3,0,-4294.901875138657,42.64130554519397,Student
418.03,58,10721.29,3.899064384976061,0,2,5374.5607373476405,117.311906632113,Doctor
118.06,32,13560.63,0.8706085189257431,0,2,8212.543805911613,-194.71583661269273,Doctor
483.92,70,3138.0,15.421287444231996,2,0,-2208.359947012873,215.76803709097726,Retired
78.93,38,9916.24,0.7959670197574887,0,2,4568.038165865769,-218.3293014446923,Doctor
36.63,75,7941.73,0.4612345169125619,2,1,2593.418910693221,-252.1814085523872,Retired
87.85,49,3753.24,2.3406443499483114,1,0,-1594.8360308507185,-183.15253613273305,Engineer
1001.83,31,9733.83,10.29224878593524,0,2,4389.58269943719,705.2055600523962,Doctor
705.34,59,5003.22,14.097721067632444,0,1,-342.21908338210596,429.10654174497563,Doctor
146.55,54,4087.44,3.5853737302565913,2,0,-1260.3832022745314,-125.85682673503985,Retired
116.89,71,4880.31,2.395134735293454,2,1,-467.62621820602817,-158.8893305845964,Retired
106.41,57,1310.38,8.120545185366076,2,0,-4037.587562118273,-154.03441384968716,Retired
1087.9,78,2513.51,43.282103512617816,2,0,-2830.2847145456103,822.9667293091983,Retired
584.41,23,4475.22,13.058799343942868,3,1,-870.7797706549054,310.4018100053779,Student
584.98,55,6521.05,8.970641231090084,2,1,1175.078026950685,302.190950408453,Retired
79.21,56,1615.04,4.904522488607093,2,0,-3733.0432282214424,-182.6138723010023,Retired
173.13,20,1490.34,11.616812271025404,3,0,-3857.397950619583,-88.05008732527935,Student
335.7,80,6601.44,5.085254126372428,2,1,1254.4325357840225,52.595693454041395,Retired
1225.5,50,8611.17,14.2315155780225,0,1,3267.9181225643033,933.6876436223087,Doctor
422.81,28,1929.28,21.915429590313483,3,0,-3417.397436871064,159.96632298918297,Student
135.43,57,5315.83,2.547673646448438,2,1,-32.050284658110286,-142.22145133341314,Retired
308.94,25,1931.66,15.993497820527422,3,0,-3415.5001846090518,45.958339650786,Student
295.93,36,1050.63,28.166909378182613,0,0,-4296.585993437583,37.073223826517165,Doctor
1512.99,19,9963.39,15.185494093877688,3,2,4621.318424832706,1215.2912255780307,Student
77.44,58,1950.63,3.969999436079625,2,0,-3397.4604391194753,-185.83510476639975,Retired
92.5,40,6295.45,1.4693151402997402,1,1,947.3525781280323,-189.34931619360324,Engineer
97.74,41,4113.63,2.376003675585796,1,0,-1234.4183799842085,-174.80766842769668,Engineer
291.68,21,1451.02,20.101721547601,3,0,-3896.2225609527413,30.866321228472486,Student
56.96,22,1597.85,3.5647901868135308,3,0,-3750.3708994295853,-204.86107284787758,Student
436.8,27,1256.33,34.767935176267386,3,0,-4090.3070671722335,177.19031539539384,Student
259.49,72,7320.61,3.544649967693949,2,1,1973.2576175089216,-26.69286727323251,Retired
726.26,57,2150.38,33.77356560235865,2,0,-3194.9778464068036,462.7260141863885,Retired
568.68,72,2940.04,19.342593978313218,2,0,-2405.957461541119,301.450152007341,Retired
77.57,49,12801.93,0.6059242629822221,0,2,7453.7013479587395,-231.94962627565826,Doctor
999.28,29,4272.41,23.389141023450467,1,1,-1071.8109724964334,726.2611103125026,Engineer
14.16,74,5399.76,0.2622338770612027,2,1,51.38257869025438,-263.841295963408,Retired
1142.83,61,2467.39,46.31736369199842,2,0,-2876.1958134721453,878.1377330522026,Retired
61.33,27,7537.4,0.8136758033274074,1,1,2189.1370786565612,-225.8204188226781,Engineer
27.64,54,7498.51,0.36860656317054985,1,1,2150.1385105662193,-259.31090275696545,Engineer
3.85,29,10506.41,0.036644296196322056,0,2,5157.8667693376765,-295.91799717252303,Doctor
431.22,73,6505.98,6.628056034602013,2,1,1159.373384301879,148.51605788211322,Retired
178.55,55,7568.4,2.3591512076528725,1,1,2220.6757973948943,-108.70551846560247,Engineer
248.76,18,546.46,45.52208761848991,3,0,-4801.013864015017,-7.439905802188093,Student
76.16,23,1072.25,7.102821170435998,3,0,-4275.887684701651,-183.3291782252375,Student
347.25,69,7273.55,4.774147424572595,0,1,1926.5706734417163,61.26064925512799,Doctor
28.04,57,11197.54,0.2504121440959353,0,2,5849.128775805958,-274.6373749315891,Doctor
325.98,19,782.35,41.66677318335783,3,0,-4564.784247061714,68.62970755574878,Student
249.56,76,4444.95,5.614461355020866,2,1,-902.4087037673416,-24.326566742226817,Retired
17.43,56,10658.88,0.16352562370530488,0,2,5310.4285513779005,-282.95628733335144,Doctor
198.01,26,250.93,78.91045311441437,3,0,-5096.818834383448,-55.91291728486394,Student
585.58,23,1729.02,33.8677401071127,3,0,-3616.984431439586,323.862620974955,Student
434.67,27,1298.13,33.48431975225902,3,0,-4048.514076175162,174.8455639562206,Student
510.7,27,5828.48,8.762147249368619,3,1,482.1597447391159,230.8490705868664,Student
331.98,74,7600.99,4.367588958806682,2,1,2253.9477552378858,44.599382364056,Retired
199.54,56,9603.73,2.077734380287659,1,2,4256.073031592608,-96.38521843553283,Engineer
212.97,59,4180.4,5.094488565687494,1,1,-1167.1342485037057,-59.81118045399708,Engineer
270.56,23,1268.44,21.330137807070102,3,0,-4078.8913735661326,10.570765404930683,Student
306.37,26,9609.67,3.1881427770152357,1,2,4262.432207924817,10.36870123625772,Engineer
643.02,38,11989.39,5.363241999801492,0,2,6643.58636908186,336.82927438586125,Doctor
98.48,47,9538.92,1.0324019910010778,1,2,4190.818273427359,-197.16610927015944,Engineer
889.01,36,4826.88,18.417901418721826,1,1,-517.8039342995025,613.5444027770849,Engineer
241.18,25,1445.53,16.684537851168777,3,0,-3901.9179309467163,-19.684084895849224,Student
130.54,64,11204.62,1.165055129044983,0,2,5856.658117295744,-172.17794904542217,Doctor
8.81,57,13523.65,0.06514513463451066,0,2,8175.127386413708,-303.7536544478181,Doctor
28.52,20,662.51,4.304840681650089,3,0,-4685.826175097237,-229.29224068507335,Student
885.33,47,7764.16,11.40277892263941,1,1,2419.452944146442,597.1837682925755,Engineer
199.23,29,9834.0,2.0259304453935325,1,2,4486.303596508761,-97.7078609529984,Engineer
42.26,44,268.77,15.723481043271198,0,0,-5079.494013361454,-213.51784915725128,Doctor
166.06,30,5397.68,3.0765069437239703,1,1,49.894568131218875,-111.96978993909394,Engineer
357.72,53,7659.5,4.6702787388210725,2,1,2312.539939465236,70.06296765272009,Retired
588.37,28,1926.08,30.54753696627347,3,0,-3419.9013120021027,325.7212744232571,Student
72.82,68,6911.62,1.053588015544836,0,1,1563.467774716507,-211.6190149297101,Doctor
162.36,36,7527.04,2.1570232123118784,1,1,2179.222012426194,-124.74110991742566,Engineer
584.82,43,12071.1,4.84479459204215,0,2,6725.051918040138,278.2985823386658,Doctor
38.15,72,1425.47,2.6763102695952914,2,0,-3922.7623793637413,-222.89636428296092,Retired
477.54,23,1598.63,29.871827752513084,3,0,-3747.8305031773352,216.30708782267345,Student
639.57,60,11726.47,5.454071003464811,0,2,6380.683359053409,334.5275928660511,Doctor
58.23,28,9189.76,0.6336400515356222,3,2,3841.464532576362,-235.94808125641322,Student
776.21,78,4895.87,15.854383388447815,2,1,-449.24122085656927,500.47594983225747,Retired
248.76,21,6178.77,4.026044018469695,3,1,831.3174909652944,-32.6102096231684,Student
188.61,67,7167.57,2.631435758562526,2,1,1819.909109147352,-96.92347790210437,Retired
675.37,56,4704.91,14.354578514785619,2,1,-640.659533891655,400.42230018462976,Retired
94.82,67,1267.72,7.479569621051967,2,0,-4080.282591870412,-165.44487866480506,Retired
425.18,59,5790.55,7.342653115852553,1,1,443.90655239105035,145.52479425070203,Engineer
50.28,60,5729.1,0.8776247578153638,1,1,380.85488916819486,-229.13619766648773,Engineer
864.72,34,7379.38,11.718057614596349,1,1,2034.5711151592232,578.2126831722987,Engineer
70.68,25,1478.41,4.78081181810188,3,0,-3869.7488588910874,-190.59984397773252,Student
261.77,28,824.71,31.740854360926868,3,0,-4522.669128798564,3.9853313943655166,Student
183.22,27,1024.42,17.885242381054645,3,0,-4323.272657969851,-75.78985492303772,Student
58.32,29,6027.49,0.9675669308451778,1,1,679.235096570289,-222.40277463600125,Engineer
156.86,51,14453.35,1.0852847263783139,0,2,9105.444555898346,-159.69954033358906,Doctor
120.67,42,5374.54,2.2452154044811277,0,1,26.576695724714227,-157.25137702458926,Doctor
308.62,59,9148.08,3.3736040786700596,1,2,3800.9004536755137,14.625052028652988,Engineer
506.81,59,2757.23,18.381128886599956,1,0,-2589.0469116982454,240.34105681670854,Engineer
328.39,41,2523.83,13.01157367968524,1,0,-2823.226009090105,62.81282686023326,Engineer
796.3,67,1498.79,53.129524483083024,2,0,-3846.2852060363603,536.0897282615455,Retired
72.47,29,1305.56,5.550874720426484,0,0,-4042.584794428949,-188.04829186956192,Doctor
279.6,25,1910.9,14.63184886702601,3,0,-3436.383638632952,16.679438417129347,Student
304.2,25,423.64,71.80625059012368,3,0,-4923.639248544269,49.28377570479972,Student
351.38,64,7606.63,4.61939124158793,2,1,2259.657753975631,63.96221974411122,Retired
86.07,31,842.56,10.215296240030384,0,0,-4505.527571659294,-172.34549687577598,Doctor
604.5,28,709.42,85.21045360999126,3,0,-4636.591535970783,348.63461784310584,Student
258.7,27,1358.37,19.044884677959615,3,0,-3989.0036115113403,-1.729119827947386,Student
994.63,61,13538.14,7.346873351878471,0,2,8193.859975304378,681.7835033944792,Doctor
11.46,75,7258.33,0.1578875581573172,2,1,1909.9194319617336,-274.4436525764154,Retired
63.76,69,4980.26,1.2802544445470716,2,1,-367.90693546345756,-212.4558579002999,Retired
446.83,55,1623.5,27.522636279642747,2,0,-3723.0462628407677,185.47378002803094,Retired
63.54,26,4401.78,1.443506944917738,1,1,-946.4371702784065,-210.2629370902335,Engineer
81.11,48,2051.37,3.95394297469496,1,0,-3296.718721172735,-182.6074948275828,Engineer
441.26,58,13704.92,3.219719633533067,0,2,8358.255412445775,127.82655233304553,Doctor
170.96,64,13374.89,1.278216119908276,0,2,8027.075362090264,-140.99956208568122,Doctor
48.51,22,3363.23,1.4423634422861356,3,0,-1985.0447651377208,-220.8755864638094,Student
325.03,60,13521.76,2.4037551324679622,0,2,8174.600598397691,12.40555067778945,Doctor
125.83,57,6109.86,2.0594579908541277,2,1,761.9294889418143,-155.20740439797703,Retired
506.83,37,9975.79,5.080600132921803,1,2,4629.42288360138,209.25152113414748,Engineer
738.94,41,13856.18,5.332927257007343,0,2,8510.771031096636,424.77237959282763,Doctor
180.36,33,9905.23,1.8208562547260387,1,2,4557.456977220659,-116.87353270151448,Engineer
225.1,28,1547.71,14.544068333214877,3,0,-3799.8001394583603,-36.251069985959646,Student
359.51,79,7153.72,5.025497223822011,2,1,1806.8072257684635,74.04405832171784,Retired
720.46,54,3101.54,23.229105541118283,2,0,-2243.836419707772,452.5690857808155,Retired
1116.57,56,1393.14,80.14772384684954,2,0,-3950.6234365161627,857.4520146431565,Retired
291.46,57,7142.53,4.080626892711686,2,1,1795.29697540063,6.017859029840963,Retired
98.24,28,580.66,16.91867874487652,3,0,-4767.390423351295,-158.8725702792461,Student
100.48,18,6149.81,1.6338716155458461,3,1,801.7192681589477,-180.7750623105619,Student
45.9,56,5698.25,0.8055104637388671,1,1,349.98129003934446,-233.38999146428432,Engineer
258.21,39,9562.41,2.7002607083360783,0,2,4214.983272223389,-37.56774012453937,Doctor
1079.11,53,2038.31,52.94140734235715,1,0,-3305.5695885251002,816.4569752017852,Engineer
501.3,26,8520.08,5.883747570445348,1,1,3173.6909720658577,209.92354860448307,Engineer
26.1,27,1435.72,1.817903212325523,3,0,-3912.621802574686,-235.06369020153403,Student
436.77,20,825.69,52.89757657232133,3,0,-4520.9891292011125,179.51944000573303,Student
292.38,68,5803.89,5.037655779141231,0,1,456.690309689232,12.670059606861514,Doctor
1026.46,53,3134.47,32.74748203045491,2,0,-2209.6080553449438,758.5725659898741,Retired
25.29,50,5374.69,0.4705387659567343,1,1,26.32923489220957,-252.6322352002874,Engineer
123.35,31,6852.16,1.8001622845934713,0,1,1504.1764816590112,-160.88096449322654,Doctor
139.52,23,1570.22,8.885379118849588,3,0,-3777.654265373223,-122.0619046195894,Student
51.2,18,730.6,7.007938680536545,3,0,-4617.647476841771,-206.83426314357732,Student
122.85,47,13185.39,0.9317130551314751,0,2,7837.348631670587,-188.31292612887552,Doctor
161.38,24,3900.34,4.137588005148269,3,0,-1447.4575435913034,-110.25748773076867,Student
2.51,63,4891.56,0.05131287360269524,2,1,-456.87534294303623,-273.34486199164155,Retired
22.62,64,7682.0,0.2944545691226243,0,1,2333.6180244562274,-265.0990338765723,Doctor
126.83,57,6100.98,2.0788463492750346,2,1,753.0538722239971,-154.16952528576826,Retired
46.6,55,1562.9,2.981636701004543,0,0,-3785.3201423551204,-215.04576204748798,Doctor
243.8,57,13732.81,1.775310369836909,0,2,8385.294949294825,-69.70752686515198,Doctor
231.51,60,5790.7,3.9979622498143574,2,1,443.2292016907586,-48.15687422228916,Retired
175.05,39,1447.35,12.094517566587212,1,0,-3900.354872857476,-85.91139301948843,Engineer
34.03,57,3077.2,1.1058754712075913,1,0,-2271.086764405753,-234.10124931781206,Engineer
15.95,25,1983.0,0.8043368633383761,3,0,-3365.392859128233,-247.5682837886386,Student
926.53,57,3120.1,29.695522579404503,1,0,-2224.3971303963303,658.6628340577903,Engineer
101.51,46,3052.47,3.3255036085530736,1,0,-2295.5444170239234,-166.49377883366557,Engineer
309.42,27,8564.46,3.6128372366734163,1,1,3217.2487325790944,17.874789311415043,Engineer
257.6,59,7950.74,3.23994999207621,2,1,2603.355275035229,-31.285556813531002,Retired
746.78,21,1699.81,43.933145469199495,3,0,-3645.5224244788806,485.4101406809591,Student
82.01,23,287.46,28.52918666944967,3,0,-5060.687755339117,-173.5110826887598,Student
476.99,23,1154.48,41.31643683736401,3,0,-4192.001425643928,217.9843767895117,Student
320.11,23,4076.48,7.852608132506476,3,0,-1270.6440807165604,47.761327273516144,Student
333.39,68,10628.59,3.1367283901251244,0,2,5281.51144441879,33.093312803074355,Doctor
10.3,47,7801.32,0.13202893869242643,1,1,2452.861285342012,-277.94589277794535,Engineer
416.55,33,922.96,45.131966715784,1,0,-4423.773833019303,158.6805762650302,Engineer
84.91,18,1671.86,5.078774538537916,3,0,-3676.24965936684,-177.1982105895819,Student
98.95,75,5670.82,1.7448975633153583,2,1,322.80319826897994,-180.19659938050683,Retired
18.14,58,6020.85,0.30128636322113983,2,1,672.4610208153126,-262.52159102933587,Retired
1154.79,51,6180.3,18.68501529051988,0,1,836.765147102924,873.4771221147272,Doctor
215.13,46,3956.69,5.4371204213623,1,0,-1390.8499006835077,-56.70644043134564,Engineer
218.57,62,13869.86,1.5758630584591335,0,2,8522.241374979727,-95.5088209907077,Doctor
341.88,43,4159.52,8.219217602031001,1,0,-1187.4853885384955,69.2032233002164,Engineer
691.92,19,1084.65,63.79200663808601,3,0,-4260.95582461571,433.7754637126957,Student
50.43,32,9794.26,0.5148934171647475,0,2,4445.929462358084,-246.31342915834404,Doctor
440.43,78,5123.24,8.596708333008019,2,1,-223.3073420954015,163.66486747541154,Retired
299.03,39,1381.28,21.648760569906173,1,0,-3965.909283475665,38.57676682262968,Engineer
1.98,66,11619.1,0.01704090678279729,0,2,6270.583404662569,-302.47411060144896,Doctor
173.45,31,9077.62,1.9107431242991,1,1,3729.8246137866945,-120.26159984633989,Engineer
438.76,22,1824.19,24.05231911149606,3,0,-3522.4296737772784,176.41204772013634,Student
519.62,71,4159.33,12.492877458629154,2,0,-1186.8811272530556,247.0244005786177,Retired
738.68,50,14352.33,5.14676014277821,0,2,9006.925937965978,422.40836744125056,Doctor
151.14,64,2156.54,7.00844871878101,2,0,-3191.2335774598964,-112.94643347391687,Retired
75.77,51,8361.7,0.9061554468588923,1,1,3013.520390923558,-214.85996831534,Engineer
444.52,27,5424.6,8.19452125502341,1,1,78.00082851211391,166.39894126139694,Engineer
5.29,52,11263.89,0.0469642370442183,0,2,5915.373690687858,-297.6712667545137,Doctor
97.63,48,12467.31,0.783087931558612,0,2,7119.170351140486,-210.47193204201128,Doctor
256.95,26,2531.24,10.151151214424551,1,0,-2816.1379227990196,-8.72926617001778,Engineer
734.86,48,6242.03,11.772772639670109,1,1,896.6932063891081,453.26461447552674,Engineer
1250.94,36,11565.97,10.815694662877391,0,2,6222.780108497301,946.4361455644597,Doctor
84.28,39,13586.06,0.6203417326288858,0,2,8237.837455390938,-228.58786563749604,Doctor
927.45,24,1161.84,79.82596570956414,3,0,-4182.777853959353,669.3523599781334,Student
202.49,48,7447.1,2.7190449973815314,1,1,2099.470655509919,-84.25824792751686,Engineer
154.99,25,1419.31,10.920094975727643,3,0,-3928.497315424958,-105.89462786348062,Student
481.53,58,6142.54,7.8392651899702726,2,1,796.1327385753293,200.36661007793646,Retired
172.92,20,416.37,41.530369623171694,3,0,-4931.4184184677715,-82.80862300937349,Student
275.59,53,6313.22,4.365284276486483,2,1,965.9229513980436,-6.315592038856835,Retired
207.2,60,8092.94,2.5602562233255157,1,1,2745.3390189781285,-82.28649530830216,Engineer
136.82,31,6229.13,2.1964544005342637,1,1,881.2112838993235,-144.75643974866438,Engineer
624.0,26,4976.18,12.539739318111481,1,1,-369.64977915777854,347.8324195402415,Engineer
179.38,30,8741.51,2.052048215926081,1,1,3393.742753869875,-112.90230345719903,Engineer
10.15,59,7155.04,0.14185804691518147,0,1,1806.6045315452293,-275.33357967566343,Doctor
26.3,32,7473.73,0.3518992524482421,0,1,2125.324459189289,-260.57176010943647,Doctor
319.5,29,2366.3,13.502091873388833,1,0,-2980.8091524333454,54.596725349542794,Engineer
182.42,51,3051.29,5.978455014108786,2,0,-2296.374578617385,-85.53047426197585,Retired
716.62,44,6987.4,10.255889171938062,0,1,1641.9734280896937,431.81415268953367,Doctor
222.96,65,7370.41,3.0250691616884273,0,1,2022.8917238029808,-63.44202961995612,Doctor
79.77,68,5010.31,1.5921170546333459,2,1,-337.79020534900064,-196.57274975078823,Retired
431.08,59,6760.22,6.3767155506773445,2,1,1413.5918270659586,147.27105771198495,Retired
592.24,52,9817.05,6.032769518337995,0,2,4471.071143354914,295.34422229051665,Doctor
200.19,52,4389.96,4.560178224858541,2,1,-957.6402146341406,-73.5005461220974,Retired
297.5,73,6768.14,4.395594653774893,2,1,1420.957958993019,13.675304766338172,Retired
345.86,51,1504.64,22.986229264142917,2,0,-3842.3360790310044,84.91528337276816,Retired
343.88,63,6486.18,5.301733840257286,2,1,1139.1865377993372,61.248150966600974,Retired
16.52,25,835.53,1.9771881320838272,3,0,-4512.848647983609,-242.0853788095252,Student
162.1,41,8576.65,1.8900153323267241,1,1,3228.824994282887,-129.46531793660944,Engineer
36.12,22,1593.03,2.2673772621984516,3,0,-3755.2780168905647,-225.7096484970844,Student
354.91,74,3872.55,9.164762236769054,2,0,-1474.3572114279732,83.51248928910167,Retired
38.41,40,9129.68,0.4207157315480936,0,2,3781.3165151737385,-255.4958262536333,Doctor
53.52,49,2227.49,2.402704389245294,1,0,-3120.7153571724216,-210.97862800408961,Engineer
498.59,57,2619.46,19.034075725531217,2,0,-2726.854850812222,232.72743066217856,Retired
13.3,23,213.0,6.244131455399062,3,0,-5135.396412446604,-242.53335577758753,Student
189.65,21,8457.09,2.2424971237151317,3,1,3109.3580101328125,-101.43275603630502,Student
255.32,80,6290.62,4.058741427713008,2,1,943.2717843161599,-26.457243160053167,Retired
230.51,51,9522.37,2.42072089196282,1,2,4174.840376640949,-65.07901154314996,Engineer
237.74,61,11795.12,2.01557932433074,0,2,6447.607546908496,-67.51487238418716,Doctor
512.76,52,5121.36,10.012184263554994,0,1,-224.91191795092072,235.98123740778283,Doctor
151.37,54,8356.08,1.8114953423136209,1,1,3008.2286249553063,-139.2395547295228,Engineer
85.01,25,1299.4,6.542250269355086,3,0,-4048.6985231988474,-175.46306837533342,Student
444.47,57,6062.94,7.3309318581414304,2,1,716.3736066630236,163.6453860916851,Retired
184.19,67,7588.67,2.4271710326051865,2,1,2240.98525312101,-103.13784220701257,Retired
55.98,24,7047.04,0.7943760784669875,3,1,1698.7557988871813,-229.0873649981942,Student
54.91,41,7927.27,0.6926722566532992,1,1,2578.9931380531507,-233.881921855129,Engineer
1047.69,20,1889.78,55.439786641831326,3,0,-3454.282142802852,785.717098840753,Student
393.74,26,1769.06,22.257017851288253,3,0,-3577.744196631541,131.59823650586867,Student
58.94,30,4575.98,1.288030105026683,1,1,-772.2536087140816,-215.60130718490146,Engineer
515.57,27,9269.67,5.561902419395729,1,2,3923.3352313648747,220.99195911211615,Engineer
332.15,59,9749.46,3.406855354040121,0,2,4402.37463518857,35.588713535635065,Doctor
68.68,49,4718.51,1.455544229004495,1,1,-629.6588298372135,-206.44397349037976,Engineer
240.03,33,7807.73,3.074261020808865,1,1,2460.2377477276377,-48.275681263427344,Engineer
168.34,64,7483.01,2.2496294940137727,2,1,2135.254630186593,-118.54037113572144,Retired
474.77,46,8494.53,5.589126178846858,1,1,3148.0536450508507,183.5292323995642,Engineer
451.7,29,8994.67,5.021862947723485,1,1,3648.0668567272505,158.30612837319552,Engineer
243.85,39,4576.78,5.32798168144416,1,1,-770.6526216535649,-30.647198079392837,Engineer
5.76,38,5859.79,0.0982970379484589,1,1,511.32404158830104,-274.24123607048307,Engineer
435.08,55,2103.41,20.684507537760112,1,0,-3243.178333139889,171.48628526377297,Engineer
127.78,20,1046.66,12.208358015019204,3,0,-4301.269336904605,-131.4759695361869,Student
23.14,47,10536.54,0.21961668631258457,0,2,5188.102797734887,-276.7378118902152,Doctor
545.87,27,4860.01,11.231869893271824,1,1,-486.1513351042877,270.1937916261453,Engineer
21.21,55,9575.42,0.2215046441827095,1,2,4226.996657225541,-274.5711222519084,Engineer
423.53,50,5453.4,7.766347599662596,0,1,106.74113043909256,145.31067832593357,Doctor
142.1,18,1545.64,9.193602650034936,3,0,-3802.230025432158,-119.37540979941795,Student
1413.24,58,7272.01,19.43396667496332,1,1,1929.5839738547647,1127.2005404088013,Engineer
114.15,19,1612.4,7.079508806747706,3,0,-3735.5856765742205,-147.65809984112934,Student
275.98,72,6151.05,4.486713650514953,2,1,803.7812663818167,-5.210008741502378,Retired
590.68,27,852.2,69.31236798873502,3,0,-4493.840821492423,333.7420206860854,Student
152.42,42,9141.79,1.6672883538125465,0,2,3793.918204000337,-141.5490899260242,Doctor
395.77,43,6425.99,6.158895360870465,0,1,1079.1935358365736,113.37222309602691,Doctor
207.82,19,229.02,90.74316653567374,3,0,-5118.7202766797645,-45.67228945296691,Student
220.52,57,1793.09,12.298323006653321,2,0,-3554.4000518068533,-41.90409767932738,Retired
281.47,34,4437.48,6.343014503727342,1,1,-909.7972830007602,7.572252841044417,Engineer
57.91,58,3641.06,1.590470906823837,1,0,-1707.1304411803053,-212.61364607862762,Engineer
30.48,32,11481.85,0.2654624472537091,0,2,6133.413012967168,-273.4366306936969,Doctor
1152.58,65,7567.17,15.231321616932089,2,1,2223.633632133481,865.2864221329675,Retired
453.09,48,6708.65,6.75381783220171,0,1,1362.102609217036,169.48840938789834,Doctor
424.47,22,5491.55,7.729511704345768,3,1,144.8575457393972,146.05360504126332,Student
228.4,67,9598.43,2.379555823191918,0,2,4250.911562368869,-67.4935643791791,Doctor
67.17,63,14410.44,0.4661203960461998,0,2,9062.165178221494,-249.17092608699613,Doctor
284.89,53,9738.6,2.925369149569753,0,2,4391.304045333555,-11.625367970494494,Doctor
118.69,33,749.34,15.83927189259882,0,0,-4598.61489469369,-139.17493125899426,Doctor
221.33,27,1185.43,18.670862050057785,3,0,-4162.101897171866,-38.358201610461265,Student
252.31,26,1584.6,15.922630316799195,3,0,-3762.7987284492337,-9.17168010036724,Student
58.85,71,1789.8,3.2880768800983353,2,0,-3558.3501885685328,-203.73766451114744,Retired
194.68,32,14494.18,1.3431598062118726,0,2,9146.411785357042,-122.08513636715662,Doctor
433.53,38,6368.32,6.807603889251797,0,1,1021.6792369500472,151.37372023901423,Doctor
178.26,59,1137.13,15.676307897953617,2,0,-4210.538715054021,-81.25399464359725,Retired
207.65,34,5143.8,4.036898790777246,1,1,-203.79964760183248,-69.28584669410563,Engineer
237.0,49,14021.4,1.690273439171552,0,2,8673.84174201217,-77.74349108225596,Doctor
1169.59,28,5946.45,19.668709902546897,3,1,602.9491267556486,889.2664239965453,Student
347.63,25,1400.04,24.830004857004088,3,0,-3946.9652603186587,87.1527329434071,Student
517.68,31,11305.81,4.578884661956994,0,2,5959.466603655254,214.42006071506677,Doctor
36.25,52,193.06,18.776546151455506,0,0,-5155.2249438937415,-219.10335187961877,Doctor
46.53,42,4468.12,1.041377581622696,1,1,-880.149578079091,-227.5401471076391,Engineer
207.47,53,1688.9,12.284327076795547,0,0,-3658.649879088779,-54.510542200397225,Doctor
199.7,43,7574.45,2.6364950590471916,1,1,2226.8006681017887,-87.59684163256995,Engineer
307.89,62,2637.55,11.673333206953421,2,0,-2709.5657393365027,41.824039969003366,Retired
403.63,31,3304.02,12.216330409622218,1,0,-2042.7325122872326,134.66667866576825,Engineer
20.06,27,445.21,4.505738864805372,3,0,-4903.1512357389,-236.81029492878952,Student
236.57,79,3488.77,6.780899858689452,2,0,-1858.6314189826826,-33.20745913293044,Retired
0.32,39,7158.58,0.004470160283184654,1,1,1810.0759880215992,-285.2021608912202,Engineer
14.28,23,1597.51,0.8938911180524691,3,0,-3750.888094312899,-247.5983718811302,Student
232.35,33,4186.25,5.550313526425798,1,1,-1161.2357177059603,-40.48230502291776,Engineer
317.53,44,6237.68,5.090514422028702,1,1,890.551701957711,35.93746366041154,Engineer
74.67,43,3449.35,2.164755678606114,1,0,-1898.7866109740694,-195.04702568159422,Engineer
65.01,29,10235.19,0.6351616335407549,0,2,4886.912716540633,-233.61458900445507,Doctor
0.45,34,8670.23,0.005190173732415404,1,1,3321.701271091625,-291.50492080577476,Engineer
364.13,63,8198.0,4.441693095877043,0,1,2851.074882345566,74.18579935824351,Doctor
340.13,24,1149.74,29.583210117069946,3,0,-4197.305813215289,80.85973241568865,Student
15.81,69,8384.85,0.18855435696524087,0,1,3036.436707312151,-274.8912965151097,Doctor
222.66,39,14466.38,1.5391549233464075,0,2,9118.741589547262,-93.98531257099106,Doctor
638.24,48,5695.78,11.205488976048935,1,1,350.03434726439355,358.9934702511025,Engineer
241.21,31,1220.86,19.757384139049524,1,0,-4126.5832318686935,-18.600854428677366,Engineer
171.16,51,6126.5,2.7937647922957645,2,1,778.7554371014712,-109.95388649064319,Retired
1360.67,29,2861.65,47.54844233222092,1,0,-2481.045228978049,1094.2021500509018,Engineer
37.65,27,411.78,9.14323182281801,3,0,-4936.51468462298,-218.94878176974103,Student
25.77,68,4331.54,0.5949385207108788,2,1,-1016.7826560717167,-247.69230183157535,Retired
789.8,40,13948.09,5.662424030817123,0,2,8602.897300859782,475.2274038612816,Doctor
308.85,20,333.19,92.6948587892794,3,0,-5014.118515605499,54.92854538188146,Student
364.81,25,1145.23,31.854736603127755,3,0,-4201.712752239026,105.61628194633471,Student
490.82,26,8704.27,5.6388416260065455,1,1,3357.8339938745985,198.65791364041633,Engineer
1021.38,61,6223.26,16.412298377377773,0,1,879.166953537434,739.8889110229225,Doctor
85.03,51,4597.57,1.8494552557111694,2,1,-750.5252003414371,-189.57304488830778,Retired
307.75,64,1061.58,28.98980764520809,0,0,-4285.550204027655,48.8991875007207,Doctor
333.67,36,9238.08,3.611897710346739,1,2,3890.976787633642,39.26077160510141,Engineer
589.89,56,9404.63,6.27233607276416,1,2,4058.650655504306,294.7605690490374,Engineer
372.08,66,13330.74,2.7911428772896327,0,2,7983.792981359337,60.2652297076915,Doctor
103.81,36,7044.63,1.4736047173520823,0,1,1696.5670345372246,-181.23418648774796,Doctor
69.43,30,9281.85,0.7480189832845824,1,2,3933.6044746194975,-225.13889913141878,Engineer
110.4,56,8639.36,1.2778724349951849,0,1,3291.33230441095,-181.40899729731623,Doctor
275.65,28,4957.57,5.560183719039771,1,1,-389.7450455169537,-0.4866321399404967,Engineer
336.01,63,9938.2,3.3809945462961095,0,2,4591.134240694443,38.64857418984343,Doctor
251.8,62,11796.66,2.1345024778199932,0,2,6449.209242224825,-53.46300233018215,Doctor
334.07,59,7306.79,4.572048738228415,1,1,1959.740539931513,47.927332285743034,Engineer
52.44,27,3157.75,1.6606761143219062,3,0,-2190.4991770621123,-216.06131684341764,Student
1030.85,25,1941.8,53.087341641775666,3,0,-3402.3239441940373,768.5998237392225,Student
141.37,46,1019.77,13.862929876344667,1,0,-4328.069421795145,-117.69775340479933,Engineer
211.7,50,12272.78,1.724955552042813,0,2,6925.135499456773,-95.59571580643404,Doctor
61.4,41,7892.87,0.777917284840622,1,1,2544.621383018003,-227.24605467128902,Engineer
308.23,60,4150.63,7.426101579760182,2,0,-1196.4967120854153,35.602956047668386,Retired
111.41,21,1204.11,9.25247693317056,3,0,-4143.884386331124,-148.5943289219333,Student
675.49,61,1893.0,35.683571051241415,2,0,-3452.572456256322,413.1343131795785,Retired
29.72,26,1059.62,2.8047790717427,3,0,-4288.704909482398,-229.81831452192387,Student
301.73,67,990.74,30.4550134243091,0,0,-4356.414447846323,43.23001159328987,Doctor
294.61,60,7375.59,3.994392313021738,2,1,2028.3717863321754,8.176630315238299,Retired
106.43,52,9403.12,1.1318583619054101,1,2,4055.0605902763245,-188.63340131510375,Engineer
381.52,36,5798.92,6.579156118725556,0,1,452.05978161200983,101.79865650506429,Doctor
1142.76,25,1498.93,76.2383833801445,3,0,-3844.75433229275,883.0277976910571,Student
5.66,40,5434.64,0.10414673281026894,1,1,86.18148426738571,-272.5311120173612,Engineer
209.09,48,9100.81,2.2974878060304524,0,1,3753.189718413124,-84.70442471131753,Doctor
521.81,47,4750.96,10.983253910788555,1,1,-595.277068648068,246.6247293550328,Engineer
588.36,33,8434.99,6.975230557475469,1,1,3088.984475607199,297.346983201317,Engineer
146.67,20,1569.75,9.343526039178213,3,0,-3778.0983054462304,-114.90313268440627,Student
176.52,73,7132.08,2.4750143015782213,2,1,1784.3755776164862,-108.8546388358256,Retired
57.34,27,1100.64,5.209696176769879,3,0,-4247.570009782278,-202.31270346013608,Student
294.77,77,2272.17,12.973060994555862,2,0,-3074.980902786422,30.319714657289524,Retired
881.32,31,2287.93,38.5204092782559,1,0,-3056.8044472793613,617.2411793250126,Engineer
162.59,64,7104.83,2.288443213982601,2,1,1757.0544287052708,-122.67882235797819,Retired
56.15,31,13265.92,0.42326502798147436,0,2,7917.570007942469,-255.35958930191705,Doctor
524.55,39,8292.75,6.3254047209912265,0,1,2946.480377099201,234.15819997154017,Doctor
535.4,23,651.84,82.1367206676485,3,0,-4694.469007452922,279.71341471100027,Student
56.84,45,7977.78,0.7124789101730056,1,1,2629.5160342109566,-232.16216303845033,Engineer
135.94,71,4710.21,2.886070897051299,2,1,-637.6429606208403,-139.11015524130846,Retired
47.1,42,6308.07,0.7466626083730841,0,1,959.7808972746934,-234.80166420086988,Doctor
124.05,61,7009.54,1.769730966654017,0,1,1661.5968972457176,-160.81543232337813,Doctor
802.89,19,1973.63,40.68087736809837,3,0,-3371.4595417481105,540.2322156796242,Student
193.16,64,2304.56,8.381643350574514,2,0,-3043.0370228351853,-71.53391315026934,Retired
541.52,48,6087.24,8.895985701237343,1,1,741.0771001186995,260.5841481848083,Engineer
20.17,77,3869.37,0.5212734889659041,2,0,-1478.9591488995902,-251.31631444421373,Retired
35.98,40,11147.34,0.32276758401555883,0,2,5798.941239270228,-266.50567710004435,Doctor
273.24,51,2202.21,12.407536066042749,2,0,-3145.065772204757,9.048987485291605,Retired
663.45,67,5897.29,11.250082665088541,2,1,551.6751975336956,383.35951324310815,Retired
343.86,57,3278.65,10.48785323227548,1,0,-2068.3223692940483,75.01121366758116,Engineer
69.38,69,12072.11,0.5747131197446014,0,2,6723.8813121108205,-237.0101708555416,Doctor
75.43,77,1441.86,5.231437171431347,2,0,-3906.210579312474,-185.62114071141053,Retired
414.64,32,7253.22,5.716633440044559,0,1,1906.4812179860664,128.69058648189565,Doctor
86.79,33,8795.37,0.9867691751455595,0,1,3447.209013531571,-205.7077926441291,Doctor
1105.88,34,2636.32,41.947866723311286,1,0,-2707.4532855489424,840.3244594297627,Engineer
14.1,45,6949.21,0.20290076138150953,1,1,1600.77546844291,-270.525158508581,Engineer
63.33,23,792.33,7.992881753814698,3,0,-4555.861435829234,-194.9370127059628,Student
606.27,29,9668.78,6.27038778418787,0,2,4322.832890527589,309.97785774943657,Doctor
4.47,27,1381.75,0.3235028044146915,3,0,-3966.681305132838,-256.49878240920674,Student
289.01,66,4226.26,6.83843398181844,2,1,-1120.9414729239988,16.059799822954233,Retired
338.69,18,1137.89,29.764740001230344,3,0,-4209.1701164314845,79.46896165620143,Student
97.73,69,7885.21,1.2394089694504016,0,1,2537.154092756992,-190.8526751146228,Doctor
1021.16,20,9427.06,10.832221286381968,3,2,4082.8837702773135,725.8340548476599,Student
27.61,54,3679.64,0.7503451424595885,2,0,-1668.685299384928,-243.09371395601934,Retired
284.17,51,3479.56,8.166837186310913,2,0,-1867.6755338782882,14.417944541623626,Retired
76.21,22,664.93,11.461356834554014,3,0,-4683.212891908313,-181.41967488157377,Student
334.79,69,624.09,53.64450640132033,0,0,-4722.963401806939,78.52278242215618,Doctor
584.51,74,3254.56,17.959724202349932,2,0,-2091.3675425795122,315.8973445991868,Retired
432.18,18,678.83,63.66542433304362,3,0,-4667.892360123804,175.8721951349852,Student
134.55,59,14852.42,0.9059129757978835,0,2,9504.42421805142,-183.69193633764468,Doctor
61.66,26,5705.4,1.0807305359834543,3,1,357.15894227198623,-217.69508874291006,Student
12.35,25,1846.85,0.6687061753797006,3,0,-3501.556417611102,-250.5918469391056,Student
213.25,25,677.79,31.46254739668629,3,0,-4669.799967364717,-43.90013114754851,Student
34.93,31,2810.37,1.2428968427644758,1,0,-2537.94390794939,-232.09423951215894,Engineer
959.48,67,10631.43,9.024938319680418,0,2,5287.038681577948,659.0639027488785,Doctor
335.68,24,1188.95,28.23331510997098,3,0,-4158.112659327404,76.20506963246072,Student
423.96,43,8374.38,5.0625837375423615,0,1,3027.683311315265,133.23360706149572,Doctor
361.38,72,4972.92,7.266957843681378,2,1,-373.97156356802225,85.24282833371461,Retired
220.82,42,4298.13,5.137583088459399,1,1,-1049.3941924488227,-52.484259351662786,Engineer
406.12,42,10501.53,3.867246010819376,0,2,5154.7311969397315,106.32148751493526,Doctor
427.83,47,3293.06,12.991867746108483,1,0,-2053.5686571693172,158.94450771238388,Engineer
416.62,26,9700.9,4.294653073426177,3,2,4354.133983615638,120.21426706128375,Student
21.9,28,1052.27,2.0812148973172286,3,0,-4296.084414477875,-237.62259066651274,Student
717.74,42,8375.16,8.569866127930691,1,1,3029.7217962893183,426.9813526902192,Engineer
393.68,55,10135.88,3.8840238834713907,0,2,4789.049047910284,95.45764198696673,Doctor
239.85,70,1477.63,16.23207433525307,2,0,-3869.7639988534484,-21.109616578768822,Retired
237.84,26,8932.39,2.6626692296238748,3,1,3584.8656770929692,-55.26665784598089,Student
459.29,64,1006.12,45.649624299288355,2,0,-4340.3911733719215,201.10027005513473,Retired
196.49,41,7516.56,2.614094745468672,1,1,2168.8949656873674,-90.56233837003504,Engineer
21.23,23,319.18,6.651419261858512,3,0,-5029.1843739182605,-235.04627443789934,Student
95.23,20,966.88,9.849205692536819,3,0,-4381.183811216193,-163.74203570968126,Student
344.87,58,7447.44,4.63071874362197,2,1,2100.4337619877324,58.12509501778317,Retired
129.62,23,620.28,20.8970142516283,3,0,-4727.650448791471,-127.56328862721638,Student
16.53,21,707.95,2.3349106575323115,3,0,-4640.433013514154,-241.5271705745938,Student
277.02,46,8586.38,3.2262723056748017,0,1,3239.054571911046,-14.592660570461476,Doctor
13.02,51,6076.45,0.21426984505755828,0,1,728.0296491089912,-267.88667706031595,Doctor
199.02,22,793.63,25.07717702203798,3,0,-4554.01329919128,-58.8088333766847,Student
684.5,29,6258.63,10.936898330784853,0,1,913.0528194727422,402.80912492997595,Doctor
1173.74,61,10456.24,11.225258792835666,0,2,5112.762690674149,874.0307106430622,Doctor
45.92,26,544.56,8.432495960041136,3,0,-4803.700468582999,-211.26922916684924,Student
331.38,42,844.55,39.237463738085374,1,0,-4502.526112708268,73.71836479776312,Engineer
602.8,60,7417.69,8.126519172410818,2,1,2071.7921142521673,316.1719112207801,Retired
64.12,57,1029.09,6.230747553663917,0,0,-4319.052156831908,-195.16556721970673,Doctor
57.38,28,899.52,6.378957666310922,3,0,-4448.688493360751,-201.38186014285847,Student
94.64,28,586.76,16.129252164428387,3,0,-4761.3043702440045,-162.5202580345645,Student
301.39,47,10548.58,2.857161817040777,0,2,5201.33747783371,1.4144406148652138,Doctor
136.31,74,4384.95,3.108587327107493,2,1,-962.893873960672,-137.34731407683444,Retired
4.39,26,1429.61,0.3070767551989703,3,0,-3918.8235181065443,-256.7839033874189,Student
429.25,29,5019.68,8.551341918209925,1,1,-326.97816057181535,152.87024088650327,Engineer
138.54,60,8274.77,1.6742459307026054,1,1,2926.8724284736372,-151.7150139558533,Engineer
33.03,21,935.88,3.529298628029234,3,0,-4412.437166643711,-225.96824805296316,Student
76.39,30,11584.32,0.6594258445899285,0,2,6236.076352677209,-227.9735716108965,Doctor
25.32,19,1642.34,1.5417026924997261,3,0,-3706.017622166666,-236.73951523821435,Student
330.91,36,6481.35,5.105572141606301,1,1,1134.2658975325003,48.26639997388901,Engineer
153.55,37,5619.91,2.7322501605897607,0,1,272.07792961479663,-125.4208478393054,Doctor
217.61,27,1661.1,13.100355186322318,3,0,-3686.4421314568626,-44.26371762538224,Student
131.69,53,2958.43,4.451347505264617,1,0,-2389.4462555398954,-135.88579990170993,Engineer
953.17,60,3506.11,27.18596963586425,2,0,-1838.2679793471134,683.579121673859,Retired
68.49,67,6683.31,1.024791607751249,2,1,1335.1402871889668,-214.97840963370462,Retired
1493.0,69,1619.16,92.20830554114478,2,0,-3722.9906403831255,1233.1250049312052,Retired
470.62,57,12470.62,3.7738300100556343,0,2,7124.094890674684,162.43620936800312,Doctor
385.35,38,5184.13,7.433262668953132,0,1,-162.70525478279615,108.26837836229618,Doctor
74.72,26,165.75,45.07993966817496,3,0,-5182.458552472846,-179.7869011722747,Student
352.03,27,4846.68,7.263322521808742,3,1,-500.30944430009004,76.3798778352724,Student
275.87,25,1697.58,16.25078052286196,3,0,-3649.7204893102908,13.905953306682818,Student
90.94,63,3896.08,2.334140982731361,2,0,-1451.9663190733618,-180.65463775633856,Retired
206.25,74,3651.07,5.649028914811274,2,0,-1696.4683987155618,-64.24337012387323,Retired
116.76,51,4480.43,2.605999870548139,1,1,-867.5282616591994,-157.33687442788516,Engineer
91.5,47,667.66,13.704580175538448,0,0,-4680.388362640673,-166.05194924682067,Doctor
489.31,43,5595.22,8.745143175782186,1,1,248.83173196828466,210.47890715245018,Engineer
414.49,58,12709.58,3.2612407333680578,0,2,7362.812171427869,105.30143917774922,Doctor
315.13,30,6570.94,4.795813080015949,1,1,1223.7795071411228,32.09624040139528,Engineer
28.38,45,8892.62,0.31914104054822984,0,1,3544.2229432798586,-264.5105105471295,Doctor
456.05,68,11729.51,3.8880567048410377,0,2,6382.945381154216,151.04007311297374,Doctor
277.22,35,12104.51,2.290220752430293,0,2,6757.129409191936,-29.39085665859639,Doctor
54.84,52,3495.51,1.568869778658908,2,0,-1852.699886655152,-215.07124753195762,Retired
29.92,68,7855.01,0.380903397958755,0,1,2506.6624290035497,-258.5305139825487,Doctor
133.06,35,8843.44,1.5046181124087459,1,1,3495.47936362131,-159.6451393269905,Engineer
332.06,29,11826.52,2.807757480645194,0,2,6479.370489592097,26.614598960124965,Doctor
14.34,67,7932.51,0.18077506363055323,2,1,2584.0929800045005,-274.44008599072066,Retired
468.32,69,4710.04,9.94301534594186,2,1,-636.3965189196397,193.32818281138327,Retired
582.17,57,7310.83,7.963117730818525,1,1,1964.8410493911751,295.99701468007424,Engineer
245.62,23,1879.82,13.066144630868914,3,0,-3467.6091717135564,-17.201938725865716,Student
981.9,43,9018.33,10.887825129486279,0,1,3674.020047286099,688.3583863880397,Doctor
83.6,47,13899.24,0.6014717351452309,0,2,8551.021156372859,-230.5900394669397,Doctor
331.22,61,12613.25,2.625968723366302,0,2,7266.129400875066,22.463061888440507,Doctor
57.49,24,765.15,7.513559432790956,3,0,-4583.063976104546,-200.6718343696387,Student
85.58,55,7794.84,1.0979057940894232,1,1,2446.714569277671,-202.6339137177829,Engineer
157.56,43,7541.16,2.0893337364543387,0,1,2193.33063212707,-129.5926596396476,Doctor
230.3,46,8356.88,2.7558131742947136,1,1,3009.3566598582793,-60.329916344604925,Engineer
305.92,72,1445.47,21.16405044725937,2,0,-3901.646320523306,45.21588901274629,Retired
942.7,35,5141.32,18.335758132152836,1,1,-203.13734790244507,665.869893661247,Engineer
116.33,27,1696.15,6.858473601980957,3,0,-3651.8163700197456,-145.83212159844095,Student
537.71,19,1806.08,29.772213855421693,3,0,-3540.128527870072,275.56044056614076,Student
538.17,27,5908.04,9.109112328284844,1,1,561.8369233238291,257.9787310971551,Engineer
219.44,42,4207.27,5.215733718064207,1,1,-1140.2591842739766,-53.475038650507344,Engineer
61.62,57,8365.37,0.736608183499355,0,1,3017.1377088110285,-229.01711190177798,Doctor
58.77,27,7261.7,0.8093146232975751,1,1,1913.429459874861,-227.20726839285862,Engineer
538.13,62,5008.59,10.744141564791686,2,1,-337.5599065393808,261.85298452174516,Retired
177.05,24,4287.82,4.129137883586532,3,1,-1059.9147261988728,-96.2421197054201,Student
403.01,63,10513.52,3.833254704418691,0,2,5166.735200489603,103.185990130861,Doctor
163.22,26,1788.27,9.127257069681871,3,0,-3559.5013052029067,-99.28881119592634,Student
242.85,42,4672.8,5.197098099640472,1,1,-674.6339220950567,-32.05526682357788,Engineer
291.22,41,3677.63,7.918686762942439,1,0,-1669.5899527172355,20.603374351585046,Engineer
56.52,42,6911.2,0.8178029864567659,1,1,1562.9437190769777,-227.94794367744748,Engineer
195.8,39,12027.68,1.6279116172029853,0,2,6679.955744163311,-110.46257187304306,Doctor
66.76,36,184.72,36.14118666089217,0,0,-5163.490665169593,-188.07670239538194,Doctor
106.99,38,5771.4,1.8537963059223066,1,1,423.36815421462506,-172.6288278359067,Engineer
655.81,55,4539.99,14.44518600261234,2,1,-805.6633723404175,381.5737021770731,Retired
107.1,25,193.8,55.263157894736835,3,0,-5154.2919235862355,-147.24044076983438,Student
79.92,44,9138.76,0.874516892882623,1,2,3790.5795670642938,-214.0247818743576,Engineer
430.83,18,941.49,45.76044355224166,3,0,-4405.20380806506,172.87613819582947,Student
235.34,26,566.83,41.51862110332904,3,0,-4780.683121285517,-21.049437414080415,Student
86.35,52,1550.48,5.569243073112842,2,0,-3797.5782609032103,-175.18769901985902,Retired
337.99,70,9038.63,3.7393941338455057,0,1,3691.592340568729,44.471162645232255,Doctor
577.13,40,6640.51,8.691049332054316,1,1,1294.4838224983632,293.81035804995076,Engineer
213.33,52,5400.44,3.9502336846627317,2,1,52.88523351805725,-64.68052020712477,Retired
54.52,32,6980.98,0.7809791748436468,0,1,1632.7014038417537,-230.25678303239835,Doctor
100.13,57,5209.16,1.9221909098587873,0,1,-138.8695451647618,-177.07070652135587,Doctor
883.92,53,2342.64,37.73178977563774,2,0,-3002.0536385555906,619.6103887428827,Retired
69.8,27,136.77,51.03458360751626,3,0,-5211.470623616778,-184.40404382035052,Student
768.94,64,6860.18,11.208743793894621,2,1,1515.0045106975667,484.70374919117296,Retired
179.62,24,409.26,43.88897033670528,3,0,-4938.4991459533385,-76.00680466123384,Student
263.34,64,2411.02,10.922348217766753,2,0,-2936.2809245579974,-1.7627571653684413,Retired
113.03,36,6756.13,1.6729991874046237,0,1,1408.1099651257355,-170.78586243563853,Doctor
11.02,42,7879.66,0.1398537500349,0,1,2531.197051271335,-277.56504748856725,Doctor
865.17,24,9297.5,9.305404678677064,3,2,3952.660879957869,570.4243315608567,Student
152.0,51,7531.43,2.018209025377651,1,1,2183.587197538721,-135.10132028130727,Engineer
270.39,25,899.15,30.07173441583718,3,0,-4448.19328460514,12.232001797783198,Student
246.41,54,1431.6,17.212210114557138,2,0,-3915.788138845769,-14.346965192498374,Retired
336.84,22,4500.26,7.4849008723940385,3,1,-846.7976945847458,62.67006338922607,Student
261.45,50,6735.74,3.8815334321099093,1,1,1388.373998716629,-22.263525651133364,Engineer
99.98,73,3037.97,3.291013406979003,2,0,-2310.015605610724,-167.9301792396094,Retired
400.69,32,9040.33,4.432249707698723,1,1,3693.5114008387236,107.11098571098927,Engineer
411.47,26,796.63,51.65133123281825,3,0,-4550.1474379878,154.324601212603,Student
204.63,52,9199.52,2.224355183748717,1,2,3851.8844523182515,-89.57944714607848,Engineer
421.56,53,8037.87,5.244673029048741,1,1,2691.1796443920666,132.28271399800963,Engineer
193.38,18,1081.79,17.875927860305605,3,0,-4265.871303418979,-65.88934194596246,Student
377.04,34,3812.87,9.888614088599928,1,0,-1533.9947061082921,105.85990954226315,Engineer
54.1,28,940.91,5.74975289878947,1,0,-4407.311445989885,-204.8550413062776,Engineer
18.1,57,6474.34,0.2795651757553666,2,1,1125.9439657923213,-264.49141427470846,Retired
408.62,48,2498.48,16.35474368415997,1,0,-2848.227442691507,143.2219847222098,Engineer
162.1,64,9578.74,1.692289382528391,0,2,4230.9333038764535,-133.70408375111526,Doctor
165.31,49,7346.66,2.2501381580201074,0,1,1998.8739939237366,-121.0072896143505,Doctor
267.48,21,811.86,32.9465671421181,3,0,-4535.506036356686,9.774729523221879,Student
856.9,36,8579.69,9.987540342366682,1,1,3234.838763588973,565.2442606016922,Engineer
433.9,65,9013.1,4.814103915412011,0,1,3666.4676076774676,140.47258103160982,Doctor
271.22,45,6863.02,3.9519045551375345,0,1,1515.6880685955093,-13.042949958850642,Doctor
307.68,75,2052.84,14.988016601391244,2,0,-3294.2593450139266,44.2136601446274,Retired
348.17,21,1887.84,18.44277057377744,3,0,-3459.1607883010956,85.42478494668467,Student
43.1,25,6944.9,0.6205992886866623,3,1,1596.5631745969295,-241.53129872843868,Student
557.78,26,1289.48,43.2561962961814,3,0,-4056.6547181961823,298.2252404271645,Student
325.6,69,13777.1,2.3633420676339725,0,2,8429.95176319202,11.899279704177445,Doctor
235.83,53,4120.75,5.722987320269369,1,0,-1226.6940684837646,-36.69638466916592,Engineer
603.54,44,10517.47,5.7384523083973615,0,2,5171.521356885046,303.64306982185906,Doctor
270.25,31,5414.97,4.99079403948683,1,1,67.63111652103726,-7.842109083037315,Engineer
123.38,59,13542.41,0.9110638357574464,0,2,8194.38225073244,-189.28730020406,Doctor
577.12,39,5265.88,10.959611688834535,1,1,-80.13526619078857,299.71052593956074,Engineer
92.24,60,6937.48,1.3295894186361619,1,1,1589.399983256838,-192.31901665615135,Engineer
856.21,33,12690.79,6.74670371190446,0,2,7345.887927435356,546.9767738131156,Doctor
251.54,48,254.75,98.73994111874387,0,0,-5092.780239638694,-1.8100035305594702,Doctor
28.63,56,3382.91,0.8463127898761716,2,0,-1965.404805533949,-240.8073991518174,Retired
185.97,23,1776.91,10.4659211777749,3,0,-3570.7697623905046,-76.46466553476651,Student
