TransactionAmount,CustomerAge,TransactionDuration,LoginAttempts,AccountBalance,TransactionDate,TransactionType,Location,Channel,CustomerOccupation,PreviousTransactionDate,CustomerAgeBin,Target
14.09,70.0,81.0,1.0,5112.21,2023-04-11 16:29:14,Debit,San Diego,ATM,Doctor,2024-11-04 08:08:08,Senior,2
376.24,68.0,141.0,1.0,13758.91,2023-06-27 16:44:19,Debit,Houston,ATM,Doctor,2024-11-04 08:09:35,Senior,1
126.29,19.0,56.0,1.0,1122.35,2023-07-10 18:16:08,Debit,Mesa,Online,Student,2024-11-04 08:07:04,Young,1
184.5,26.0,25.000000000000004,1.0,8569.06,2023-05-05 16:32:11,Debit,Raleigh,Online,Student,2024-11-04 08:09:06,Young,2
92.15,18.0,172.0,1.0,781.68,2023-04-03 17:15:01,Debit,Oklahoma City,ATM,Student,2024-11-04 08:06:36,Young,2
7.08,37.0,139.0,1.0,13316.71,2023-02-15 16:36:48,Credit,Seattle,ATM,Doctor,2024-11-04 08:10:09,Adult,2
171.42,67.0,291.0,1.0,2796.24,2023-05-08 17:47:59,Credit,Indianapolis,Branch,Retired,2024-11-04 08:10:55,Senior,2
106.23,51.0,86.0,1.0,9095.14,2023-03-21 16:59:46,Credit,Detroit,Branch,Engineer,2024-11-04 08:11:14,Senior,2
815.96,55.0,120.0,1.0,1021.8800000000001,2023-03-31 16:06:57,Debit,Nashville,ATM,Doctor,2024-11-04 08:06:32,Senior,2
17.78,52.0,59.00000000000001,1.0,7599.5199999999995,2023-03-14 16:46:10,Credit,Albuquerque,Online,Engineer,2024-11-04 08:06:45,Senior,2
190.02,21.0,173.0,1.0,1528.81,2023-02-06 17:30:00,Debit,Memphis,Online,Student,2024-11-04 08:07:12,Young,2
494.52,24.0,111.0,1.0,1620.02,2023-06-07 17:21:28,Credit,Mesa,Branch,Student,2024-11-04 08:08:38,Young,1
781.76,26.0,123.0,1.0,189.69,2023-11-20 16:39:15,Debit,Memphis,ATM,Student,2024-11-04 08:07:06,Young,3
166.99,18.0,134.0,1.0,299.93,2023-02-13 16:53:57,Debit,Louisville,Online,Student,2024-11-04 08:10:09,Young,2
465.45,36.0,129.0,1.0,3465.54,2023-12-12 16:23:31,Debit,Denver,ATM,Engineer,2024-11-04 08:12:19,Adult,3
555.8,19.0,158.0,1.0,1131.26,2023-10-30 16:52:49,Credit,Austin,Branch,Student,2024-11-04 08:07:35,Young,3
492.93,39.0,234.0,1.0,5109.97,2023-12-14 18:32:14,Debit,Columbus,Online,Engineer,2024-11-04 08:11:51,Adult,3
18.68,59.0,106.0,1.0,7948.369999999999,2023-02-21 16:56:50,Credit,Albuquerque,Branch,Retired,2024-11-04 08:12:01,Senior,2
71.48,18.0,169.0,1.0,6568.59,2023-06-08 18:18:50,Credit,Columbus,Online,Student,2024-11-04 08:09:20,Young,1
59.32,71.0,37.99999999999999,1.0,5750.89,2023-02-28 16:36:58,Debit,Los Angeles,Branch,Retired,2024-11-04 08:09:24,Senior,2
85.77,38.0,93.0,1.0,9146.19,2023-08-11 18:31:31,Debit,Las Vegas,Branch,Doctor,2024-11-04 08:08:13,Adult,1
52.2,39.0,120.0,1.0,8974.93,2023-06-06 18:54:15,Debit,Atlanta,Online,Engineer,2024-11-04 08:07:01,Adult,1
145.54,21.0,96.0,1.0,1930.96,2023-03-02 16:43:56,Debit,Raleigh,Online,Student,2024-11-04 08:07:09,Young,2
7.49,65.0,276.0,1.0,3634.67,2023-10-20 17:53:13,Credit,Houston,Online,Retired,2024-11-04 08:09:44,Senior,3
40.32,37.0,95.0,1.0,2686.52,2023-03-29 16:42:38,Debit,Milwaukee,Branch,Engineer,2024-11-04 08:11:59,Adult,2
127.45,44.0,197.0,1.0,1772.06,2023-01-24 16:18:32,Debit,Las Vegas,Online,Doctor,2024-11-04 08:11:22,Adult,2
56.17,27.0,283.0,1.0,1351.69,2023-09-20 16:55:42,Debit,Detroit,Branch,Student,2024-11-04 08:08:30,Young,3
28.31,59.0,20.0,1.0,8334.47,2023-07-17 17:49:22,Credit,Miami,Online,Doctor,2024-11-04 08:09:17,Senior,1
59.12,29.0,257.0,1.0,9823.64,2023-02-06 16:24:24,Debit,Baltimore,ATM,Doctor,2024-11-04 08:06:58,Young,2
877.81,22.0,150.0,1.0,399.0,2023-03-13 17:23:24,Debit,Los Angeles,Online,Student,2024-11-04 08:07:50,Young,2
255.26,45.0,50.00000000000001,1.0,14815.87,2023-10-27 16:42:49,Credit,San Francisco,Branch,Doctor,2024-11-04 08:10:51,Adult,3
124.76,49.0,45.0,1.0,5764.72,2023-10-16 16:32:56,Debit,Seattle,Branch,Engineer,2024-11-04 08:06:23,Adult,3
78.13,26.0,145.0,1.0,900.61,2023-11-21 16:58:44,Debit,Milwaukee,Branch,Student,2024-11-04 08:12:18,Young,3
335.63,55.0,215.99999999999997,1.0,1019.39,2023-01-24 17:17:20,Debit,Oklahoma City,Online,Retired,2024-11-04 08:07:32,Senior,2
328.47,63.0,119.0,1.0,4323.66,2023-07-31 18:39:50,Debit,San Antonio,ATM,Retired,2024-11-04 08:07:31,Senior,1
34.02,38.0,18.999999999999996,1.0,14214.48,2023-01-09 16:13:21,Debit,Philadelphia,Online,Doctor,2024-11-04 08:11:45,Adult,2
241.42000000000002,57.0,116.00000000000001,1.0,13357.02,2023-04-20 18:57:43,Credit,Charlotte,Online,Doctor,2024-11-04 08:09:03,Senior,2
55.32,19.0,117.0,1.0,241.79000000000002,2023-04-12 16:03:37,Debit,Tucson,ATM,Student,2024-11-04 08:08:03,Young,2
304.31,27.0,33.0,1.0,868.61,2023-07-26 16:52:28,Debit,Louisville,Branch,Student,2024-11-04 08:09:53,Young,1
435.27,74.0,90.0,1.0,4673.28,2023-10-04 17:49:29,Debit,Chicago,Branch,Retired,2024-11-04 08:11:12,Senior,3
164.49,26.0,75.0,1.0,1509.27,2023-12-13 16:01:38,Debit,Baltimore,Branch,Student,2024-11-04 08:10:33,Young,3
510.23999999999995,19.0,105.0,1.0,781.7,2023-10-09 16:29:40,Debit,Oklahoma City,Online,Student,2024-11-04 08:11:35,Young,3
626.9,26.0,138.0,1.0,265.51,2023-11-27 16:45:57,Debit,Denver,Online,Student,2024-11-04 08:07:24,Young,3
22.01,41.0,175.0,1.0,1335.09,2023-03-27 16:45:18,Credit,Sacramento,Online,Engineer,2024-11-04 08:06:31,Adult,2
425.34,69.0,121.0,1.0,3907.5399999999995,2023-02-13 16:59:39,Credit,Kansas City,Online,Retired,2024-11-04 08:07:07,Senior,2
424.56,51.0,264.0,1.0,5183.85,2023-02-21 17:45:55,Debit,Omaha,Online,Engineer,,Senior,2
85.43,67.0,145.0,1.0,14904.9,2023-06-07 16:45:34,Debit,Virginia Beach,Branch,Doctor,2024-11-04 08:06:45,Senior,1
169.5,28.0,142.0,1.0,918.8799999999999,2023-09-07 16:51:27,Debit,San Diego,Branch,Student,2024-11-04 08:08:58,Young,1
104.63,62.0,90.0,1.0,4477.78,2023-03-29 17:47:16,Debit,Omaha,ATM,Retired,2024-11-04 08:10:42,Senior,2
316.95,25.0,83.0,1.0,1324.03,2023-08-04 17:53:40,Debit,Mesa,Branch,Student,2024-11-04 08:09:15,Young,1
60.540000000000006,57.0,52.00000000000001,1.0,3534.93,2023-12-14 17:52:37,Credit,Columbus,Branch,Retired,2024-11-04 08:09:57,Senior,3
292.56,68.0,61.00000000000001,1.0,4638.37,2023-03-03 17:37:41,Credit,Dallas,Branch,Retired,2024-11-04 08:07:49,Senior,2
386.52,48.0,28.0,1.0,5630.61,2023-06-09 16:18:15,Debit,Indianapolis,Branch,Engineer,2024-11-04 08:07:09,Adult,1
112.07,23.0,51.00000000000001,1.0,930.3,2023-10-02 16:35:22,Debit,Kansas City,Branch,Student,2024-11-04 08:11:37,Young,3
568.52,46.0,151.99999999999997,1.0,5499.91,2023-10-06 18:44:37,Debit,Indianapolis,ATM,Engineer,,Adult,3
349.64,48.0,226.0,1.0,6651.62,2023-11-07 16:48:23,Debit,Las Vegas,Online,Engineer,2024-11-04 08:08:09,Adult,3
601.4,56.0,104.0,1.0,8458.29,2023-05-30 17:43:25,Credit,Philadelphia,Branch,Engineer,2024-11-04 08:08:01,Senior,1
5.77,50.0,123.99999999999999,1.0,13988.12,2023-11-02 16:01:40,Debit,Charlotte,Online,Doctor,2024-11-04 08:11:32,Senior,3
201.33,42.0,186.0,1.0,2585.07,2023-03-29 17:00:31,Credit,Nashville,Branch,Engineer,2024-11-04 08:11:41,Adult,2
298.42,56.0,225.0,1.0,3014.75,2023-04-25 16:11:24,Debit,Indianapolis,Branch,Retired,2024-11-04 08:10:12,Senior,2
521.06,25.0,128.0,1.0,1951.42,2023-04-18 18:40:47,Debit,Albuquerque,Branch,Student,2024-11-04 08:12:10,Young,2
117.28,60.0,16.0,1.0,3665.77,2023-02-09 16:34:53,Credit,Austin,Online,Engineer,2024-11-04 08:07:11,Senior,2
189.12,32.0,103.0,1.0,977.01,2023-11-13 16:42:28,Credit,Indianapolis,,Engineer,2024-11-04 08:08:42,Adult,3
133.55,44.0,220.0,1.0,3846.2800000000007,2023-07-18 16:12:00,Debit,Atlanta,ATM,Engineer,2024-11-04 08:10:18,Adult,1
143.21,35.0,135.0,1.0,6374.82,2023-01-13 17:00:16,Debit,Dallas,Online,Engineer,2024-11-04 08:09:26,Adult,2
24.77,62.0,55.0,1.0,5866.01,2023-07-04 18:20:33,Debit,Boston,ATM,Retired,2024-11-04 08:12:15,Senior,1
233.92,26.0,280.0,1.0,6537.62,2023-10-20 16:54:28,Credit,Jacksonville,Online,Student,2024-11-04 08:08:45,Young,3
232.12,37.0,51.00000000000001,1.0,6689.87,2023-12-28 17:31:03,Debit,,ATM,Engineer,2024-11-04 08:09:17,Adult,3
91.53,44.0,69.00000000000001,1.0,14676.05,2023-03-13 16:32:12,Debit,Milwaukee,Branch,Doctor,2024-11-04 08:11:36,Adult,2
120.29,19.0,77.0,1.0,1362.39,2023-12-18 18:46:27,Debit,Miami,Branch,Student,2024-11-04 08:06:50,Young,3
174.25,50.0,67.0,1.0,10528.34,2023-07-17 18:54:31,Debit,Seattle,Online,Doctor,2024-11-04 08:10:29,Senior,1
183.71,38.0,102.0,1.0,552.52,2023-06-19 18:22:10,Debit,Denver,ATM,Engineer,2024-11-04 08:09:51,Adult,1
345.39,58.0,80.0,1.0,6451.96,,Credit,Phoenix,,Engineer,2024-11-04 08:08:16,Senior,3
259.91,49.0,170.0,1.0,7176.86,2023-11-06 16:34:10,Debit,Denver,Online,Doctor,2024-11-04 08:09:38,Adult,3
154.71,34.0,157.0,1.0,1523.72,2023-07-03 16:40:24,Debit,San Diego,Online,Doctor,2024-11-04 08:09:42,Adult,1
24.56,64.0,69.00000000000001,1.0,9869.93,2023-10-20 17:27:35,Debit,Mesa,Branch,Doctor,2024-11-04 08:12:05,Senior,3
568.07,48.0,115.0,1.0,10556.81,2023-08-28 17:03:53,,Washington,ATM,Doctor,2024-11-04 08:07:32,Adult,1
9.61,58.0,179.0,1.0,12883.91,2023-06-22 18:37:29,Credit,San Diego,Online,Doctor,2024-11-04 08:09:10,Senior,1
392.96,24.0,100.00000000000001,1.0,791.65,2023-11-20 16:28:09,Debit,Kansas City,Online,Student,2024-11-04 08:08:38,Young,3
716.93,60.0,34.0,1.0,4064.02,2023-09-14 16:49:33,Credit,Milwaukee,Online,Retired,2024-11-04 08:08:12,Senior,3
230.66,21.0,135.0,1.0,618.05,2023-03-27 18:16:04,Debit,Houston,Branch,Student,2024-11-04 08:10:44,Young,2
644.17,29.0,72.0,1.0,1143.52,2023-03-02 16:05:09,Debit,San Antonio,ATM,Engineer,2024-11-04 08:08:04,Young,2
508.67999999999995,51.0,127.0,1.0,7708.41,2023-06-26 16:16:50,Credit,Mesa,Branch,Engineer,2024-11-04 08:09:32,Senior,1
858.63,27.0,185.0,1.0,1872.96,2023-04-18 17:27:23,Credit,San Francisco,Branch,Student,2024-11-04 08:10:47,Young,2
25.36,57.0,78.0,1.0,201.04,2023-07-17 17:08:24,Debit,Louisville,ATM,Engineer,2024-11-04 08:11:05,Senior,1
147.62,71.0,133.0,1.0,2115.8,2023-09-01 17:26:02,Debit,Charlotte,Branch,Retired,2024-11-04 08:07:22,Senior,1
115.02,37.0,175.0,1.0,7643.66,2023-09-11 16:19:04,Debit,San Antonio,Branch,Doctor,2024-11-04 08:08:38,Adult,1
383.37,30.0,24.0,1.0,8901.93,2023-01-24 17:23:56,Debit,Fort Worth,Branch,Engineer,2024-11-04 08:11:07,Adult,2
98.54,20.0,167.0,1.0,9383.43,2023-08-11 16:18:46,Credit,El Paso,Online,Student,2024-11-04 08:10:02,Young,1
83.24,55.0,164.0,1.0,1181.31,2023-10-16 18:35:11,,Fort Worth,Branch,Doctor,2024-11-04 08:10:52,Senior,3
196.16,27.0,146.0,1.0,9418.86,2023-02-24 16:29:23,Debit,Virginia Beach,Branch,Engineer,2024-11-04 08:08:32,Young,2
129.94,32.0,235.0,1.0,7954.919999999999,2023-01-02 16:36:02,Debit,Las Vegas,ATM,Engineer,2024-11-04 08:06:35,Adult,2
306.9,46.0,51.00000000000001,1.0,9418.08,2023-11-30 16:31:03,Debit,Colorado Springs,Online,Engineer,2024-11-04 08:10:48,Adult,3
114.98,59.0,80.0,1.0,6144.68,2023-11-01 16:52:01,Debit,Seattle,Online,Retired,2024-11-04 08:09:24,Senior,3
756.59,27.0,17.0,1.0,420.65,2023-03-06 16:47:02,Debit,Sacramento,Branch,Student,2024-11-04 08:11:40,Young,2
503.76000000000005,22.0,35.0,1.0,447.82,2023-11-27 18:32:49,Debit,Los Angeles,Online,Student,2024-11-04 08:09:22,Young,3
143.03,63.0,147.0,1.0,7981.450000000001,2023-07-31 16:37:46,Debit,San Antonio,ATM,Retired,2024-11-04 08:10:42,Senior,1
245.54,25.0,180.0,1.0,985.0600000000001,2023-03-21 16:29:31,,New York,ATM,Student,2024-11-04 08:10:26,Young,2
254.37000000000003,51.0,174.0,1.0,8849.26,2023-04-20 18:26:50,Credit,Dallas,Online,Engineer,2024-11-04 08:06:56,Senior,2
213.76,78.0,282.0,1.0,3528.72,2023-03-01 17:52:14,Credit,Dallas,ATM,Retired,2024-11-04 08:09:36,Senior,2
327.86,40.0,104.0,1.0,480.16,2023-02-10 16:52:48,Debit,Fresno,Online,Engineer,2024-11-04 08:06:30,Adult,2
2.5,47.0,107.0,1.0,12145.27,2023-07-21 16:43:11,Debit,San Diego,Online,Doctor,2024-11-04 08:09:53,Adult,1
300.08,68.0,47.0,1.0,13546.75,2023-10-09 17:02:43,Credit,Austin,Online,Doctor,2024-11-04 08:12:18,Senior,3
407.65,26.0,61.99999999999999,1.0,8346.64,2023-07-07 16:11:38,Debit,Boston,Online,Engineer,,Young,1
115.83,39.0,167.0,1.0,6481.04,2023-05-22 17:09:52,Debit,Fresno,Branch,Engineer,2024-11-04 08:10:02,Adult,1
53.57,69.0,121.0,1.0,1651.33,2023-08-16 16:17:12,Debit,Houston,ATM,Retired,2024-11-04 08:08:43,Senior,1
63.34,46.0,165.0,1.0,11174.94,2023-11-17 16:02:02,Credit,Detroit,Online,Doctor,2024-11-04 08:10:13,Adult,3
317.87,27.0,91.0,1.0,145.5,,Debit,Detroit,Online,Student,2024-11-04 08:11:32,Young,3
331.65,41.0,61.00000000000001,1.0,4172.57,2023-08-25 17:26:07,Debit,Portland,Online,Engineer,2024-11-04 08:11:00,Adult,1
5.04,56.0,41.0,1.0,5558.36,2023-11-27 16:38:34,Debit,Washington,ATM,Retired,2024-11-04 08:10:48,Senior,3
214.54,70.0,247.0,1.0,11151.53,2023-08-04 17:46:44,Credit,Detroit,Online,Doctor,2024-11-04 08:11:56,Senior,1
598.81,57.0,158.0,1.0,1415.52,2023-09-04 16:48:35,Debit,Philadelphia,Branch,Doctor,2024-11-04 08:10:13,Senior,1
841.28,26.0,80.0,1.0,1103.64,2023-08-09 17:34:26,Debit,Tucson,Online,Student,2024-11-04 08:09:58,Young,1
38.15,26.0,107.99999999999999,1.0,303.68,2023-09-07 16:07:40,Debit,Mesa,Online,Student,2024-11-04 08:07:42,Young,1
124.72,33.0,105.0,1.0,6309.8,2023-07-03 17:14:07,Debit,Oklahoma City,Branch,Engineer,2024-11-04 08:07:25,Adult,1
302.45,78.0,40.0,1.0,5133.61,2023-09-25 17:13:36,Credit,San Antonio,Branch,Retired,2024-11-04 08:11:55,Senior,3
208.04,47.0,273.0,1.0,9344.98,2023-11-20 17:10:02,Debit,Louisville,Online,Engineer,2024-11-04 08:08:45,Adult,3
5.77,23.0,254.0,1.0,1117.97,2023-11-17 17:27:07,Credit,Los Angeles,Branch,Student,2024-11-04 08:10:53,Young,3
381.33,56.0,75.0,1.0,11835.35,2023-08-21 16:46:05,Debit,Albuquerque,ATM,Doctor,2024-11-04 08:09:32,Senior,1
16.16,50.0,123.99999999999999,1.0,14401.17,2023-10-16 16:59:36,Debit,Milwaukee,ATM,Doctor,2024-11-04 08:11:59,Senior,3
486.0799999999999,18.0,68.00000000000001,1.0,1748.69,2023-06-20 17:21:50,Debit,Oklahoma City,Online,Student,2024-11-04 08:07:03,Young,1
336.39,21.0,18.0,1.0,1000.46,2023-01-16 16:53:38,Debit,San Antonio,Branch,Student,2024-11-04 08:09:57,Young,2
234.57,23.0,120.0,1.0,263.98,2023-09-01 16:09:08,Debit,Chicago,Online,Student,2024-11-04 08:08:47,Young,1
6.0,30.0,246.0,1.0,5442.76,2023-10-23 18:38:15,Debit,Chicago,Online,Doctor,2024-11-04 08:09:43,Adult,3
227.14,18.0,294.0,1.0,341.94,2023-07-03 17:42:08,Debit,Charlotte,ATM,Student,2024-11-04 08:11:34,Young,1
233.74,66.0,17.0,1.0,1066.59,2023-10-24 16:41:00,Credit,Oklahoma City,Online,Retired,2024-11-04 08:11:17,Senior,3
45.85,20.0,91.99999999999999,1.0,1659.15,2023-02-16 17:57:10,Debit,Los Angeles,ATM,Student,2024-11-04 08:07:24,Young,2
415.5,66.0,141.0,1.0,10113.66,2023-07-28 16:29:23,Debit,Memphis,ATM,Doctor,2024-11-04 08:10:23,Senior,1
265.76,54.0,91.99999999999999,1.0,4446.17,2023-02-06 17:48:55,Debit,Philadelphia,Online,Retired,2024-11-04 08:12:18,Senior,2
69.4,80.0,113.0,1.0,6452.77,2023-07-24 18:08:43,Debit,Virginia Beach,Online,Retired,2024-11-04 08:09:04,Senior,1
332.93,35.0,293.0,1.0,2788.2,2023-11-20 16:29:48,Credit,Albuquerque,Branch,Engineer,2024-11-04 08:08:14,Adult,3
267.9,20.0,160.0,1.0,596.1599999999999,2023-10-09 16:52:47,Debit,San Antonio,Online,Student,2024-11-04 08:08:34,Young,3
496.0299999999999,61.0,265.0,1.0,12904.66,2023-11-03 16:45:52,Debit,San Francisco,Branch,Doctor,2024-11-04 08:09:41,Senior,3
376.26,37.0,245.0,1.0,9062.4,2023-02-15 16:41:11,Debit,Tucson,ATM,Engineer,2024-11-04 08:09:58,Adult,2
83.02,36.0,171.0,1.0,9009.56,2023-09-04 17:59:51,Credit,Seattle,Online,Engineer,2024-11-04 08:11:01,Adult,1
93.26,20.0,72.0,1.0,1152.2,2023-07-27 16:22:52,Credit,New York,Online,Student,2024-11-04 08:12:04,Young,1
803.37,68.0,129.0,1.0,12168.37,2023-04-17 16:08:34,Credit,Memphis,Branch,Doctor,2024-11-04 08:08:40,Senior,2
35.76,23.0,122.0,1.0,611.8599999999999,2023-09-19 17:38:18,Debit,Charlotte,Branch,Student,2024-11-04 08:11:40,Young,3
28.53,62.0,99.0,1.0,8670.53,2023-05-31 16:37:39,Debit,Washington,Online,Doctor,2024-11-04 08:06:30,Senior,1
139.53,53.0,177.0,1.0,10098.86,2023-10-09 17:20:09,Credit,Louisville,Online,Doctor,2024-11-04 08:07:31,Senior,3
307.57,33.0,285.0,1.0,5307.74,2023-01-09 16:12:01,Debit,Detroit,Branch,Doctor,2024-11-04 08:06:33,Adult,2
60.650000000000006,56.0,53.00000000000001,1.0,1047.28,2023-05-26 18:15:08,Credit,Tucson,Branch,Retired,2024-11-04 08:09:22,Senior,1
74.86,70.0,125.0,1.0,6921.48,2023-08-14 17:43:17,Debit,Nashville,Branch,Doctor,2024-11-04 08:07:39,Senior,1
231.91,34.0,165.0,1.0,112.76,2023-01-31 18:31:22,Debit,Memphis,ATM,Engineer,2024-11-04 08:12:15,Adult,2
126.20999999999998,75.0,268.0,1.0,5669.66,2023-02-14 16:07:01,Debit,Baltimore,Branch,Retired,2024-11-04 08:08:42,Senior,2
304.35,31.0,36.0,1.0,4057.1,2023-12-04 17:07:34,Debit,Houston,Branch,Engineer,2024-11-04 08:08:45,Adult,3
281.85,22.0,109.0,1.0,1585.98,2023-05-16 17:26:37,Debit,Detroit,ATM,Student,2024-11-04 08:07:38,Young,1
777.88,31.0,17.0,1.0,6825.55,2023-03-20 16:58:12,Debit,Houston,Branch,Engineer,2024-11-04 08:09:15,Adult,2
119.18,56.0,96.0,1.0,5516.5,2023-08-25 18:01:38,Debit,Los Angeles,Branch,Retired,2024-11-04 08:07:34,Senior,1
177.19,76.0,43.0,1.0,5343.3,2023-05-15 17:25:28,Debit,Chicago,Online,Retired,2024-11-04 08:06:30,Senior,1
260.88,22.0,36.0,1.0,903.05,2023-05-29 16:50:10,Debit,Denver,Branch,Student,2024-11-04 08:06:52,Young,1
169.47,24.0,18.999999999999996,1.0,1806.16,2023-03-22 16:10:14,Debit,Chicago,Online,Student,2024-11-04 08:07:37,Young,2
73.23,26.0,14.0,1.0,787.7399999999999,2023-05-19 16:52:53,Debit,Portland,Branch,Student,2024-11-04 08:11:12,Young,1
792.57,19.0,164.0,1.0,770.37,2023-05-22 16:22:36,Debit,Baltimore,ATM,Student,2024-11-04 08:10:39,Young,1
237.06,71.0,45.99999999999999,1.0,1182.77,2023-12-18 16:47:17,Debit,Phoenix,Online,Retired,2024-11-04 08:07:50,Senior,3
34.17,54.0,53.99999999999999,1.0,726.55,2023-11-21 16:57:43,Credit,Philadelphia,Online,Engineer,2024-11-04 08:06:29,Senior,3
740.25,41.0,123.0,1.0,14464.3,2023-07-19 17:03:58,Debit,Philadelphia,Online,Doctor,2024-11-04 08:08:27,Adult,1
453.54,58.0,82.0,1.0,12046.3,2023-04-19 16:36:03,Debit,Albuquerque,ATM,Doctor,2024-11-04 08:12:06,Senior,2
300.47,73.0,100.00000000000001,1.0,7885.64,2023-11-13 16:11:52,Debit,Jacksonville,Branch,Retired,2024-11-04 08:08:00,Senior,3
110.93,19.0,201.0,1.0,1952.3499999999997,2023-04-07 16:38:15,Credit,Virginia Beach,Branch,Student,2024-11-04 08:10:53,Young,2
201.69,59.0,299.0,1.0,7328.52,2023-01-03 16:46:36,Debit,Las Vegas,ATM,Doctor,2024-11-04 08:10:16,Senior,2
399.21,59.0,109.0,1.0,3210.39,2023-01-30 16:15:49,Debit,Portland,ATM,Engineer,2024-11-04 08:08:21,Senior,2
630.36,62.0,52.00000000000001,1.0,1363.65,2023-03-02 16:11:53,Debit,Mesa,ATM,Retired,2024-11-04 08:12:15,Senior,2
10.94,60.0,245.0,1.0,1241.99,2023-10-23 17:24:07,Credit,Philadelphia,ATM,Engineer,2024-11-04 08:11:53,Senior,3
215.9,38.0,235.0,1.0,7873.280000000001,2023-01-04 16:02:09,Debit,Los Angeles,ATM,Doctor,2024-11-04 08:10:23,Adult,2
226.37,49.0,141.0,1.0,9840.04,2023-09-18 17:07:08,,Louisville,Branch,Doctor,2024-11-04 08:09:56,Adult,3
444.89,43.0,101.0,1.0,10328.23,2023-09-11 16:27:39,Credit,Las Vegas,Branch,Doctor,2024-11-04 08:11:50,Adult,3
280.57,25.0,24.0,1.0,293.24,2023-01-27 17:35:05,Credit,Virginia Beach,Online,Student,2024-11-04 08:10:24,Young,2
488.54,52.0,132.0,1.0,7486.63,2023-07-03 17:47:49,Debit,Jacksonville,Branch,Engineer,2024-11-04 08:07:26,Senior,1
3.3,50.0,131.0,1.0,11385.37,2023-03-27 16:42:16,Credit,Los Angeles,Branch,Doctor,2024-11-04 08:10:11,Senior,2
199.39,69.0,165.0,1.0,7264.79,2023-08-21 16:16:22,,Colorado Springs,Branch,Retired,2024-11-04 08:09:06,Senior,1
20.36,62.0,75.0,1.0,2762.48,2023-07-24 17:02:18,Debit,Tucson,Branch,Retired,2024-11-04 08:11:15,Senior,1
493.11,53.0,236.0,1.0,7432.99,2023-07-31 16:25:26,Debit,Colorado Springs,Branch,Retired,2024-11-04 08:08:01,Senior,1
307.41,19.0,14.0,1.0,1057.0,2023-06-12 17:32:52,Debit,Los Angeles,ATM,Student,2024-11-04 08:09:48,Young,1
11.18,43.0,161.0,1.0,5956.89,2023-11-30 16:52:42,Debit,Atlanta,Online,Doctor,2024-11-04 08:10:20,Adult,3
313.82,59.0,151.0,1.0,7261.59,2023-11-15 18:57:38,Debit,Tucson,Branch,Engineer,2024-11-04 08:08:42,Senior,3
140.98,60.0,100.00000000000001,1.0,8127.4800000000005,2023-05-25 16:34:22,Debit,Memphis,Branch,Engineer,2024-11-04 08:12:13,Senior,1
288.04,68.0,63.0,1.0,1748.02,2023-08-24 16:47:21,Debit,Denver,ATM,Retired,2024-11-04 08:10:00,Senior,1
800.55,31.0,107.99999999999999,1.0,9660.22,2023-05-04 16:21:31,Debit,Oklahoma City,ATM,Engineer,2024-11-04 08:06:49,Adult,2
485.54,46.0,143.0,1.0,6371.51,2023-02-06 17:46:59,Debit,Houston,ATM,Engineer,2024-11-04 08:11:46,Adult,2
521.15,54.0,214.0,1.0,9442.47,2023-02-17 18:16:05,Debit,Kansas City,ATM,Doctor,2024-11-04 08:07:31,Senior,2
304.93,65.0,158.0,1.0,13531.22,2023-02-24 16:23:22,Debit,Portland,ATM,Doctor,2024-11-04 08:08:15,Senior,2
432.08,40.0,145.0,1.0,11500.62,2023-07-31 16:04:55,,El Paso,ATM,Doctor,2024-11-04 08:11:46,Adult,1
694.2,61.0,72.0,1.0,1389.37,2023-12-07 16:20:08,Debit,Milwaukee,ATM,Retired,2024-11-04 08:07:23,Senior,3
116.86,55.0,171.0,1.0,6706.56,2023-03-20 18:28:48,Debit,Louisville,ATM,Engineer,2024-11-04 08:12:15,Senior,2
74.88,25.0,202.0,1.0,420.67,2023-05-24 16:25:50,Debit,Atlanta,ATM,Student,2024-11-04 08:07:46,Young,1
890.24,33.0,161.0,1.0,5140.93,2023-07-07 18:03:43,Credit,Las Vegas,Online,Engineer,2024-11-04 08:07:32,Adult,1
361.27,63.0,180.0,1.0,7945.57,2023-01-06 17:01:53,Debit,Omaha,ATM,Doctor,2024-11-04 08:10:07,Senior,2
131.56,44.0,42.00000000000001,1.0,5873.54,2023-10-19 16:42:37,Debit,Charlotte,Branch,Doctor,2024-11-04 08:07:12,Adult,3
485.51,76.0,37.0,1.0,3074.45,2023-11-28 16:49:27,Credit,Milwaukee,Online,Retired,2024-11-04 08:08:02,Senior,3
547.87,64.0,131.0,1.0,6155.76,2023-07-10 17:15:27,Debit,Columbus,ATM,Retired,2024-11-04 08:10:31,Senior,1
457.3,28.0,15.0,1.0,8318.29,2023-06-26 18:25:21,Debit,Virginia Beach,Online,Engineer,2024-11-04 08:07:53,Young,1
506.24,58.0,64.0,1.0,230.09,2023-01-13 16:44:26,Debit,Chicago,ATM,Engineer,2024-11-04 08:11:40,Senior,2
486.59,57.0,119.0,1.0,2513.56,2023-12-19 16:55:17,Debit,Indianapolis,Branch,Retired,2024-11-04 08:10:02,Senior,3
163.68,41.0,292.0,1.0,10090.05,2023-09-28 16:20:57,Debit,San Diego,Branch,Doctor,2024-11-04 08:11:01,Adult,3
581.65,22.0,176.0,1.0,480.19000000000005,2023-01-09 16:54:58,Debit,Boston,ATM,Student,2024-11-04 08:09:39,Young,2
52.01,48.0,85.0,1.0,1120.88,2023-11-07 16:46:04,Debit,Mesa,ATM,Doctor,2024-11-04 08:11:27,Adult,3
630.24,21.0,61.99999999999999,1.0,370.81,2023-11-29 18:10:30,Debit,Boston,ATM,Student,2024-11-04 08:11:52,Young,3
523.74,43.0,159.0,1.0,13498.55,2023-11-02 16:36:37,Debit,Oklahoma City,ATM,Doctor,2024-11-04 08:06:52,Adult,3
217.5,46.0,35.0,1.0,3057.4,2023-10-23 18:54:48,Credit,Denver,Branch,Engineer,2024-11-04 08:06:58,Adult,3
91.48,51.0,141.0,1.0,14942.779999999999,2023-01-23 16:50:31,Debit,Fort Worth,ATM,Doctor,2024-11-04 08:09:17,Senior,2
5.25,39.0,49.0,1.0,14143.32,2023-11-13 18:26:24,Debit,San Jose,ATM,Doctor,2024-11-04 08:12:22,Adult,3
54.03,56.0,161.0,1.0,6736.3,2023-09-19 17:16:46,Credit,Milwaukee,ATM,Retired,2024-11-04 08:07:36,Senior,3
736.73,48.0,10.0,1.0,3313.07,2023-11-27 16:05:27,Debit,Memphis,Branch,Engineer,2024-11-04 08:10:54,Adult,3
368.91,54.0,14.0,1.0,829.7099999999999,2023-03-10 17:49:57,,Virginia Beach,Branch,Doctor,2024-11-04 08:10:28,Senior,2
33.06,53.0,170.0,1.0,1540.87,2023-01-17 16:03:41,Credit,Fort Worth,Online,Retired,2024-11-04 08:06:43,Senior,2
66.5,32.0,144.0,1.0,6820.23,2023-05-04 16:44:56,Credit,Louisville,Online,Engineer,2024-11-04 08:08:06,Adult,2
177.08,35.0,85.0,1.0,13475.14,2023-01-06 17:16:44,Debit,Las Vegas,,Doctor,2024-11-04 08:12:21,Adult,2
588.54,32.0,130.0,1.0,714.4499999999999,2023-02-06 17:57:28,Debit,Portland,Branch,Engineer,2024-11-04 08:10:37,Adult,2
173.5,21.0,282.0,1.0,1306.91,2023-10-23 17:16:20,Debit,Nashville,ATM,Student,2024-11-04 08:11:52,Young,3
78.33,56.0,189.0,1.0,7255.33,2023-07-31 16:13:12,Credit,Memphis,Online,Engineer,2024-11-04 08:08:18,Senior,1
40.66,59.0,156.0,1.0,1153.84,2024-01-01 16:08:49,Debit,Louisville,Branch,Retired,2024-11-04 08:11:28,Senior,3
97.22,77.0,55.0,1.0,6647.73,2023-02-20 17:30:19,Credit,Atlanta,Branch,Retired,2024-11-04 08:11:17,Senior,2
34.07,22.0,81.0,1.0,8709.77,2023-11-06 17:22:58,Debit,Philadelphia,Branch,Student,2024-11-04 08:07:21,Young,3
492.06000000000006,23.0,74.0,1.0,857.9,2023-10-19 16:14:15,Debit,Fresno,Online,Student,2024-11-04 08:09:56,Young,3
842.01,53.0,185.0,1.0,509.45000000000005,2023-09-12 16:43:27,Credit,Virginia Beach,Online,Doctor,2024-11-04 08:08:33,Senior,3
73.55,51.0,158.0,1.0,2812.06,2023-01-09 16:09:48,Debit,Atlanta,ATM,Engineer,2024-11-04 08:11:21,Senior,2
760.53,57.0,118.0,1.0,6179.91,2023-09-04 18:13:25,Debit,Phoenix,Online,Engineer,2024-11-04 08:09:35,Senior,1
371.69,67.0,143.0,1.0,3484.32,2023-12-22 16:27:49,Debit,San Francisco,Branch,Retired,2024-11-04 08:09:59,Senior,3
218.96,18.0,13.0,1.0,754.21,2023-08-30 16:11:47,Debit,Seattle,ATM,Student,2024-11-04 08:10:35,Young,1
227.39,18.0,65.0,1.0,751.09,2023-12-25 16:58:19,Debit,Atlanta,Online,Student,2024-11-04 08:11:36,Young,3
237.99,39.0,86.0,1.0,8510.09,2023-05-08 16:45:11,Credit,Kansas City,Branch,Doctor,2024-11-04 08:11:36,Adult,2
186.6,58.0,13.0,1.0,1508.72,2023-07-04 16:27:23,Debit,,Online,Doctor,2024-11-04 08:06:24,Senior,1
341.15,18.0,148.0,1.0,511.36999999999995,2023-02-13 17:18:15,Debit,San Jose,Online,Student,2024-11-04 08:10:09,Young,2
434.58,59.0,215.0,1.0,12648.32,2023-09-06 16:28:38,Debit,Memphis,ATM,Doctor,2024-11-04 08:08:15,Senior,1
312.88,54.0,44.0,1.0,233.21,2023-05-26 18:12:50,Credit,Portland,Branch,Engineer,2024-11-04 08:07:23,Senior,1
75.15,23.0,154.0,1.0,1092.92,2023-09-18 17:31:23,Debit,Boston,ATM,Student,2024-11-04 08:11:00,Young,3
23.3,59.0,161.0,1.0,6711.15,2023-08-14 18:13:38,Debit,Los Angeles,ATM,Engineer,2024-11-04 08:08:06,Senior,1
47.38,25.0,61.00000000000001,1.0,459.37,2023-02-08 18:18:07,Credit,Seattle,Online,Student,2024-11-04 08:07:05,Young,2
512.81,79.0,30.0,1.0,6994.34,2023-07-19 16:57:01,Debit,Sacramento,Branch,Retired,2024-11-04 08:11:58,Senior,1
488.15000000000003,43.0,168.00000000000003,1.0,7071.09,2023-07-31 16:01:00,Debit,Louisville,Branch,Engineer,2024-11-04 08:11:13,Adult,1
12.82,44.0,156.0,1.0,9045.19,2023-04-05 18:37:10,Debit,Fort Worth,ATM,Engineer,2024-11-04 08:08:25,Adult,2
535.91,43.0,22.0,1.0,9642.12,2023-07-07 16:38:12,Debit,Las Vegas,Online,Engineer,2024-11-04 08:10:49,Adult,1
270.72,26.0,53.00000000000001,1.0,6263.96,2023-07-03 18:01:00,Credit,Washington,Online,Engineer,2024-11-04 08:11:05,Young,1
97.98,72.0,18.0,1.0,7460.329999999999,2023-02-06 16:09:48,Debit,Denver,Branch,Retired,2024-11-04 08:08:43,Senior,2
196.08,61.0,98.0,1.0,4233.82,2023-08-25 16:52:28,Debit,San Francisco,Online,Retired,2024-11-04 08:06:31,Senior,1
251.18000000000004,42.0,246.0,1.0,8303.9,2023-06-01 16:51:11,Debit,San Jose,ATM,Engineer,2024-11-04 08:07:55,Adult,1
44.52,28.0,205.0,1.0,314.28,2023-03-28 18:30:25,Debit,El Paso,Online,Student,2024-11-04 08:10:28,Young,2
178.87,35.0,180.0,1.0,5241.23,2023-05-23 16:03:54,Debit,Baltimore,Online,Doctor,2024-11-04 08:10:16,Adult,1
386.68,46.0,128.0,1.0,6863.06,2023-10-31 16:48:01,Debit,New York,Branch,Doctor,2024-11-04 08:06:28,Adult,3
167.14,76.0,20.0,1.0,3877.7299999999996,2023-04-24 18:33:29,Debit,Denver,Online,Retired,2024-11-04 08:06:26,Senior,2
345.22,69.0,253.0,1.0,4046.5800000000004,2023-09-05 16:55:47,Debit,Fresno,Branch,Retired,2024-11-04 08:07:36,Senior,1
74.85,72.0,117.0,1.0,2409.73,2023-12-25 17:19:08,Debit,Raleigh,ATM,Retired,2024-11-04 08:11:49,Senior,3
671.73,58.0,53.99999999999999,1.0,5211.88,2023-10-16 16:15:54,Debit,Washington,Branch,Engineer,2024-11-04 08:12:04,Senior,3
255.03999999999996,45.0,151.99999999999997,1.0,6217.86,2023-11-23 16:15:59,Debit,Seattle,ATM,Engineer,2024-11-04 08:11:38,Adult,3
45.77,25.0,109.0,1.0,5978.12,2023-02-09 17:50:23,Debit,Philadelphia,Online,Student,2024-11-04 08:08:01,Young,2
329.69,26.0,66.0,1.0,1671.66,2023-01-09 16:54:30,Credit,San Antonio,Online,Student,2024-11-04 08:09:49,Young,2
11.92,53.0,52.00000000000001,1.0,14611.9,2023-10-09 17:48:55,Debit,San Diego,,Doctor,2024-11-04 08:11:22,Senior,3
47.42,64.0,28.0,1.0,8253.52,2023-12-19 16:46:08,Debit,San Diego,ATM,Doctor,2024-11-04 08:08:56,Senior,3
35.99,63.0,129.0,1.0,4489.79,2023-01-19 16:14:12,Debit,Miami,Branch,Retired,2024-11-04 08:09:17,Senior,2
151.19,37.0,96.0,1.0,11903.82,2023-05-05 16:04:36,Credit,New York,Branch,Doctor,2024-11-04 08:11:16,Adult,2
242.62,22.0,234.0,1.0,483.02000000000004,2023-07-10 16:40:15,Credit,San Francisco,Online,Student,2024-11-04 08:07:09,Young,1
48.72,21.0,17.0,1.0,816.0799999999999,2023-09-29 18:54:28,Debit,Virginia Beach,Branch,Student,2024-11-04 08:07:27,Young,3
43.46,25.0,80.0,1.0,578.06,2023-07-21 17:02:42,Debit,Boston,ATM,Student,2024-11-04 08:10:45,Young,1
443.79,53.0,87.0,1.0,3133.85,2023-10-09 18:28:04,Debit,Las Vegas,ATM,Retired,2024-11-04 08:11:16,Senior,3
365.14,68.0,57.0,1.0,5894.09,2023-12-01 18:46:28,Debit,Dallas,Online,Retired,2024-11-04 08:07:25,Senior,3
757.41,22.0,37.0,1.0,9532.42,2023-05-05 16:31:53,Debit,Los Angeles,ATM,Student,2024-11-04 08:09:03,Young,2
20.54,51.0,72.0,1.0,5327.03,2023-08-21 18:09:24,Debit,Fort Worth,Branch,Engineer,2024-11-04 08:07:28,Senior,1
475.36,34.0,105.0,1.0,2000.6,2023-10-02 16:03:09,Debit,Phoenix,ATM,Engineer,2024-11-04 08:06:59,Adult,3
34.74,56.0,24.0,1.0,6827.57,2023-06-26 16:40:21,Debit,San Francisco,ATM,Retired,2024-11-04 08:11:03,Senior,1
689.54,27.0,93.0,1.0,1633.76,2023-03-06 16:46:57,Debit,Oklahoma City,Branch,Student,2024-11-04 08:08:53,Young,2
211.18,73.0,90.0,1.0,4069.1699999999996,2023-10-16 16:09:47,Debit,Washington,ATM,Retired,2024-11-04 08:11:50,Senior,3
211.36,51.0,286.0,1.0,7943.469999999999,2023-11-21 16:23:41,Credit,Fort Worth,Branch,Engineer,2024-11-04 08:11:10,Senior,3
744.41,39.0,107.0,1.0,8842.47,2023-07-31 16:35:59,Credit,Houston,Online,Engineer,2024-11-04 08:11:27,Adult,1
61.43,24.0,170.0,1.0,1882.77,2023-06-29 16:16:37,Debit,Phoenix,Online,Student,2024-11-04 08:08:18,Young,1
167.44,37.0,82.0,1.0,12526.71,2023-09-25 16:11:18,Debit,Mesa,Branch,Doctor,2024-11-04 08:10:49,Adult,3
361.46,21.0,83.0,1.0,4737.84,2023-04-07 17:23:05,Debit,Nashville,Online,Student,2024-11-04 08:10:42,Young,2
378.85,78.0,126.0,1.0,2300.53,2023-06-16 17:21:15,Debit,Virginia Beach,Branch,Retired,2024-11-04 08:09:07,Senior,1
241.10999999999999,30.0,55.0,1.0,12385.05,2023-06-16 16:41:23,Debit,Columbus,Branch,Doctor,2024-11-04 08:10:49,Adult,1
131.93,31.0,13.0,1.0,4547.06,2023-09-11 17:31:10,Credit,Fort Worth,Branch,Engineer,2024-11-04 08:06:50,Adult,3
20.28,36.0,213.0,1.0,2047.83,2023-07-19 17:42:38,Debit,Oklahoma City,Online,Engineer,2024-11-04 08:10:02,Adult,1
415.88,70.0,170.0,1.0,10008.33,2023-04-27 17:30:16,Debit,San Diego,Branch,Doctor,2024-11-04 08:08:01,Senior,2
100.66,50.0,144.0,1.0,14473.33,,Debit,Dallas,Branch,Doctor,2024-11-04 08:11:54,Senior,3
485.54,19.0,148.0,1.0,1533.32,2023-12-08 16:47:48,Debit,Louisville,Online,Student,2024-11-04 08:11:09,Young,3
321.15,46.0,179.0,1.0,7005.05,2023-02-10 17:06:40,Debit,Los Angeles,Branch,Doctor,2024-11-04 08:06:33,Adult,2
711.3,21.0,51.00000000000001,1.0,955.4,2023-06-26 18:57:37,Debit,San Jose,Branch,Student,2024-11-04 08:09:32,Young,1
12.23,42.0,139.0,1.0,7844.880000000001,2023-10-12 16:02:13,Debit,Houston,ATM,Engineer,2024-11-04 08:07:29,Adult,3
350.94,20.0,64.0,1.0,221.56,2023-10-30 17:17:51,Debit,Colorado Springs,ATM,Student,2024-11-04 08:10:35,Young,3
301.85,54.0,25.000000000000004,1.0,6586.19,2023-04-18 17:43:50,Debit,Columbus,Online,Engineer,2024-11-04 08:10:05,Senior,2
29.34,65.0,30.0,1.0,3944.82,2023-03-09 17:37:08,Debit,Louisville,Online,Retired,2024-11-04 08:11:42,Senior,2
231.71,27.0,148.0,1.0,1127.98,2023-04-24 17:01:08,Debit,Raleigh,Branch,Student,2024-11-04 08:07:02,Young,2
179.43,58.0,244.0,1.0,2626.63,2023-08-11 18:20:48,Debit,Oklahoma City,ATM,Retired,2024-11-04 08:10:00,Senior,1
36.71,48.0,55.0,1.0,6459.38,2023-01-30 17:11:53,Debit,Jacksonville,Branch,Doctor,2024-11-04 08:11:44,Adult,2
138.12,53.0,281.0,1.0,1649.69,2023-04-11 17:18:50,Credit,Los Angeles,Branch,Doctor,2024-11-04 08:11:23,Senior,2
233.24,33.0,72.0,1.0,6939.23,2023-04-17 16:56:06,Debit,Louisville,ATM,Engineer,2024-11-04 08:07:39,Adult,2
609.14,39.0,177.0,1.0,9033.87,2023-11-23 16:09:39,Debit,Tucson,ATM,Engineer,2024-11-04 08:11:33,Adult,3
436.64,31.0,111.0,1.0,14365.18,2023-12-25 17:46:24,Debit,Los Angeles,Branch,Doctor,2024-11-04 08:08:23,Adult,3
870.43,29.0,55.0,1.0,10115.18,2023-05-31 16:54:20,Debit,Los Angeles,Branch,Doctor,2024-11-04 08:07:52,Young,1
354.4,74.0,128.0,1.0,7358.65,2023-11-06 17:23:08,Debit,Chicago,ATM,Retired,2024-11-04 08:10:00,Senior,3
22.63,53.0,112.0,1.0,4438.03,2023-02-20 17:28:15,Debit,Kansas City,Online,Engineer,2024-11-04 08:10:56,Senior,2
182.19,26.0,53.00000000000001,1.0,1176.1,2023-06-19 16:36:25,Debit,Mesa,Branch,Student,2024-11-04 08:06:27,Young,1
126.81,26.0,290.0,1.0,5427.98,2023-10-30 16:58:01,Debit,Philadelphia,Branch,Engineer,2024-11-04 08:12:22,Young,3
288.17,37.0,50.00000000000001,1.0,3653.11,2023-09-08 16:48:51,Debit,Virginia Beach,Online,Engineer,2024-11-04 08:10:16,Adult,1
118.77,55.0,123.0,1.0,2104.82,2023-10-02 17:44:05,Debit,Atlanta,Branch,Engineer,2024-11-04 08:10:29,Senior,3
651.82,21.0,166.0,1.0,1802.77,2023-04-14 17:59:43,Debit,Indianapolis,ATM,Student,2024-11-04 08:07:02,Young,2
66.65,37.0,33.0,1.0,3559.96,2023-10-17 16:58:59,Debit,Detroit,ATM,Engineer,2024-11-04 08:11:00,Adult,3
98.53,69.0,166.0,1.0,3564.8,2023-01-16 16:31:48,Debit,Denver,Branch,Retired,2024-11-04 08:11:19,Senior,2
138.95,71.0,30.0,1.0,6752.92,2023-06-02 16:48:43,Debit,Washington,Online,Retired,2024-11-04 08:08:37,Senior,1
33.89,26.0,177.0,1.0,1444.75,2023-11-10 16:10:34,Debit,Nashville,Branch,Student,2024-11-04 08:11:36,Young,3
23.71,58.0,164.0,1.0,10788.89,2023-09-18 16:04:52,Debit,Atlanta,Branch,Doctor,2024-11-04 08:09:16,Senior,3
26.06,65.0,283.0,1.0,12893.63,2023-12-21 17:01:24,Debit,San Diego,ATM,Doctor,2024-11-04 08:12:00,Senior,3
17.07,27.0,44.0,1.0,2798.15,2023-05-01 17:17:12,Debit,Los Angeles,Branch,Engineer,2024-11-04 08:11:25,Young,2
703.89,46.0,61.99999999999999,1.0,3583.67,2023-09-22 16:42:15,Debit,San Antonio,Online,Engineer,2024-11-04 08:06:44,Adult,3
26.55,77.0,228.0,1.0,3085.38,2023-09-20 17:25:26,Debit,Houston,ATM,Retired,2024-11-04 08:07:23,Senior,3
147.4,42.0,259.0,1.0,6797.71,2023-06-09 16:10:51,Debit,San Jose,Branch,Engineer,2024-11-04 08:07:18,Adult,1
202.11,27.0,18.0,1.0,746.47,2023-03-30 16:09:26,Debit,Memphis,ATM,Student,2024-11-04 08:10:01,Young,2
308.42,75.0,39.0,1.0,5427.81,2023-05-02 16:14:22,Debit,Nashville,Branch,Retired,2024-11-04 08:06:34,Senior,2
11.18,53.0,144.0,1.0,7467.300000000001,2023-02-27 16:39:28,Debit,Miami,ATM,Engineer,2024-11-04 08:10:57,Senior,2
294.15,38.0,136.0,1.0,6362.16,2023-02-02 16:19:31,Debit,Fresno,Online,Engineer,2024-11-04 08:07:20,Adult,2
139.45,27.0,30.999999999999996,1.0,1305.76,2023-07-10 16:43:05,Debit,Boston,Online,Student,2024-11-04 08:10:08,Young,1
432.63,29.0,137.0,1.0,13648.36,2023-06-30 17:10:38,Debit,Colorado Springs,ATM,Doctor,2024-11-04 08:10:24,Young,1
131.43,43.0,65.0,1.0,1337.5,2023-02-01 18:47:20,Debit,Charlotte,Online,Doctor,2024-11-04 08:12:12,Adult,2
516.72,42.0,128.0,1.0,2015.6900000000003,2023-10-09 18:43:04,Debit,Mesa,ATM,Engineer,2024-11-04 08:11:35,Adult,3
374.5,26.0,178.0,1.0,1671.51,2023-07-24 16:45:31,Credit,San Francisco,Branch,Student,2024-11-04 08:08:37,Young,1
166.13,68.0,227.0,1.0,11822.53,2023-09-06 17:01:50,Debit,Omaha,ATM,Doctor,2024-11-04 08:12:08,Senior,1
626.9,23.0,146.0,1.0,587.1099999999999,2023-10-10 16:42:09,Debit,Chicago,ATM,Student,2024-11-04 08:11:30,Young,3
466.85,56.0,165.0,1.0,5422.53,2023-07-17 16:57:14,Debit,Austin,Branch,Retired,2024-11-04 08:09:35,Senior,1
788.84,58.0,231.0,1.0,1913.73,2023-05-17 17:00:34,Debit,Phoenix,Online,Retired,2024-11-04 08:09:42,Senior,1
525.28,69.0,134.0,1.0,4693.6,2023-04-03 16:37:24,Debit,Colorado Springs,ATM,Retired,2024-11-04 08:09:39,Senior,2
110.17,30.0,137.0,1.0,464.2,2023-09-07 16:08:12,,Raleigh,ATM,Engineer,2024-11-04 08:12:11,Adult,1
632.69,80.0,75.99999999999999,1.0,4363.74,2023-09-12 16:28:38,Debit,Denver,ATM,Retired,2024-11-04 08:09:26,Senior,3
124.35,72.0,90.0,1.0,3319.76,2023-12-08 16:39:15,Debit,Oklahoma City,ATM,Retired,2024-11-04 08:11:35,Senior,3
43.85,62.0,122.0,1.0,4356.98,2023-03-13 16:25:34,Debit,Fresno,ATM,Retired,2024-11-04 08:07:18,Senior,2
283.81,28.0,29.000000000000004,1.0,1519.35,2023-03-09 16:31:54,Debit,San Diego,Branch,Student,2024-11-04 08:10:46,Young,2
168.53,71.0,112.0,1.0,5962.58,2023-06-14 16:30:42,Debit,San Francisco,ATM,Retired,2024-11-04 08:12:09,Senior,1
218.59,40.0,123.0,1.0,6699.23,2023-11-27 16:43:28,Credit,Denver,Branch,Engineer,2024-11-04 08:07:12,Adult,3
132.84,21.0,143.0,1.0,822.73,2023-08-21 16:28:17,Debit,Oklahoma City,ATM,Student,2024-11-04 08:08:40,Young,1
157.37,42.0,289.0,1.0,13964.31,2023-11-15 16:54:44,Credit,Dallas,Branch,Doctor,2024-11-04 08:10:30,Adult,3
144.77,20.0,159.0,1.0,867.3199999999999,2023-07-17 16:48:23,Debit,Albuquerque,Online,Student,2024-11-04 08:10:54,Young,1
643.22,64.0,93.0,1.0,1035.86,2023-05-03 17:04:32,Debit,Atlanta,ATM,Doctor,2024-11-04 08:07:46,Senior,2
208.07,32.0,36.0,1.0,8478.9,2023-07-10 16:51:12,Debit,Oklahoma City,Online,Doctor,2024-11-04 08:11:43,Adult,1
295.5,59.0,36.0,1.0,6280.66,2023-11-23 18:00:00,Debit,Mesa,ATM,Retired,2024-11-04 08:07:08,Senior,3
30.229999999999997,44.0,99.0,1.0,481.13,2023-11-06 17:53:25,Debit,Austin,ATM,Doctor,2024-11-04 08:12:06,Adult,3
112.05,26.0,159.0,1.0,1122.88,,Credit,Phoenix,ATM,Student,2024-11-04 08:08:31,Young,3
180.24,58.0,144.0,1.0,8431.23,2023-07-03 17:03:48,Debit,Phoenix,Branch,Engineer,2024-11-04 08:09:17,Senior,1
13.71,38.0,148.0,1.0,8342.79,2023-05-30 17:54:22,Credit,Denver,Online,Engineer,2024-11-04 08:11:17,Adult,1
96.54,58.0,95.0,1.0,7182.22,2023-03-13 17:26:17,Debit,New York,Branch,Retired,2024-11-04 08:10:31,Senior,2
79.35,67.0,70.0,1.0,1692.15,,Debit,Los Angeles,Online,Retired,2024-11-04 08:09:48,Senior,3
101.04,27.0,160.0,1.0,1695.57,2023-07-10 18:16:07,Debit,San Antonio,ATM,Student,2024-11-04 08:06:43,Young,1
74.42,49.0,68.00000000000001,1.0,6264.21,2023-11-23 17:23:16,Debit,El Paso,Online,Engineer,2024-11-04 08:11:23,Adult,3
39.66,52.0,169.0,1.0,8497.34,2023-05-18 16:16:53,Debit,Virginia Beach,Branch,Engineer,2024-11-04 08:07:20,Senior,1
99.36,40.0,45.99999999999999,1.0,1272.12,2023-05-09 16:55:54,Debit,Seattle,ATM,Doctor,2024-11-04 08:09:15,Adult,1
123.85,56.0,244.0,1.0,3959.62,2023-08-25 18:47:28,Debit,Las Vegas,Online,Engineer,2024-11-04 08:06:36,Senior,1
426.93,19.0,247.99999999999997,1.0,476.18999999999994,2023-12-25 17:05:00,Debit,Omaha,ATM,Student,2024-11-04 08:09:12,Young,3
133.73,25.0,123.0,1.0,1872.2200000000003,2023-05-16 16:21:42,Credit,San Jose,Online,Student,2024-11-04 08:09:22,Young,1
222.39,49.0,73.0,1.0,3117.39,2023-08-23 16:32:59,Debit,Virginia Beach,Online,Engineer,2024-11-04 08:10:52,Adult,1
215.94,22.0,140.0,1.0,1841.69,2023-06-05 16:06:43,Credit,Virginia Beach,Online,Student,2024-11-04 08:10:45,Young,1
826.23,29.0,209.0,1.0,7580.590000000001,2023-05-31 16:25:19,Debit,Colorado Springs,ATM,Doctor,,Young,1
131.46,67.0,258.0,1.0,6642.33,2023-05-15 16:37:12,Debit,Charlotte,Branch,Retired,2024-11-04 08:11:30,Senior,1
202.86,61.0,149.0,1.0,7642.250000000001,2023-05-22 17:24:46,Credit,Memphis,Branch,Doctor,2024-11-04 08:08:54,Senior,1
268.39,26.0,171.0,1.0,136.74,2023-06-26 18:25:14,Debit,Miami,ATM,Student,2024-11-04 08:06:40,Young,1
137.35,40.0,220.0,1.0,12662.66,2023-03-29 18:12:17,Credit,Sacramento,,Doctor,2024-11-04 08:10:23,Adult,2
712.75,44.0,25.000000000000004,1.0,8126.0599999999995,,Debit,Philadelphia,Branch,Doctor,2024-11-04 08:09:52,Adult,3
353.82,42.0,143.0,1.0,705.7499999999999,2023-04-10 17:57:59,Debit,Milwaukee,ATM,Doctor,2024-11-04 08:06:40,Adult,2
212.74,27.0,128.0,1.0,7645.469999999999,2023-12-14 18:53:34,Debit,Seattle,Branch,Engineer,,Young,3
364.42,51.0,146.0,1.0,8119.73,2023-10-10 17:07:27,Debit,Colorado Springs,ATM,Engineer,2024-11-04 08:09:16,Senior,3
195.12,46.0,144.0,1.0,6101.15,2023-07-25 17:42:45,Debit,Louisville,ATM,Doctor,2024-11-04 08:10:40,Adult,1
230.61,80.0,204.0,1.0,2561.42,2023-09-04 16:41:19,Debit,Raleigh,Branch,Retired,2024-11-04 08:09:46,Senior,1
739.28,58.0,47.0,1.0,11905.64,2023-06-19 16:46:11,Credit,Tucson,Branch,Doctor,2024-11-04 08:11:13,Senior,1
390.35,64.0,61.00000000000001,1.0,7095.88,2023-09-26 18:36:46,Credit,Omaha,ATM,Doctor,2024-11-04 08:10:01,Senior,3
242.03000000000003,58.0,123.99999999999999,1.0,4382.73,2023-03-13 16:08:41,Debit,Dallas,Online,Engineer,2024-11-04 08:07:12,Senior,2
242.39000000000001,18.0,271.0,1.0,1328.73,2023-11-20 16:29:28,Credit,San Antonio,ATM,Student,2024-11-04 08:06:48,Young,3
135.03,23.0,180.0,1.0,1278.0,2023-02-24 17:00:26,Debit,San Francisco,ATM,Student,2024-11-04 08:08:18,Young,2
193.54,80.0,267.0,1.0,2929.51,2023-10-24 16:43:03,Debit,Oklahoma City,Branch,Retired,2024-11-04 08:08:26,Senior,3
617.36,29.0,61.00000000000001,1.0,8926.38,2023-11-21 17:05:17,Debit,Kansas City,,Engineer,2024-11-04 08:09:23,Young,3
775.23,59.0,37.99999999999999,1.0,5977.59,2023-08-07 16:40:02,Credit,Albuquerque,Online,Doctor,2024-11-04 08:07:01,Senior,1
266.57,72.0,100.00000000000001,1.0,7676.92,2023-09-26 17:07:06,Debit,El Paso,ATM,Retired,2024-11-04 08:09:17,Senior,3
153.4,45.0,144.0,1.0,4657.7,2023-03-31 17:36:57,Debit,Mesa,ATM,Engineer,2024-11-04 08:08:08,Adult,2
5.12,34.0,90.0,1.0,3293.01,2023-10-13 16:08:26,Debit,New York,Branch,Engineer,2024-11-04 08:10:31,Adult,3
119.11,57.0,131.0,1.0,7998.25,2023-06-30 16:31:46,Debit,Detroit,ATM,Engineer,2024-11-04 08:09:48,Senior,1
119.72,30.0,123.0,1.0,3435.34,2023-02-03 18:15:15,Debit,Tucson,Branch,Engineer,2024-11-04 08:10:20,Adult,2
107.4,58.0,32.0,1.0,344.07,2023-06-22 16:47:47,Debit,Virginia Beach,Online,Doctor,2024-11-04 08:08:03,Senior,1
115.92,53.0,57.0,1.0,3897.17,2023-01-17 18:42:28,Debit,Raleigh,ATM,Retired,2024-11-04 08:09:02,Senior,2
438.04,67.0,247.0,1.0,5358.95,2023-08-24 18:54:06,Debit,Philadelphia,ATM,Retired,2024-11-04 08:06:33,Senior,1
677.29,27.0,287.0,1.0,627.79,2023-05-01 18:28:00,Debit,Houston,Online,Engineer,2024-11-04 08:07:16,Young,2
296.0,35.0,247.99999999999997,1.0,7418.82,2023-05-15 16:25:29,Debit,Las Vegas,Branch,Doctor,2024-11-04 08:06:54,Adult,1
299.09,36.0,84.00000000000001,1.0,5615.26,2023-01-16 16:14:45,Credit,Boston,Branch,Engineer,2024-11-04 08:08:01,Adult,2
461.52,24.0,44.0,1.0,1995.1799999999998,2023-05-15 16:40:24,Credit,Denver,Branch,Student,2024-11-04 08:08:53,Young,1
100.52,50.0,110.0,1.0,453.39,2023-01-30 17:28:00,Debit,Las Vegas,ATM,Engineer,2024-11-04 08:11:28,Senior,2
85.35,66.0,166.0,1.0,2173.76,2023-07-05 16:08:25,Debit,Washington,ATM,Retired,2024-11-04 08:06:25,Senior,1
79.76,39.0,170.0,1.0,6452.14,2023-02-06 16:26:29,Debit,Raleigh,Branch,Engineer,2024-11-04 08:09:34,Adult,2
778.49,75.0,107.0,1.0,7713.67,2023-07-03 16:48:21,Credit,Omaha,Online,Retired,2024-11-04 08:09:21,Senior,1
386.38,42.0,135.0,1.0,5528.36,2023-01-24 16:00:14,Debit,Phoenix,Online,Engineer,2024-11-04 08:10:06,Adult,2
165.25,35.0,106.0,1.0,9939.94,2023-11-24 17:11:27,Debit,Sacramento,Online,Doctor,2024-11-04 08:11:35,Adult,3
14.29,34.0,150.0,1.0,7016.99,2023-02-28 16:28:25,Debit,Los Angeles,ATM,Engineer,2024-11-04 08:08:52,Adult,2
232.79,55.0,145.0,1.0,2661.3,2023-09-20 17:36:06,Credit,Indianapolis,Branch,Retired,2024-11-04 08:11:40,Senior,3
293.97,68.0,153.0,1.0,7371.85,2023-11-13 17:34:15,Debit,Phoenix,Branch,Retired,2024-11-04 08:08:57,Senior,3
136.32,19.0,113.0,1.0,264.83,2023-10-11 18:50:24,Debit,Miami,Online,Student,2024-11-04 08:09:24,Young,3
251.06,36.0,34.0,1.0,10001.66,2023-12-06 17:27:14,Debit,Colorado Springs,Online,Doctor,2024-11-04 08:10:13,Adult,3
50.17,77.0,35.0,1.0,7752.140000000001,2023-09-18 16:57:44,Credit,Sacramento,ATM,Retired,2024-11-04 08:10:59,Senior,3
21.4,34.0,258.0,1.0,9594.11,2023-12-26 16:07:28,Debit,Fresno,Branch,Engineer,2024-11-04 08:11:40,Adult,3
73.28,21.0,21.000000000000004,1.0,1329.41,2023-03-10 17:33:12,Debit,Boston,Branch,Student,2024-11-04 08:10:57,Young,2
70.23,38.0,260.0,1.0,11624.93,2023-09-13 16:18:07,Debit,Memphis,ATM,Doctor,2024-11-04 08:07:16,Adult,3
689.29,22.0,100.00000000000001,1.0,168.84,2023-01-06 17:30:07,Debit,El Paso,ATM,Student,2024-11-04 08:07:49,Young,2
745.03,28.0,231.0,1.0,160.57,2023-08-03 17:42:02,Debit,Fort Worth,Online,Student,2024-11-04 08:09:15,Young,1
54.61,58.0,160.0,1.0,7135.64,2023-12-04 16:10:04,Debit,Milwaukee,ATM,Engineer,2024-11-04 08:07:19,Senior,3
54.05,27.0,146.0,1.0,469.13999999999993,2023-04-25 16:53:22,Debit,Louisville,Branch,Student,2024-11-04 08:11:34,Young,2
107.47,67.0,144.0,1.0,7517.499999999999,2023-04-12 17:39:29,Debit,Austin,Online,Retired,2024-11-04 08:12:09,Senior,2
219.63,48.0,44.0,1.0,8013.63,2023-11-10 16:06:27,Debit,Charlotte,ATM,Doctor,2024-11-04 08:07:29,Adult,3
93.52,51.0,97.0,1.0,2791.2,2023-08-14 17:41:24,Debit,Philadelphia,Online,Engineer,2024-11-04 08:08:04,Senior,1
275.92,62.0,107.0,1.0,1777.38,2023-09-18 18:47:52,Credit,Nashville,Branch,Retired,2024-11-04 08:07:39,Senior,3
376.79,68.0,265.0,1.0,7749.14,2023-01-30 17:47:18,Debit,Milwaukee,Branch,Retired,2024-11-04 08:08:44,Senior,2
8.98,66.0,56.0,1.0,4516.76,2023-08-21 16:07:13,Debit,Detroit,Online,,2024-11-04 08:10:53,Senior,1
697.32,68.0,91.0,1.0,2016.0200000000002,2023-05-11 16:30:04,Debit,Atlanta,Online,Retired,2024-11-04 08:11:18,Senior,1
17.45,18.0,88.0,1.0,1959.52,2023-09-13 16:41:19,,Omaha,ATM,Student,2024-11-04 08:09:39,Young,3
442.74,23.0,136.0,1.0,1790.27,2023-10-16 17:47:41,Debit,San Diego,Branch,Student,2024-11-04 08:09:45,Young,3
623.9,27.0,249.0,1.0,711.4699999999999,2023-08-08 17:44:21,Debit,San Jose,ATM,Student,2024-11-04 08:10:15,Young,1
63.41,26.0,36.0,1.0,1546.22,2023-11-24 17:29:06,Debit,Fort Worth,ATM,Student,2024-11-04 08:07:15,Young,3
346.85,44.0,88.0,1.0,7208.15,2023-11-03 18:33:50,Debit,Kansas City,ATM,Doctor,2024-11-04 08:10:25,Adult,3
71.95,59.0,53.00000000000001,1.0,9267.32,2023-02-13 16:39:52,Credit,,Online,Engineer,2024-11-04 08:06:23,Senior,2
7.5,63.0,36.0,1.0,6485.78,2023-02-17 16:08:54,Debit,Dallas,Online,Retired,2024-11-04 08:11:28,Senior,2
206.46,65.0,279.0,1.0,3984.38,2023-11-27 18:26:02,Debit,Virginia Beach,ATM,Retired,2024-11-04 08:06:44,Senior,3
423.11,60.0,47.0,1.0,412.78,2023-07-25 18:41:02,Debit,Columbus,ATM,Engineer,2024-11-04 08:10:58,Senior,1
35.84,54.0,172.0,1.0,4795.65,2023-03-28 17:23:54,Credit,Colorado Springs,Online,Retired,2024-11-04 08:10:57,Senior,2
88.6,28.0,105.0,1.0,246.57,2023-02-14 17:01:44,Credit,Raleigh,Branch,Student,2024-11-04 08:08:47,Young,2
22.46,54.0,78.0,1.0,6631.5,2023-05-17 16:03:51,Debit,New York,Online,Retired,2024-11-04 08:07:46,Senior,1
334.89,21.0,260.0,1.0,1661.68,2023-07-20 18:23:13,Debit,Fort Worth,Online,Student,2024-11-04 08:08:44,Young,1
319.27,54.0,59.00000000000001,1.0,5504.01,2023-07-20 16:58:05,Credit,Omaha,Online,Retired,2024-11-04 08:06:35,Senior,1
144.3,18.0,88.0,1.0,312.19,2023-12-08 17:24:44,Debit,Oklahoma City,ATM,Student,2024-11-04 08:10:39,Young,3
348.7,69.0,149.0,1.0,2445.58,2023-05-02 17:13:45,Credit,Fresno,Branch,Retired,2024-11-04 08:06:58,Senior,2
366.21,62.0,181.0,1.0,10862.99,2023-01-12 17:57:06,Debit,Oklahoma City,ATM,Doctor,2024-11-04 08:11:36,Senior,2
99.11,55.0,12.0,1.0,5414.87,2023-05-01 16:58:41,Debit,Philadelphia,Online,Retired,2024-11-04 08:09:35,Senior,2
539.35,55.0,127.0,1.0,3919.4399999999996,2023-05-22 17:34:50,Debit,Milwaukee,ATM,Retired,2024-11-04 08:11:49,Senior,1
188.99,58.0,91.99999999999999,1.0,7315.34,2023-06-08 16:43:06,Debit,Oklahoma City,Branch,Engineer,2024-11-04 08:07:32,Senior,1
710.14,26.0,227.0,1.0,465.62999999999994,2023-03-08 16:20:43,Debit,El Paso,ATM,Student,2024-11-04 08:12:20,Young,2
308.68,53.0,170.0,1.0,9992.36,2023-02-27 17:14:10,Debit,Milwaukee,Online,Doctor,2024-11-04 08:10:16,Senior,2
166.68,57.0,139.0,1.0,5141.19,2023-03-27 18:47:56,Debit,Mesa,ATM,Retired,2024-11-04 08:12:19,Senior,2
66.58,23.0,79.0,1.0,1636.32,2023-12-04 17:06:43,Debit,Raleigh,Branch,Student,2024-11-04 08:08:48,Young,3
223.43,77.0,178.0,1.0,7932.410000000001,2023-02-08 17:59:42,Debit,Dallas,Branch,Retired,2024-11-04 08:09:38,Senior,2
659.95,60.0,114.0,1.0,3927.6900000000005,2023-09-20 16:59:45,Debit,Detroit,Online,Engineer,2024-11-04 08:06:26,Senior,3
634.86,27.0,45.0,1.0,588.4999999999999,2023-08-10 16:28:55,Debit,Chicago,ATM,Student,2024-11-04 08:08:00,Young,1
286.5,30.0,60.00000000000001,1.0,8517.95,2023-10-23 16:58:04,Credit,Boston,Branch,Engineer,2024-11-04 08:09:17,Adult,3
322.96,76.0,168.00000000000003,1.0,2401.59,2023-11-27 16:21:20,Credit,Philadelphia,Branch,Retired,2024-11-04 08:11:24,Senior,3
654.48,19.0,114.0,1.0,6776.41,2023-08-07 16:37:06,Debit,Columbus,Branch,Student,2024-11-04 08:10:17,Young,1
157.97,48.0,140.0,1.0,5529.92,2023-06-21 16:00:51,Debit,Philadelphia,Branch,Doctor,2024-11-04 08:10:06,Adult,1
120.90000000000002,40.0,52.00000000000001,1.0,9009.42,2023-07-12 16:17:27,,Tucson,Branch,Doctor,2024-11-04 08:08:19,Adult,1
254.77,57.0,57.0,1.0,5994.87,2023-01-18 16:47:29,Debit,Denver,Branch,Engineer,2024-11-04 08:07:07,Senior,2
795.96,65.0,119.0,1.0,5468.58,2023-09-28 17:53:43,Debit,Raleigh,Online,Retired,2024-11-04 08:08:26,Senior,3
149.25,39.0,142.0,1.0,5677.52,2023-04-10 16:38:45,Debit,Omaha,ATM,Engineer,2024-11-04 08:07:41,Adult,2
3.42,43.0,158.0,1.0,14180.21,2023-09-25 16:14:35,Credit,San Antonio,,Doctor,2024-11-04 08:08:48,Adult,3
68.19,40.0,189.0,1.0,9895.1,2023-03-14 16:07:32,Credit,Fresno,Online,Doctor,2024-11-04 08:07:50,Adult,2
493.4200000000001,39.0,111.0,1.0,2232.84,2023-06-14 17:21:32,,Baltimore,Branch,Engineer,2024-11-04 08:10:01,Adult,1
37.57,57.0,42.00000000000001,1.0,7739.54,2023-04-26 18:35:50,Debit,El Paso,ATM,Retired,2024-11-04 08:09:21,Senior,2
96.89,59.0,53.00000000000001,1.0,6044.93,2023-03-16 16:02:01,Debit,,ATM,,2024-11-04 08:11:06,Senior,2
448.33,25.0,161.0,1.0,922.19,2023-05-01 16:11:56,Debit,Atlanta,ATM,Student,2024-11-04 08:09:44,Young,2
8.65,48.0,273.0,1.0,10778.35,2023-06-05 17:08:37,Debit,Las Vegas,Online,Doctor,2024-11-04 08:09:03,Adult,1
539.81,46.0,177.0,1.0,2051.25,2023-02-21 16:14:16,Debit,San Francisco,Online,Engineer,2024-11-04 08:09:05,Adult,2
363.53,63.0,142.0,1.0,1038.91,2023-01-18 17:03:54,Debit,Kansas City,ATM,Retired,2024-11-04 08:10:57,Senior,2
64.9,51.0,72.0,1.0,6854.61,2023-02-14 16:23:39,Credit,Detroit,Branch,Retired,2024-11-04 08:10:18,Senior,2
358.18,18.0,157.0,1.0,619.86,2023-04-10 16:44:52,Debit,Boston,ATM,Student,2024-11-04 08:07:58,Young,2
167.2,30.0,84.00000000000001,1.0,11320.83,2023-01-18 17:53:37,Debit,San Antonio,Branch,Doctor,2024-11-04 08:06:52,Adult,2
121.90999999999998,60.0,133.0,1.0,14510.8,2023-06-26 18:39:52,Debit,Chicago,Branch,Doctor,2024-11-04 08:08:59,Senior,1
137.57,54.0,70.0,1.0,5103.67,2023-12-11 17:26:22,Debit,Louisville,Online,Engineer,2024-11-04 08:11:22,Senior,3
534.62,55.0,45.0,1.0,13793.53,2023-12-05 17:51:28,Debit,Oklahoma City,Online,Doctor,2024-11-04 08:06:35,Senior,3
463.92,50.0,199.0,1.0,2403.39,2023-03-13 16:41:12,Debit,Mesa,Online,Engineer,2024-11-04 08:09:14,Senior,2
320.14,60.0,96.0,1.0,3075.97,2023-01-31 16:58:42,Debit,Milwaukee,Online,Retired,2024-11-04 08:07:40,Senior,2
214.93,28.0,52.00000000000001,1.0,7835.4,2023-05-15 17:02:15,Debit,Albuquerque,Online,Student,2024-11-04 08:08:51,Young,1
660.02,20.0,84.00000000000001,1.0,414.43,2023-10-12 16:57:36,Debit,Nashville,Branch,Student,2024-11-04 08:08:35,Young,3
345.81,40.0,135.0,1.0,6116.8,2023-06-26 16:10:57,Debit,Raleigh,Branch,Engineer,2024-11-04 08:12:14,Adult,1
143.54,71.0,80.0,1.0,6067.62,2023-10-16 16:06:05,Debit,Philadelphia,ATM,Retired,2024-11-04 08:08:22,Senior,3
42.55,53.0,29.000000000000004,1.0,7341.43,2023-03-31 18:57:11,Debit,Seattle,Branch,Engineer,2024-11-04 08:10:32,Senior,2
541.79,22.0,125.0,1.0,1454.08,2023-08-11 16:43:45,Debit,Mesa,ATM,Student,2024-11-04 08:11:29,Young,1
40.57,26.0,63.0,1.0,1476.91,2023-02-13 17:02:27,Debit,Columbus,Branch,Student,2024-11-04 08:06:37,Young,2
498.66999999999996,28.0,244.0,1.0,1719.97,2023-12-05 16:19:23,Debit,Miami,Online,Student,2024-11-04 08:08:24,Young,3
227.22,53.0,220.0,1.0,832.82,2023-03-27 18:52:04,Debit,El Paso,ATM,Doctor,2024-11-04 08:11:56,Senior,2
56.94,76.0,74.0,1.0,7004.63,2023-12-11 16:52:47,Credit,Charlotte,Online,,2024-11-04 08:07:42,Senior,3
629.82,68.0,159.0,1.0,6385.69,2023-07-17 16:22:23,Debit,Colorado Springs,,Retired,2024-11-04 08:11:59,Senior,1
59.44,35.0,176.0,1.0,5472.03,2023-06-13 17:52:56,Debit,Chicago,Online,Engineer,2024-11-04 08:06:34,Adult,1
186.69,30.0,53.99999999999999,1.0,8602.22,2023-12-29 16:38:21,Debit,New York,Branch,Engineer,2024-11-04 08:08:12,Adult,3
230.46,19.0,179.0,1.0,162.53,2023-04-25 17:33:27,Debit,Mesa,Online,Student,2024-11-04 08:08:50,Young,2
65.09,44.0,159.0,1.0,9370.9,2023-02-28 17:58:02,Credit,Seattle,Online,Engineer,2024-11-04 08:09:41,Adult,2
457.09,55.0,63.0,1.0,8570.82,2023-05-25 16:52:57,Credit,Nashville,Online,Engineer,2024-11-04 08:08:45,Senior,1
552.02,44.0,100.00000000000001,1.0,522.08,2023-11-30 16:51:46,Credit,Chicago,ATM,Engineer,2024-11-04 08:09:25,Adult,3
377.12,34.0,61.00000000000001,1.0,836.6699999999998,2023-08-14 17:12:27,Debit,Houston,ATM,Engineer,2024-11-04 08:11:40,Adult,1
204.56,18.0,179.0,1.0,364.72,2023-09-11 17:51:17,Credit,San Diego,Branch,Student,2024-11-04 08:10:26,Young,3
420.28,35.0,144.0,1.0,8557.32,2023-05-17 17:28:25,Debit,Washington,Branch,Doctor,2024-11-04 08:09:01,Adult,1
124.59,27.0,171.0,1.0,129.29,2023-05-05 17:32:18,Debit,Charlotte,Branch,Student,2024-11-04 08:09:21,Young,2
73.88,39.0,34.0,1.0,6474.41,2023-01-02 16:27:18,Debit,Charlotte,Online,Doctor,2024-11-04 08:09:09,Adult,2
245.93,54.0,172.0,1.0,7986.629999999999,2023-06-06 18:53:35,Debit,Fresno,Branch,Engineer,2024-11-04 08:11:58,Senior,1
622.41,64.0,125.0,1.0,7322.01,2023-12-11 16:57:41,Debit,Indianapolis,ATM,Doctor,2024-11-04 08:07:48,Senior,3
43.73,34.0,145.0,1.0,9929.43,2023-04-03 16:43:29,Debit,Omaha,ATM,Doctor,2024-11-04 08:10:33,Adult,2
2.03,33.0,28.0,1.0,3012.31,2024-01-01 16:07:05,Credit,Detroit,ATM,Engineer,2024-11-04 08:08:50,Adult,3
770.65,31.0,137.0,1.0,7198.8,2023-07-05 17:49:26,Debit,Jacksonville,Online,Doctor,2024-11-04 08:09:01,Adult,1
260.31,63.0,113.0,1.0,10980.38,2023-02-28 16:46:55,Debit,Austin,Branch,Doctor,2024-11-04 08:12:03,Senior,2
356.1,26.0,187.0,1.0,868.35,2023-10-25 16:13:39,Credit,Fort Worth,Branch,Student,2024-11-04 08:11:02,Young,3
27.07,80.0,39.0,1.0,3773.2899999999995,2023-03-06 17:39:01,Credit,Virginia Beach,Branch,Retired,2024-11-04 08:09:57,Senior,2
119.89,67.0,60.00000000000001,1.0,6697.77,2023-12-19 17:11:31,Debit,Tucson,ATM,Doctor,2024-11-04 08:09:02,Senior,3
106.39,37.0,281.0,1.0,9410.99,2023-02-13 18:42:09,Debit,Virginia Beach,Online,Doctor,2024-11-04 08:10:32,Adult,2
12.04,37.0,58.00000000000001,1.0,6213.32,2023-11-15 16:08:52,Debit,Fort Worth,Online,Engineer,2024-11-04 08:08:25,Adult,3
29.38,28.0,63.0,1.0,1663.31,2023-02-15 16:30:09,Credit,Baltimore,Branch,Student,2024-11-04 08:11:08,Young,2
319.85,60.0,148.0,1.0,711.6599999999999,2023-07-26 16:44:22,Debit,Denver,ATM,Doctor,2024-11-04 08:07:45,Senior,1
350.14,75.0,37.99999999999999,1.0,2403.25,2023-03-24 18:50:42,Credit,Los Angeles,Online,Retired,2024-11-04 08:08:40,Senior,2
163.94,52.0,73.0,1.0,5957.37,2023-08-03 18:49:37,Credit,Virginia Beach,Branch,Retired,2024-11-04 08:09:51,Senior,1
170.53,24.0,58.00000000000001,1.0,801.01,2023-02-06 18:59:44,Debit,Oklahoma City,Branch,Student,2024-11-04 08:09:49,Young,2
262.22,40.0,136.0,1.0,5711.71,2023-07-13 17:48:24,Credit,Baltimore,ATM,Engineer,,Adult,1
41.49,24.0,13.0,1.0,928.33,2023-04-24 16:47:20,Debit,Albuquerque,Online,Student,2024-11-04 08:12:03,Young,2
121.43,52.0,243.0,1.0,7365.28,2023-03-21 16:20:33,Credit,Sacramento,Branch,Engineer,2024-11-04 08:07:28,Senior,2
350.46,51.0,165.0,1.0,5839.38,2023-12-08 16:16:02,Debit,Nashville,Branch,Retired,2024-11-04 08:06:32,Senior,3
220.41,26.0,155.0,1.0,5116.98,2023-09-04 16:42:49,Credit,El Paso,Online,Engineer,2024-11-04 08:10:04,Young,1
33.46,72.0,111.0,1.0,3641.07,2023-02-20 16:52:03,Debit,Seattle,ATM,Retired,2024-11-04 08:09:12,Senior,2
104.79,70.0,223.0,1.0,1352.19,2023-08-07 16:06:32,Debit,Denver,ATM,Doctor,2024-11-04 08:10:07,Senior,1
246.27000000000004,29.0,141.0,1.0,7299.86,2023-12-27 16:48:30,Debit,Fresno,Online,Doctor,2024-11-04 08:10:57,Young,3
48.85,19.0,176.0,1.0,1503.56,2023-12-08 16:45:12,Debit,Dallas,ATM,Student,2024-11-04 08:07:15,Young,3
332.0,69.0,17.0,1.0,5943.13,2023-04-27 16:27:41,Debit,Charlotte,ATM,Retired,2024-11-04 08:07:03,Senior,2
118.1,54.0,167.0,1.0,895.6599999999999,2023-10-31 16:49:13,Debit,Memphis,Online,Engineer,2024-11-04 08:09:14,Senior,3
84.59,67.0,10.0,1.0,5669.1,2023-04-19 16:54:46,Credit,Las Vegas,Branch,Doctor,2024-11-04 08:07:12,Senior,2
295.64,21.0,82.0,1.0,1061.96,2023-12-14 17:31:18,Debit,Jacksonville,Online,Student,2024-11-04 08:10:41,Young,3
514.33,25.0,160.0,1.0,1592.94,2023-06-02 16:27:08,Debit,Philadelphia,Branch,Student,2024-11-04 08:12:17,Young,1
94.59,39.0,34.0,1.0,6171.89,2023-12-01 17:04:00,Debit,Washington,Online,Doctor,2024-11-04 08:10:37,Adult,3
80.43,59.0,157.0,1.0,5987.67,2023-01-04 16:09:43,Debit,Columbus,Branch,Retired,2024-11-04 08:08:18,Senior,2
54.25,68.0,37.0,1.0,14783.33,2023-07-31 16:51:50,Debit,Virginia Beach,Online,Doctor,2024-11-04 08:08:53,Senior,1
518.85,22.0,82.0,1.0,1806.0,2023-10-23 18:37:47,Debit,Kansas City,Online,Student,2024-11-04 08:06:37,Young,3
10.65,54.0,161.0,1.0,13240.72,2023-04-24 16:24:49,Debit,Louisville,Online,Doctor,2024-11-04 08:10:21,Senior,2
198.62,27.0,84.00000000000001,1.0,1196.07,,Credit,Tucson,Branch,Student,2024-11-04 08:06:38,Young,3
107.03,27.0,73.0,1.0,1408.07,2023-03-06 18:27:13,Debit,Miami,Branch,Student,2024-11-04 08:12:13,Young,2
346.11,41.0,213.0,1.0,9551.64,2023-01-04 17:00:17,Debit,Dallas,Branch,Engineer,2024-11-04 08:08:03,Adult,2
138.06,44.0,159.0,1.0,1070.47,2023-07-25 17:21:53,Debit,Charlotte,Branch,Engineer,2024-11-04 08:06:52,Adult,1
158.02,49.0,120.0,1.0,9374.24,2023-09-20 17:09:14,Debit,New York,ATM,Engineer,2024-11-04 08:09:57,Adult,3
830.01,66.0,96.0,1.0,4253.18,2023-07-21 16:43:59,Credit,Chicago,Online,Retired,2024-11-04 08:11:27,Senior,1
435.5,55.0,112.0,1.0,6981.03,2023-05-15 18:41:05,Debit,Oklahoma City,ATM,,2024-11-04 08:09:40,Senior,1
110.49,57.0,48.0,1.0,10483.93,2023-10-31 17:06:47,Debit,Raleigh,Online,Doctor,2024-11-04 08:12:20,Senior,3
329.4,34.0,68.00000000000001,1.0,9588.07,2023-12-25 16:30:09,Debit,Denver,Online,Doctor,2024-11-04 08:07:55,Adult,3
635.4,47.0,106.0,1.0,1238.11,2023-09-19 16:55:00,Debit,Denver,ATM,Doctor,2024-11-04 08:11:45,Adult,3
769.97,22.0,22.999999999999996,1.0,1244.93,2023-02-16 18:56:44,Debit,San Diego,Branch,Student,2024-11-04 08:09:51,Young,2
175.07,26.0,169.0,1.0,1040.25,2023-09-04 17:46:20,Debit,Colorado Springs,Branch,Student,2024-11-04 08:08:15,Young,1
7.31,78.0,282.0,1.0,5757.67,2023-06-26 16:04:11,Debit,Las Vegas,Branch,Retired,2024-11-04 08:07:15,Senior,1
56.12,30.0,102.0,1.0,8839.67,2023-09-13 18:49:55,Debit,El Paso,ATM,Doctor,2024-11-04 08:09:30,Adult,3
424.7,56.0,178.0,1.0,6239.89,2023-01-30 17:37:14,Credit,Miami,Online,Retired,2024-11-04 08:08:25,Senior,2
35.73,65.0,87.0,1.0,9073.17,2023-06-12 16:48:03,Debit,Miami,Branch,Doctor,2024-11-04 08:11:09,Senior,1
3.44,78.0,107.99999999999999,1.0,7561.33,2023-01-19 17:24:30,Debit,Fort Worth,ATM,Retired,2024-11-04 08:12:20,Senior,2
139.03,50.0,81.0,1.0,2276.57,2023-08-30 18:00:09,Credit,Los Angeles,Online,Engineer,2024-11-04 08:11:29,Senior,1
254.92,28.0,169.0,1.0,2791.12,2023-09-18 16:04:06,Credit,San Antonio,ATM,Engineer,2024-11-04 08:07:18,Young,3
115.11,28.0,139.0,1.0,9808.97,2023-05-05 17:34:22,Debit,Albuquerque,Online,Engineer,2024-11-04 08:10:18,Young,2
171.11,57.0,171.0,1.0,6324.09,2023-05-15 16:52:24,Debit,San Francisco,ATM,Retired,2024-11-04 08:08:40,Senior,1
408.46,64.0,28.0,1.0,3140.79,2023-03-01 16:17:46,Debit,Raleigh,Branch,Retired,2024-11-04 08:08:20,Senior,2
342.17,21.0,247.0,1.0,461.83,2023-12-14 16:09:42,Credit,New York,Branch,Student,2024-11-04 08:08:32,Young,3
580.71,53.0,95.0,1.0,5670.0,2023-09-20 16:37:48,Debit,Philadelphia,ATM,Engineer,2024-11-04 08:10:54,Senior,3
821.54,79.0,36.0,1.0,4040.3199999999997,2023-08-22 18:11:16,Credit,Atlanta,Branch,Retired,2024-11-04 08:11:57,Senior,1
253.47,20.0,238.0,1.0,220.51,2023-06-14 17:07:08,Debit,Atlanta,Branch,Student,2024-11-04 08:08:12,Young,1
22.81,62.0,75.0,1.0,3634.76,2023-05-29 17:53:03,Debit,New York,Online,Retired,2024-11-04 08:07:59,Senior,1
266.57,39.0,96.0,1.0,7180.48,2023-07-03 17:56:59,Credit,Boston,Online,Engineer,2024-11-04 08:07:10,Adult,1
374.61,75.0,37.0,1.0,1389.71,2023-08-29 18:30:36,Credit,Mesa,Online,Retired,2024-11-04 08:11:24,Senior,1
339.35,78.0,70.0,1.0,5002.7,2023-02-03 16:08:47,Credit,Boston,ATM,Retired,2024-11-04 08:08:17,Senior,2
810.36,20.0,67.0,1.0,9239.12,2023-01-17 16:59:03,Debit,Columbus,ATM,Student,2024-11-04 08:07:19,Young,2
9.83,24.0,86.0,1.0,666.42,2023-07-24 17:04:17,Debit,Memphis,ATM,Student,2024-11-04 08:09:03,Young,1
135.57,51.0,116.00000000000001,1.0,11351.64,2023-06-14 17:17:34,Credit,Boston,Branch,Doctor,2024-11-04 08:11:44,Senior,1
340.05,43.0,37.0,1.0,7234.15,2023-10-27 17:26:53,Debit,Detroit,ATM,Engineer,2024-11-04 08:07:43,Adult,3
283.45,27.0,127.0,1.0,2049.51,2023-10-17 17:24:47,Debit,Colorado Springs,Branch,Engineer,2024-11-04 08:08:51,Young,3
100.99,68.0,114.0,1.0,8865.27,2023-05-29 16:20:29,Debit,New York,ATM,Doctor,2024-11-04 08:09:12,Senior,1
90.88,18.0,176.0,1.0,3908.4700000000003,2023-02-20 16:48:49,Debit,Albuquerque,Branch,Student,2024-11-04 08:07:13,Young,2
655.15,26.0,264.0,1.0,5587.44,2023-01-02 16:22:54,Debit,Seattle,ATM,Engineer,2024-11-04 08:07:15,Young,2
320.55,50.0,118.0,1.0,438.75,2023-05-01 17:11:47,Debit,Milwaukee,Online,Engineer,2024-11-04 08:08:14,Senior,2
41.51,28.0,48.0,1.0,609.5999999999999,2023-10-04 16:47:33,Debit,Phoenix,Online,Student,2024-11-04 08:11:54,Young,3
71.53,68.0,39.0,1.0,2393.73,2023-10-30 16:49:25,Credit,Jacksonville,Branch,Retired,2024-11-04 08:12:00,Senior,3
467.13,54.0,45.0,1.0,3914.84,2023-09-28 17:18:26,Credit,Kansas City,Branch,Retired,2024-11-04 08:06:58,Senior,3
235.4,28.0,70.0,1.0,818.3599999999999,2023-09-26 17:02:25,Debit,Detroit,Branch,Student,2024-11-04 08:10:13,Young,3
159.32,18.0,100.00000000000001,1.0,304.44,2023-01-16 18:57:13,Debit,Seattle,Branch,Student,2024-11-04 08:10:32,Young,2
50.83,30.0,48.0,1.0,9553.42,2023-12-18 16:06:14,Credit,Philadelphia,Online,Doctor,2024-11-04 08:10:06,Adult,3
56.89,59.0,56.0,1.0,3034.67,2023-02-03 18:03:56,Credit,Houston,Branch,Engineer,2024-11-04 08:09:52,Senior,2
20.22,43.0,138.0,1.0,5515.32,2023-03-10 18:26:19,Debit,Jacksonville,ATM,Engineer,2024-11-04 08:06:32,Adult,2
50.4,36.0,84.00000000000001,1.0,1677.01,2023-03-27 17:02:44,Debit,San Antonio,Branch,Doctor,2024-11-04 08:07:17,Adult,2
73.88,53.0,131.0,1.0,4055.55,2023-05-08 17:42:36,Debit,Los Angeles,Branch,Retired,2024-11-04 08:08:11,Senior,2
119.61,33.0,53.00000000000001,1.0,9899.94,2023-03-14 16:21:01,Debit,San Diego,ATM,Doctor,2024-11-04 08:07:28,Adult,2
116.58,43.0,247.0,1.0,2620.74,2023-08-31 16:38:18,Debit,Raleigh,Branch,Engineer,2024-11-04 08:06:50,Adult,1
391.96,64.0,79.0,1.0,2174.16,2023-06-19 16:21:58,Debit,,ATM,Retired,2024-11-04 08:06:47,Senior,1
156.26,46.0,160.0,1.0,7854.100000000001,2023-01-02 17:49:44,Credit,Virginia Beach,Branch,Engineer,2024-11-04 08:09:29,Adult,2
427.0,49.0,163.0,1.0,8253.65,2023-07-31 17:04:29,Credit,Oklahoma City,Branch,Engineer,2024-11-04 08:07:30,Adult,1
443.68,18.0,137.0,1.0,874.1499999999999,2023-04-25 18:58:32,Debit,Tucson,,Student,2024-11-04 08:10:26,Young,2
101.76,31.0,26.0,1.0,6043.25,2023-02-20 17:27:24,,Philadelphia,,Doctor,2024-11-04 08:11:08,Adult,2
67.57,37.0,107.0,1.0,2766.12,2023-08-17 16:44:38,Debit,Charlotte,Branch,Engineer,2024-11-04 08:11:15,Adult,1
326.29,56.0,179.0,1.0,8171.259999999999,2023-12-06 17:10:35,Debit,Denver,Online,Engineer,2024-11-04 08:10:44,Senior,3
158.56,33.0,100.00000000000001,1.0,5401.21,2023-02-28 17:28:13,Debit,Sacramento,ATM,Doctor,2024-11-04 08:10:48,Adult,2
56.02,27.0,142.0,1.0,3548.02,2023-06-19 17:50:29,Debit,Memphis,Online,Student,2024-11-04 08:07:58,Young,1
288.28,27.0,36.0,1.0,160.83,2023-01-17 17:11:24,,Portland,Online,Student,2024-11-04 08:06:33,Young,2
245.67,24.0,107.0,1.0,752.2499999999999,2023-01-02 18:35:07,Credit,Portland,Branch,Student,2024-11-04 08:07:45,Young,2
114.35,41.0,21.000000000000004,1.0,469.12,2023-11-27 16:16:19,Credit,El Paso,Branch,Engineer,2024-11-04 08:10:13,Adult,3
373.27,61.0,79.0,1.0,8441.61,2023-07-18 18:03:03,Credit,Miami,Online,Doctor,,Senior,1
504.63000000000005,60.0,168.00000000000003,1.0,3806.16,2023-11-13 17:07:10,Debit,Portland,Online,Engineer,2024-11-04 08:07:50,Senior,3
820.15,47.0,181.0,1.0,8802.97,2023-12-18 16:33:01,Debit,Kansas City,Branch,Doctor,2024-11-04 08:10:34,Adult,3
8.37,63.0,135.0,1.0,1106.34,2023-01-12 16:21:27,Debit,Colorado Springs,ATM,Retired,2024-11-04 08:11:23,Senior,2
197.49,53.0,30.0,1.0,5005.33,2023-07-03 16:36:45,Credit,Fresno,Online,Retired,2024-11-04 08:06:40,Senior,1
637.97,58.0,90.0,1.0,7949.03,2023-10-23 17:17:18,Debit,New York,Branch,Retired,2024-11-04 08:07:56,Senior,3
13.52,26.0,65.0,1.0,259.77,2023-05-15 16:51:28,Debit,Seattle,ATM,Student,2024-11-04 08:06:30,Young,1
432.1,49.0,240.0,1.0,2114.3,2023-03-20 16:28:17,Debit,San Francisco,ATM,Engineer,2024-11-04 08:10:16,Adult,2
642.68,50.0,94.0,1.0,8461.46,2023-02-17 16:57:11,Debit,Fresno,Branch,Doctor,2024-11-04 08:08:38,Senior,2
78.44,52.0,292.0,1.0,6870.84,2023-11-21 17:25:30,Credit,San Jose,Online,Retired,2024-11-04 08:10:39,Senior,3
139.72,49.0,201.0,1.0,5058.83,2023-01-16 17:53:00,Debit,Memphis,Branch,Engineer,2024-11-04 08:08:24,Adult,2
499.99,31.0,296.0,1.0,8885.0,2023-08-02 16:01:17,Debit,San Jose,Branch,Engineer,2024-11-04 08:09:05,Adult,1
10.07,24.0,49.0,1.0,530.81,2023-01-17 16:47:41,Debit,Albuquerque,Online,Student,2024-11-04 08:08:57,Young,2
120.61999999999999,23.0,85.0,1.0,9379.53,2023-02-27 16:37:11,Debit,Raleigh,ATM,Student,2024-11-04 08:06:39,Young,2
578.49,59.0,180.0,1.0,6475.13,2023-10-16 17:46:51,Debit,Nashville,Branch,Retired,2024-11-04 08:06:50,Senior,3
280.92,41.0,168.00000000000003,1.0,5298.85,2024-01-01 18:21:50,Debit,Phoenix,Online,Doctor,2024-11-04 08:06:41,Adult,3
42.42,21.0,102.0,1.0,490.57,2023-06-01 17:19:57,Debit,Sacramento,Online,Student,2024-11-04 08:09:11,Young,1
77.03,67.0,259.0,1.0,11310.27,2023-06-19 16:57:53,Debit,Fresno,ATM,Doctor,2024-11-04 08:08:06,Senior,1
22.59,62.0,45.0,1.0,3988.75,2023-03-27 16:12:36,Debit,Seattle,ATM,Retired,2024-11-04 08:08:22,Senior,2
568.76,51.0,155.0,1.0,7484.319999999999,2023-10-09 16:48:50,Debit,Baltimore,ATM,Retired,2024-11-04 08:12:09,Senior,3
105.94,51.0,207.0,1.0,5963.1,2023-08-07 16:02:55,Debit,Oklahoma City,Branch,Engineer,2024-11-04 08:09:59,Senior,1
350.15,21.0,195.0,1.0,296.47,2023-11-27 16:18:25,Credit,Fresno,ATM,Student,2024-11-04 08:08:37,Young,3
183.67,19.0,238.0,1.0,910.26,2023-06-26 16:11:29,Debit,San Diego,Online,Student,2024-11-04 08:11:05,Young,1
278.27,29.0,123.0,1.0,6684.34,2023-04-10 16:47:55,Debit,Tucson,Branch,Doctor,2024-11-04 08:09:58,Young,2
470.3,40.0,88.0,1.0,8524.09,2023-09-12 18:46:45,Debit,Austin,ATM,Doctor,2024-11-04 08:08:00,Adult,3
261.69,53.0,84.00000000000001,1.0,5126.65,2023-11-27 17:29:25,Debit,Philadelphia,ATM,Retired,2024-11-04 08:09:09,Senior,3
365.04,22.0,94.0,1.0,873.8899999999999,2023-03-06 16:29:57,Debit,Virginia Beach,Branch,Student,2024-11-04 08:12:08,Young,2
211.1,57.0,136.0,1.0,7059.77,2023-09-14 16:58:48,Debit,Miami,Branch,Retired,2024-11-04 08:07:01,Senior,3
21.49,58.0,240.0,1.0,11991.24,2023-05-04 16:51:17,Debit,Denver,ATM,Doctor,2024-11-04 08:08:08,Senior,2
63.58,18.0,199.0,1.0,8086.040000000001,2023-09-11 17:43:14,Debit,Columbus,ATM,Student,2024-11-04 08:11:56,Young,3
321.86,63.0,167.0,1.0,12626.49,2023-07-24 16:25:51,Debit,San Antonio,ATM,Doctor,2024-11-04 08:06:35,Senior,1
12.11,75.0,127.0,1.0,1730.28,2023-12-12 16:17:27,Debit,Jacksonville,,Retired,2024-11-04 08:07:10,Senior,3
642.54,44.0,28.0,1.0,3143.17,2023-05-10 18:49:20,Debit,Milwaukee,Branch,Engineer,2024-11-04 08:10:37,Adult,1
210.45,27.0,146.0,1.0,1242.49,2023-12-11 16:47:05,Debit,Las Vegas,ATM,Student,2024-11-04 08:06:24,Young,3
313.65,55.0,173.0,1.0,1886.36,2023-01-30 16:08:07,Credit,Chicago,Branch,Retired,2024-11-04 08:10:49,Senior,2
99.76,26.0,131.0,1.0,416.89,2023-08-07 16:21:37,Debit,Sacramento,Branch,Student,2024-11-04 08:06:26,Young,1
115.32,53.0,113.0,1.0,5929.08,2023-07-25 17:24:07,Debit,Denver,Branch,Retired,2024-11-04 08:08:36,Senior,1
33.61,23.0,72.0,1.0,479.08,2023-08-21 17:25:00,Debit,Milwaukee,Online,Student,2024-11-04 08:08:40,Young,1
498.59,33.0,32.0,1.0,5862.99,2023-01-30 16:20:26,Credit,Oklahoma City,Online,Doctor,2024-11-04 08:06:58,Adult,2
98.81,27.0,91.0,1.0,797.1,2023-09-04 16:48:13,Debit,San Francisco,Branch,Student,2024-11-04 08:08:11,Young,1
1.8700000000000003,65.0,147.0,1.0,7287.94,2023-10-20 18:34:41,Debit,Washington,ATM,Retired,2024-11-04 08:09:48,Senior,3
78.92,59.0,95.0,1.0,5624.86,2023-06-15 18:57:42,Credit,Jacksonville,Online,Engineer,2024-11-04 08:08:28,Senior,1
194.29,39.0,10.0,1.0,2988.41,2023-01-23 16:05:42,Credit,Seattle,Branch,Engineer,2024-11-04 08:08:57,Adult,2
28.73,53.0,185.0,1.0,2712.96,,Debit,Kansas City,ATM,Engineer,2024-11-04 08:08:37,Senior,3
105.53,24.0,88.0,1.0,1433.66,2023-06-16 16:36:20,Debit,Colorado Springs,Online,Student,2024-11-04 08:10:14,Young,1
737.34,30.0,34.0,1.0,7336.56,2023-03-20 17:45:22,Debit,Miami,Online,Doctor,2024-11-04 08:08:06,Adult,2
237.86,18.0,210.0,1.0,475.62999999999994,2023-02-06 17:48:39,Debit,Philadelphia,ATM,Student,2024-11-04 08:10:20,Young,2
409.61,65.0,89.0,1.0,11698.15,2023-07-26 16:05:48,Debit,Kansas City,Branch,Doctor,2024-11-04 08:10:16,Senior,1
75.53,21.0,157.0,1.0,1034.35,2023-08-21 17:36:05,Credit,Fresno,Online,Student,2024-11-04 08:07:11,Young,1
72.75,64.0,15.0,1.0,12042.79,2023-05-01 16:30:03,Debit,Phoenix,ATM,Doctor,2024-11-04 08:07:19,Senior,2
39.11,26.0,143.0,1.0,518.54,2023-09-01 18:05:37,Debit,Columbus,Online,Student,2024-11-04 08:08:27,Young,1
729.38,68.0,90.0,1.0,9127.65,2023-11-14 17:23:43,Debit,Los Angeles,ATM,Doctor,2024-11-04 08:08:16,Senior,3
137.49,34.0,50.00000000000001,1.0,4471.05,2023-07-26 16:54:08,Debit,Fort Worth,ATM,Engineer,2024-11-04 08:07:04,Adult,1
504.71,29.0,61.00000000000001,1.0,6214.54,2023-04-10 18:27:51,Debit,Detroit,Online,Engineer,2024-11-04 08:08:37,Young,2
371.47,24.0,58.00000000000001,1.0,1187.04,2023-05-30 16:15:10,Credit,Milwaukee,Branch,Student,2024-11-04 08:07:09,Young,1
430.35,36.0,205.0,1.0,354.9,2023-02-20 17:23:03,Debit,Charlotte,Online,Doctor,2024-11-04 08:10:51,Adult,2
230.32,35.0,56.0,1.0,791.46,2023-05-15 18:15:33,Debit,Las Vegas,Branch,Engineer,2024-11-04 08:08:34,Adult,1
121.71,52.0,140.0,1.0,5878.89,2023-09-05 17:02:23,Debit,Chicago,ATM,Retired,2024-11-04 08:11:23,Senior,1
98.87,20.0,179.0,1.0,533.2,2023-01-03 17:51:07,Debit,Detroit,Online,Student,2024-11-04 08:06:58,Young,2
117.55,24.0,35.0,1.0,897.94,2023-05-19 16:35:07,Debit,Fresno,ATM,Student,2024-11-04 08:11:13,Young,1
244.64,30.0,103.0,1.0,9159.56,2023-02-21 18:41:39,Debit,Tucson,Branch,Doctor,2024-11-04 08:06:53,Adult,2
321.93,45.0,12.0,1.0,4392.73,2023-12-04 18:27:11,Debit,Nashville,ATM,Engineer,2024-11-04 08:07:51,Adult,3
283.23,40.0,98.0,1.0,2008.7700000000002,,Debit,El Paso,Online,Engineer,2024-11-04 08:07:38,Adult,3
346.65,30.0,60.00000000000001,1.0,6356.96,2024-01-01 16:17:13,Debit,Washington,Online,Engineer,2024-11-04 08:06:58,Adult,3
381.62,64.0,164.0,1.0,6009.12,2023-01-27 16:40:28,Debit,Las Vegas,Online,Retired,,Senior,2
388.65,76.0,43.0,1.0,7896.850000000001,2023-02-21 16:02:33,Debit,Oklahoma City,ATM,Retired,2024-11-04 08:08:15,Senior,2
29.22,24.0,151.0,1.0,1649.43,2023-07-06 18:16:05,Debit,San Antonio,ATM,Student,2024-11-04 08:09:03,Young,1
46.75,67.0,150.0,1.0,2840.43,2023-07-31 17:37:31,Debit,Colorado Springs,Branch,Retired,2024-11-04 08:09:20,Senior,1
348.64,57.0,128.0,1.0,3274.96,2023-06-09 17:12:09,Debit,San Jose,Online,Retired,2024-11-04 08:11:22,Senior,1
319.17,73.0,81.0,1.0,6501.56,2023-01-11 16:58:02,Debit,Tucson,Online,Retired,2024-11-04 08:08:49,Senior,2
73.95,26.0,75.99999999999999,1.0,363.92,2023-11-03 16:39:45,Debit,Kansas City,ATM,Student,2024-11-04 08:07:22,Young,3
389.63,27.0,99.0,1.0,9748.48,2023-02-16 16:20:06,Debit,Mesa,Online,Engineer,2024-11-04 08:08:55,Young,2
217.61,19.0,45.0,1.0,1404.53,2023-03-16 17:36:31,Debit,Chicago,ATM,Student,2024-11-04 08:10:08,Young,2
199.84,21.0,150.0,1.0,706.44,2023-01-16 16:01:34,Debit,Dallas,ATM,Student,2024-11-04 08:09:14,Young,2
56.35,44.0,75.0,1.0,5095.73,2023-02-09 16:09:00,Debit,Charlotte,ATM,Doctor,2024-11-04 08:07:36,Adult,2
248.95000000000002,65.0,29.000000000000004,1.0,3059.79,2023-06-16 16:19:35,Credit,San Francisco,Branch,Retired,2024-11-04 08:09:32,Senior,1
142.58,33.0,145.0,1.0,7844.23,2023-06-19 16:20:51,Debit,San Antonio,ATM,Engineer,2024-11-04 08:06:46,Adult,1
333.78,60.0,98.0,1.0,6810.94,2023-11-30 17:53:48,Debit,San Diego,ATM,Retired,2024-11-04 08:07:50,Senior,3
332.59,55.0,143.0,1.0,1457.07,2023-07-13 17:50:13,Debit,San Antonio,Online,Retired,2024-11-04 08:09:05,Senior,1
236.81,22.0,15.0,1.0,813.68,2023-10-26 16:59:55,Debit,Oklahoma City,Branch,Student,2024-11-04 08:07:18,Young,3
417.8,27.0,130.0,1.0,1518.82,2023-06-26 16:21:14,Credit,Philadelphia,Branch,Student,2024-11-04 08:09:17,Young,1
319.27,50.0,150.0,1.0,10269.78,2023-08-07 16:54:58,Debit,San Antonio,ATM,Doctor,2024-11-04 08:12:18,Senior,1
384.1,42.0,172.0,1.0,672.7899999999998,,Debit,Detroit,Branch,Engineer,2024-11-04 08:11:42,Adult,3
820.62,61.0,158.0,1.0,6024.8,2023-03-03 17:18:59,Credit,Fresno,Branch,Doctor,2024-11-04 08:07:28,Senior,2
474.77,56.0,50.00000000000001,1.0,2158.59,2023-12-25 16:28:20,Credit,Indianapolis,Online,Engineer,2024-11-04 08:08:36,Senior,3
542.72,43.0,91.99999999999999,1.0,6011.8,2023-09-04 18:37:57,Credit,Indianapolis,Branch,Doctor,2024-11-04 08:08:53,Adult,1
79.8,73.0,75.99999999999999,1.0,6372.58,2023-12-22 17:17:34,Debit,Fort Worth,ATM,Retired,2024-11-04 08:06:48,Senior,3
46.24,57.0,52.00000000000001,1.0,2569.56,2023-03-13 16:05:46,Debit,San Diego,Branch,Engineer,2024-11-04 08:07:24,Senior,2
327.8,61.0,53.99999999999999,1.0,10585.48,2023-11-23 17:44:29,Debit,San Francisco,ATM,Doctor,2024-11-04 08:09:18,Senior,3
445.79,52.0,161.0,1.0,717.9899999999999,2023-07-07 17:19:39,Debit,Las Vegas,ATM,Doctor,2024-11-04 08:12:05,Senior,1
55.89,72.0,150.0,1.0,3689.65,2023-08-17 16:54:30,Debit,Fresno,Online,Retired,2024-11-04 08:11:33,Senior,1
158.41,28.0,16.0,1.0,1512.16,2023-02-09 16:28:58,Debit,Sacramento,Branch,Student,2024-11-04 08:10:03,Young,2
101.19,64.0,75.0,1.0,14389.45,2023-11-29 18:38:41,Credit,Denver,Online,Doctor,2024-11-04 08:09:44,Senior,3
61.970000000000006,74.0,95.0,1.0,7014.69,2023-05-22 18:45:23,Debit,Phoenix,ATM,Retired,2024-11-04 08:10:47,Senior,1
27.21,79.0,102.0,1.0,3520.61,2023-06-14 16:34:54,Debit,San Jose,ATM,Retired,2024-11-04 08:06:49,Senior,1
173.74,80.0,64.0,1.0,4913.42,2023-09-08 17:48:22,Debit,Houston,Online,Retired,2024-11-04 08:11:52,Senior,1
176.11,38.0,105.0,1.0,9155.35,2023-08-10 16:48:55,Debit,San Jose,Branch,Engineer,2024-11-04 08:10:30,Adult,1
88.4,46.0,174.0,1.0,2567.53,2023-11-10 18:02:07,Debit,Fort Worth,Online,Engineer,2024-11-04 08:09:41,Adult,3
567.92,53.0,14.0,1.0,3779.4699999999993,2023-06-20 16:27:07,Debit,Columbus,Online,Retired,2024-11-04 08:12:12,Senior,1
138.11,68.0,104.0,1.0,4177.65,2023-12-11 17:29:02,Credit,Phoenix,Online,Retired,2024-11-04 08:07:04,Senior,3
456.93,28.0,193.0,1.0,7284.76,2023-09-26 16:18:33,Credit,Virginia Beach,Branch,Engineer,2024-11-04 08:09:29,Young,3
101.42,66.0,146.0,1.0,6530.59,2023-04-25 17:00:15,Debit,Atlanta,Online,Retired,2024-11-04 08:12:22,Senior,2
300.61,44.0,51.00000000000001,1.0,7895.540000000001,2023-05-01 17:21:46,Debit,El Paso,Online,Doctor,2024-11-04 08:11:56,Adult,2
265.94,54.0,132.0,1.0,6781.3,2023-06-05 16:11:07,Debit,Boston,Online,Engineer,2024-11-04 08:06:37,Senior,1
345.54,29.0,50.00000000000001,1.0,2091.78,2023-01-24 16:05:40,Debit,San Diego,Online,Engineer,2024-11-04 08:11:09,Young,2
411.52,41.0,88.0,1.0,11108.39,2023-01-10 17:40:16,Debit,Los Angeles,ATM,Doctor,2024-11-04 08:09:13,Adult,2
111.21,35.0,111.0,1.0,9088.36,2023-08-21 18:36:41,Debit,Portland,Branch,Doctor,2024-11-04 08:12:12,Adult,1
316.37,53.0,86.0,1.0,4671.69,2023-08-28 17:34:17,Debit,Colorado Springs,ATM,Engineer,2024-11-04 08:08:00,Senior,1
260.63,37.0,142.0,1.0,7534.7300000000005,2023-12-20 18:58:27,Debit,Fort Worth,Branch,Engineer,2024-11-04 08:08:49,Adult,3
92.36,29.0,144.0,1.0,6353.14,2023-03-27 16:48:34,Debit,Dallas,ATM,Engineer,2024-11-04 08:07:55,Young,2
262.06,63.0,118.0,1.0,13587.52,2023-09-11 16:09:15,Debit,Oklahoma City,Branch,Doctor,2024-11-04 08:10:23,Senior,1
64.5,74.0,230.0,1.0,1351.24,2023-08-17 18:32:19,Debit,Denver,ATM,Retired,2024-11-04 08:08:31,Senior,1
175.94,57.0,89.0,1.0,3728.0400000000004,2023-06-05 16:16:13,Debit,Indianapolis,ATM,Retired,2024-11-04 08:07:11,Senior,1
199.47,57.0,142.0,1.0,6067.44,2023-08-14 16:26:38,Debit,Detroit,Online,Doctor,2024-11-04 08:07:22,Senior,1
51.07,63.0,133.0,1.0,4292.16,2023-01-23 18:06:58,Debit,Dallas,Branch,Retired,2024-11-04 08:12:12,Senior,2
435.86,56.0,134.0,1.0,3801.8200000000006,2023-12-29 17:17:48,Debit,Jacksonville,ATM,Retired,2024-11-04 08:09:18,Senior,3
74.73,64.0,162.0,1.0,6353.22,2023-01-30 17:17:38,Credit,Jacksonville,Branch,Retired,2024-11-04 08:08:26,Senior,2
182.79,23.0,14.0,1.0,1251.85,2023-10-25 16:21:15,Credit,Louisville,Online,Student,2024-11-04 08:06:54,Young,3
628.36,44.0,107.99999999999999,1.0,11869.71,2023-01-20 16:09:37,Debit,Austin,Online,Doctor,2024-11-04 08:07:32,Adult,2
268.39,29.0,177.0,1.0,9409.43,2023-02-21 18:13:02,Debit,San Antonio,Online,Doctor,2024-11-04 08:11:45,Young,2
362.27,80.0,47.0,1.0,6003.59,,Debit,Jacksonville,ATM,Retired,2024-11-04 08:07:35,Senior,3
560.15,50.0,91.99999999999999,1.0,817.83,2023-08-14 18:01:36,Credit,Memphis,Online,Engineer,2024-11-04 08:10:51,Senior,1
132.36,28.0,160.0,1.0,319.65,2023-03-13 17:01:57,Debit,Colorado Springs,Branch,Student,2024-11-04 08:10:05,Young,2
24.77,40.0,17.0,1.0,478.23,2023-11-01 16:55:58,Credit,Nashville,Online,Engineer,2024-11-04 08:07:20,Adult,3
80.24,53.0,58.00000000000001,1.0,8012.810000000001,2023-05-19 17:28:42,Credit,New York,Branch,Doctor,2024-11-04 08:12:13,Senior,1
8.65,68.0,198.0,1.0,4201.22,2023-11-20 16:28:19,Debit,Mesa,ATM,Retired,2024-11-04 08:11:35,Senior,3
178.91,18.0,18.999999999999996,1.0,8870.89,2023-03-15 16:37:04,Debit,Omaha,ATM,Student,2024-11-04 08:07:06,Young,2
115.22,27.0,107.99999999999999,1.0,906.1999999999999,2023-12-08 17:05:33,Debit,San Francisco,Branch,Engineer,2024-11-04 08:09:07,Young,3
161.63,46.0,276.0,1.0,9286.37,2023-12-25 16:32:44,Debit,San Jose,Online,Doctor,2024-11-04 08:08:21,Adult,3
542.75,70.0,63.0,1.0,2224.08,2023-12-07 18:28:50,Credit,Nashville,Branch,Retired,2024-11-04 08:08:27,Senior,3
317.47,67.0,16.0,1.0,14639.28,2023-05-01 17:31:34,Credit,Sacramento,Online,Doctor,2024-11-04 08:07:58,Senior,2
280.99,45.0,29.000000000000004,1.0,9733.59,2023-02-20 18:03:01,Debit,Houston,Branch,Engineer,2024-11-04 08:07:24,Adult,2
24.19,29.0,28.0,1.0,2756.2,2023-02-08 17:33:08,Debit,San Diego,ATM,Engineer,2024-11-04 08:07:26,Young,2
586.85,36.0,86.0,1.0,6655.15,2023-08-15 16:57:27,Debit,Mesa,ATM,Doctor,2024-11-04 08:12:18,Adult,1
372.41,55.0,143.0,1.0,3233.87,2023-06-19 18:12:16,Debit,San Diego,ATM,Retired,2024-11-04 08:06:34,Senior,1
383.69,54.0,285.0,1.0,8371.11,2023-10-31 17:06:08,Debit,Colorado Springs,Online,Engineer,2024-11-04 08:10:03,Senior,3
247.16999999999996,65.0,149.0,1.0,2611.64,2023-05-22 17:58:55,Credit,Chicago,Branch,Retired,2024-11-04 08:07:43,Senior,1
48.78,18.0,136.0,1.0,552.06,2023-08-11 16:43:41,Credit,Kansas City,Branch,Student,2024-11-04 08:10:11,Young,1
4.15,60.0,119.0,1.0,6017.36,2023-10-19 16:34:39,Credit,Omaha,Branch,Retired,2024-11-04 08:09:48,Senior,3
60.989999999999995,34.0,58.00000000000001,1.0,7281.46,2023-08-01 17:14:17,Debit,Oklahoma City,Branch,Engineer,2024-11-04 08:07:51,Adult,1
408.19,26.0,241.0,1.0,6847.47,2023-12-15 16:48:08,Debit,Mesa,Branch,Engineer,2024-11-04 08:08:29,Young,3
524.6,58.0,75.99999999999999,1.0,13017.7,2023-04-07 17:37:34,Debit,El Paso,Branch,Doctor,2024-11-04 08:09:46,Senior,2
108.96,26.0,247.0,1.0,7597.660000000001,2023-10-10 18:12:07,Debit,Milwaukee,ATM,Student,2024-11-04 08:06:40,Young,3
70.03,63.0,49.0,1.0,7330.31,2023-12-18 18:34:33,Debit,Nashville,Branch,Retired,2024-11-04 08:07:55,Senior,3
124.84,52.0,79.0,1.0,6711.78,2023-09-22 17:44:42,Debit,Louisville,Online,Retired,2024-11-04 08:11:28,Senior,3
324.04,54.0,30.0,1.0,2248.06,2023-07-05 16:49:05,Debit,Virginia Beach,ATM,Retired,2024-11-04 08:08:07,Senior,1
39.69,70.0,163.0,1.0,3524.68,2023-04-24 17:16:27,Debit,Austin,Online,Retired,2024-11-04 08:07:44,Senior,2
157.7,58.0,45.99999999999999,1.0,8332.58,2023-12-01 17:29:15,Credit,Omaha,Branch,,2024-11-04 08:11:00,Senior,3
81.27,22.0,68.00000000000001,1.0,1814.48,2023-11-07 16:36:34,Credit,Seattle,Online,Student,2024-11-04 08:10:47,Young,3
193.82,37.0,176.0,1.0,3886.7699999999995,2023-04-20 17:52:46,Debit,Kansas City,Branch,Engineer,2024-11-04 08:12:09,Adult,2
16.73,79.0,165.0,1.0,7591.129999999999,2023-11-30 17:48:36,Debit,,Online,Retired,2024-11-04 08:08:04,Senior,3
474.05,57.0,214.0,1.0,1484.31,2023-08-10 18:30:37,Debit,San Jose,ATM,Retired,2024-11-04 08:10:46,Senior,1
637.75,79.0,151.99999999999997,1.0,4202.92,2023-07-24 16:07:05,Debit,Dallas,Branch,Retired,2024-11-04 08:08:51,Senior,1
153.59,66.0,174.0,1.0,4813.12,2023-05-04 17:43:59,Credit,Portland,Branch,Retired,2024-11-04 08:09:43,Senior,2
186.6,18.0,139.0,1.0,9716.68,2023-10-25 16:03:16,Debit,Tucson,Branch,Student,2024-11-04 08:10:37,Young,3
644.08,24.0,55.0,1.0,1980.62,2023-05-08 17:29:00,Debit,Atlanta,Online,Student,2024-11-04 08:07:18,Young,2
226.66,41.0,168.00000000000003,1.0,10216.25,2023-12-27 18:55:13,Debit,,Branch,Doctor,2024-11-04 08:07:45,Adult,3
305.0,22.0,222.0,1.0,944.83,2023-10-12 17:20:30,Debit,Phoenix,ATM,Student,2024-11-04 08:06:50,Young,3
233.1,42.0,37.0,1.0,7469.2,2023-01-16 17:28:48,Credit,Nashville,Branch,Doctor,2024-11-04 08:11:39,Adult,2
793.13,68.0,75.99999999999999,1.0,13389.16,2023-05-10 16:38:07,Debit,Memphis,Online,Doctor,2024-11-04 08:09:45,Senior,1
224.19,52.0,93.0,1.0,8475.47,2023-09-21 16:42:38,Debit,Houston,ATM,Doctor,2024-11-04 08:07:34,Senior,3
214.83,23.0,63.0,1.0,991.6899999999999,2023-03-20 18:12:30,Credit,Tucson,ATM,Student,2024-11-04 08:11:45,Young,2
163.46,63.0,111.0,1.0,6953.8,2023-09-08 17:09:54,Credit,Baltimore,Branch,Retired,2024-11-04 08:11:32,Senior,1
194.99,34.0,91.0,1.0,1370.03,2023-12-01 17:01:30,Debit,Jacksonville,Branch,Engineer,2024-11-04 08:07:50,Adult,3
227.5,34.0,277.0,1.0,11505.35,2023-03-13 16:59:33,Debit,Sacramento,Online,Doctor,2024-11-04 08:11:35,Adult,2
259.9,26.0,100.00000000000001,1.0,914.2799999999999,2023-06-22 16:08:43,Debit,Oklahoma City,Online,Student,2024-11-04 08:07:29,Young,1
59.51,36.0,55.0,1.0,9955.88,2023-04-04 16:12:25,Credit,Dallas,Online,Doctor,2024-11-04 08:12:18,Adult,2
112.94,73.0,30.999999999999996,1.0,3807.8399999999997,2023-11-24 17:35:47,Credit,San Antonio,Online,Retired,2024-11-04 08:07:19,Senior,3
11.81,21.0,131.0,1.0,320.25,2023-02-27 16:07:38,Debit,Phoenix,ATM,Student,2024-11-04 08:07:53,Young,2
329.14,55.0,14.0,1.0,12033.92,2023-11-14 16:37:42,Debit,Sacramento,Branch,Doctor,2024-11-04 08:09:00,Senior,3
154.24,61.0,82.0,1.0,6109.55,2023-11-06 16:19:31,Debit,Mesa,ATM,Retired,2024-11-04 08:08:33,Senior,3
233.44,20.0,297.0,1.0,1691.88,2023-01-20 16:23:48,Debit,Chicago,Online,Student,2024-11-04 08:07:54,Young,2
141.8,18.0,116.00000000000001,1.0,1697.67,2023-11-15 18:56:02,,Chicago,ATM,Student,2024-11-04 08:08:34,Young,3
209.03,55.0,126.0,1.0,8359.5,2023-10-09 18:20:39,Debit,Detroit,Branch,Engineer,,Senior,3
261.14,42.0,162.0,1.0,6100.08,2023-05-15 18:44:04,Debit,San Antonio,,Engineer,2024-11-04 08:08:53,Adult,1
98.71,32.0,117.0,1.0,10095.23,2023-09-18 17:41:29,Debit,Fort Worth,ATM,Doctor,2024-11-04 08:07:42,Adult,3
87.38,21.0,252.0,1.0,1504.99,2023-03-03 18:23:29,Debit,Atlanta,Branch,Student,2024-11-04 08:09:45,Young,2
83.39,32.0,158.0,1.0,13182.11,2023-09-18 16:00:54,Debit,Omaha,Branch,Doctor,2024-11-04 08:12:20,Adult,3
267.55,46.0,40.0,1.0,4330.04,2023-06-13 16:06:05,Debit,Charlotte,Online,Engineer,2024-11-04 08:12:03,Adult,1
870.05,29.0,39.0,1.0,905.2499999999999,2023-08-31 16:42:18,Debit,El Paso,ATM,Doctor,2024-11-04 08:11:02,Young,1
164.51,78.0,110.0,1.0,3553.69,2023-06-05 18:09:44,Debit,Louisville,Branch,Retired,2024-11-04 08:07:10,Senior,1
758.12,69.0,90.0,1.0,6164.65,2023-07-03 18:46:29,Debit,San Francisco,ATM,Retired,2024-11-04 08:11:14,Senior,1
103.76,28.0,188.0,1.0,9626.14,2023-03-29 16:20:33,Debit,Kansas City,Online,Engineer,2024-11-04 08:11:31,Young,2
583.92,55.0,139.0,1.0,6364.14,2023-08-01 16:11:52,Debit,Kansas City,Online,Engineer,2024-11-04 08:06:32,Senior,1
204.06,77.0,159.0,1.0,4351.83,2023-01-02 16:07:17,Debit,Washington,Online,Retired,2024-11-04 08:07:22,Senior,2
53.51,56.0,165.0,1.0,5773.5,2023-10-26 16:54:32,Debit,New York,Online,Retired,2024-11-04 08:11:18,Senior,3
52.95,68.0,14.0,1.0,6335.58,2023-08-07 18:02:59,Credit,Charlotte,Online,,2024-11-04 08:07:52,Senior,1
120.17,49.0,105.0,1.0,5403.79,2023-08-08 17:07:42,Debit,Portland,ATM,Doctor,2024-11-04 08:11:50,Adult,1
220.8,31.0,28.0,1.0,8135.31,2023-09-06 18:43:52,Debit,Indianapolis,Online,Engineer,2024-11-04 08:10:00,Adult,1
119.01,45.0,87.0,1.0,9798.26,2023-03-13 17:26:41,Debit,Philadelphia,ATM,Doctor,2024-11-04 08:09:17,Adult,2
183.32,21.0,74.0,1.0,137.42,2023-05-10 16:27:51,Debit,Raleigh,ATM,Student,2024-11-04 08:09:31,Young,1
858.88,60.0,227.0,1.0,7015.46,2023-08-22 16:31:34,Debit,Jacksonville,Online,Engineer,2024-11-04 08:12:11,Senior,1
11.46,41.0,128.0,1.0,2356.71,2023-02-13 16:53:17,Credit,San Francisco,Online,Engineer,2024-11-04 08:09:16,Adult,2
61.37,75.0,164.0,1.0,4294.44,2023-02-06 16:54:19,Debit,Columbus,Branch,Retired,2024-11-04 08:10:55,Senior,2
103.08,49.0,150.0,1.0,9251.38,2023-02-27 16:48:02,Credit,Milwaukee,Branch,Engineer,2024-11-04 08:06:42,Adult,2
1.2100000000000002,55.0,196.0,1.0,7542.739999999999,2023-08-21 17:19:06,Debit,Atlanta,Branch,Retired,2024-11-04 08:11:34,Senior,1
425.18,26.0,172.0,1.0,9880.71,2023-10-04 16:00:54,Credit,Colorado Springs,Online,Engineer,2024-11-04 08:08:39,Young,3
60.96,52.0,238.0,1.0,6189.24,2023-10-23 16:35:48,Debit,Colorado Springs,ATM,Retired,2024-11-04 08:09:58,Senior,3
64.21,51.0,37.0,1.0,12540.18,2023-01-09 16:36:16,Debit,Omaha,ATM,Doctor,2024-11-04 08:09:24,Senior,2
523.02,53.0,83.0,1.0,4586.11,2023-05-19 18:32:45,Debit,Jacksonville,Online,Retired,2024-11-04 08:06:38,Senior,1
50.26,65.0,164.0,1.0,1519.38,2023-11-09 17:51:35,Debit,Las Vegas,Branch,Retired,2024-11-04 08:10:47,Senior,3
110.08,19.0,95.0,1.0,1447.26,2023-11-20 17:15:13,Debit,Detroit,Branch,Student,2024-11-04 08:08:19,Young,3
54.47,23.0,34.0,1.0,1131.42,2023-11-13 17:47:07,Credit,Philadelphia,Branch,Student,2024-11-04 08:11:15,Young,3
79.76,68.0,115.0,1.0,10278.75,2023-04-03 16:25:35,Debit,Kansas City,Online,Doctor,2024-11-04 08:08:14,Senior,2
16.79,30.0,146.0,1.0,535.15,2023-11-06 16:42:34,Credit,Detroit,Online,Doctor,2024-11-04 08:11:01,Adult,3
68.62,29.0,157.0,1.0,13891.47,2023-06-29 16:57:52,Debit,Omaha,Branch,Doctor,2024-11-04 08:10:59,Young,1
643.38,18.0,105.0,1.0,1046.74,2023-11-06 17:19:21,Credit,Detroit,Online,Student,2024-11-04 08:12:01,Young,3
328.34,42.0,30.999999999999996,1.0,2840.45,2023-10-12 16:17:47,Credit,San Diego,Online,Engineer,2024-11-04 08:09:00,Adult,3
72.68,69.0,44.0,1.0,6216.77,2023-07-21 17:56:49,Debit,Seattle,Online,Retired,2024-11-04 08:10:20,Senior,1
354.76,51.0,279.0,1.0,10141.92,2023-05-17 16:30:05,Debit,Detroit,Branch,Doctor,2024-11-04 08:07:39,Senior,1
793.88,22.0,252.0,1.0,1404.06,2023-02-22 16:17:29,Credit,Los Angeles,ATM,Student,2024-11-04 08:07:13,Young,2
29.22,27.0,69.00000000000001,1.0,7795.79,2023-02-27 18:33:48,Debit,Detroit,ATM,Engineer,2024-11-04 08:10:28,Young,2
653.97,37.0,100.00000000000001,1.0,3886.65,2023-10-04 17:41:08,Debit,Miami,,Engineer,2024-11-04 08:11:57,Adult,3
366.43,21.0,91.99999999999999,1.0,1560.45,2023-01-30 16:38:59,Credit,Portland,Online,Student,2024-11-04 08:09:38,Young,2
233.74,72.0,142.0,1.0,4749.54,2023-02-13 16:43:40,Debit,Boston,Online,Retired,2024-11-04 08:06:27,Senior,2
471.84,18.0,138.0,1.0,1044.33,2023-09-29 17:31:24,Debit,Raleigh,ATM,Student,2024-11-04 08:08:45,Young,3
213.4,73.0,100.00000000000001,1.0,2012.24,2023-08-14 16:40:38,Credit,Fort Worth,Branch,Retired,2024-11-04 08:09:27,Senior,1
254.20999999999998,48.0,45.99999999999999,1.0,2487.2,2023-05-22 16:48:08,Debit,Phoenix,ATM,Engineer,2024-11-04 08:10:50,Adult,1
577.73,37.0,63.0,1.0,14977.99,2023-11-10 16:26:28,Debit,San Jose,ATM,Doctor,2024-11-04 08:06:37,Adult,3
170.26,27.0,265.0,1.0,1969.48,2023-09-25 16:58:25,Debit,Chicago,ATM,Student,2024-11-04 08:07:32,Young,3
330.61,64.0,113.0,1.0,2525.25,2023-07-06 16:04:39,Credit,Nashville,Branch,Retired,2024-11-04 08:10:34,Senior,1
132.33,35.0,47.0,1.0,7457.94,2023-11-10 16:32:24,Credit,Phoenix,ATM,Engineer,2024-11-04 08:08:40,Adult,3
74.04,18.0,66.0,1.0,1690.23,2023-02-23 18:23:29,Debit,Memphis,Online,Student,2024-11-04 08:11:29,Young,2
197.18,28.0,135.0,1.0,3114.92,2023-05-09 16:47:42,Debit,Tucson,Online,Engineer,2024-11-04 08:10:02,Young,2
21.15,70.0,180.0,1.0,3466.74,2023-11-20 16:06:10,Debit,Columbus,Branch,Retired,2024-11-04 08:09:46,Senior,3
697.82,44.0,153.0,1.0,6824.0,2023-11-27 16:10:37,Debit,New York,Online,Engineer,2024-11-04 08:07:11,Adult,3
148.0,20.0,35.0,1.0,1488.65,2023-01-23 16:48:16,Debit,Tucson,Branch,Student,2024-11-04 08:06:39,Young,2
22.26,19.0,56.0,1.0,5583.88,2023-01-30 18:50:00,Debit,San Antonio,Branch,Student,2024-11-04 08:08:53,Young,2
0.86,25.0,139.0,1.0,1357.22,2023-02-13 17:49:27,Debit,Colorado Springs,ATM,Student,2024-11-04 08:12:22,Young,2
757.1,65.0,203.0,1.0,10553.23,2023-01-23 17:22:25,Debit,Atlanta,Branch,Doctor,2024-11-04 08:11:06,Senior,2
38.81,25.0,145.0,1.0,1619.6,2023-04-28 18:52:30,Credit,Virginia Beach,Online,Student,2024-11-04 08:12:12,Young,2
32.46,31.0,10.0,1.0,8656.18,2023-03-10 18:59:46,Debit,Charlotte,Online,Doctor,2024-11-04 08:09:33,Adult,2
20.64,22.0,59.00000000000001,1.0,949.38,2023-04-20 16:01:05,Debit,Charlotte,Branch,Student,2024-11-04 08:09:17,Young,2
662.11,23.0,219.0,1.0,1996.38,2023-02-02 16:52:26,Debit,Atlanta,Branch,Student,2024-11-04 08:07:34,Young,2
288.77,55.0,110.0,1.0,8836.51,2023-11-13 16:42:16,Debit,Los Angeles,,Engineer,2024-11-04 08:09:44,Senior,3
35.05,30.0,105.0,1.0,14330.47,2023-09-27 18:52:36,Debit,Boston,Branch,Doctor,2024-11-04 08:07:17,Adult,3
214.73,46.0,26.0,1.0,5368.42,2023-11-10 18:28:09,Credit,Los Angeles,ATM,Doctor,2024-11-04 08:07:39,Adult,3
25.38,57.0,66.0,1.0,8616.05,2023-10-23 16:03:09,Debit,Louisville,Branch,Engineer,2024-11-04 08:11:41,Senior,3
617.66,41.0,40.0,1.0,5906.58,2023-01-30 16:34:16,Debit,Memphis,ATM,Engineer,2024-11-04 08:10:17,Adult,2
446.39,63.0,77.0,1.0,7863.6,2023-12-12 17:41:53,Debit,Houston,ATM,Retired,2024-11-04 08:07:42,Senior,3
377.92,33.0,204.0,1.0,2254.71,2023-02-22 17:29:36,Debit,Raleigh,Branch,Engineer,2024-11-04 08:06:53,Adult,2
11.04,30.0,43.0,1.0,6983.04,2023-02-13 18:17:28,Debit,Phoenix,Online,Engineer,2024-11-04 08:10:40,Adult,2
275.46,36.0,67.0,1.0,9697.75,2023-07-24 17:09:05,Debit,Fort Worth,ATM,Doctor,2024-11-04 08:12:13,Adult,1
179.76,78.0,81.0,1.0,5909.52,2023-07-12 16:11:30,Debit,Philadelphia,Online,Retired,2024-11-04 08:09:23,Senior,1
32.34,44.0,45.0,1.0,7847.619999999999,2023-06-21 16:52:25,Debit,Kansas City,Branch,Doctor,2024-11-04 08:09:28,Adult,1
273.92,79.0,109.0,1.0,4543.56,2023-07-04 17:50:02,Debit,Portland,Branch,Retired,2024-11-04 08:11:48,Senior,1
375.45,19.0,32.0,1.0,1307.23,2023-12-05 17:57:39,Debit,Fort Worth,Branch,Student,2024-11-04 08:08:31,Young,3
388.98,23.0,155.0,1.0,1819.91,2023-08-21 17:10:10,Debit,Fresno,ATM,Student,2024-11-04 08:08:32,Young,1
492.84,25.0,37.99999999999999,1.0,577.67,2023-03-01 17:43:22,Debit,Indianapolis,ATM,Student,2024-11-04 08:09:23,Young,2
148.85,57.0,25.000000000000004,1.0,7802.360000000001,2023-11-29 16:46:49,Debit,Mesa,ATM,Doctor,2024-11-04 08:08:44,Senior,3
391.66,50.0,103.0,1.0,2406.31,2023-07-10 17:29:39,Debit,,Branch,Engineer,2024-11-04 08:06:44,Senior,1
185.99,41.0,53.00000000000001,1.0,402.45,2023-04-24 16:49:48,Credit,Fresno,Branch,Engineer,2024-11-04 08:09:44,Adult,2
322.48,27.0,57.0,1.0,1238.43,2023-03-13 16:10:41,Debit,Jacksonville,ATM,Student,2024-11-04 08:11:25,Young,2
20.27,18.0,22.0,1.0,796.3499999999999,2023-12-04 16:27:40,Debit,Miami,Branch,Student,2024-11-04 08:09:38,Young,3
199.02,61.0,269.0,1.0,4658.89,2023-05-29 16:31:37,Debit,Houston,ATM,Retired,2024-11-04 08:07:21,Senior,1
104.23,63.0,107.99999999999999,1.0,5009.29,2023-10-17 16:41:39,Credit,Louisville,Online,Retired,2024-11-04 08:09:45,Senior,3
55.86,39.0,68.00000000000001,1.0,5346.46,2023-01-23 17:18:16,Debit,Seattle,Online,Engineer,2024-11-04 08:06:59,Adult,2
10.77,31.0,178.0,1.0,10704.95,2023-03-08 16:58:31,,Indianapolis,ATM,Doctor,2024-11-04 08:10:45,Adult,2
95.55,33.0,51.00000000000001,1.0,2434.74,2023-04-10 16:25:15,Debit,Louisville,Branch,Engineer,2024-11-04 08:10:13,Adult,2
477.07,27.0,278.0,1.0,6568.07,2023-11-27 16:30:37,Debit,Columbus,Online,Engineer,2024-11-04 08:07:34,Young,3
9.1,52.0,63.0,1.0,2791.45,2023-03-02 16:09:39,Credit,,Online,Retired,2024-11-04 08:09:56,Senior,2
21.41,57.0,99.0,1.0,658.91,2023-12-04 16:27:03,Debit,Louisville,Online,Doctor,2024-11-04 08:08:40,Senior,3
278.28,28.0,26.0,1.0,1346.88,2023-10-02 16:20:52,Debit,Jacksonville,Branch,Student,2024-11-04 08:07:37,Young,3
388.1,73.0,40.0,1.0,3022.12,2023-08-21 18:06:59,Credit,Los Angeles,Online,Retired,2024-11-04 08:07:32,Senior,1
215.39,27.0,215.99999999999997,1.0,1582.55,2023-06-21 16:23:53,Debit,Detroit,ATM,Student,2024-11-04 08:11:13,Young,1
194.37,66.0,161.0,1.0,14395.88,2023-04-26 17:55:11,Debit,Milwaukee,ATM,Doctor,2024-11-04 08:09:28,Senior,2
37.7,20.0,109.0,1.0,1741.1,2023-06-29 16:04:17,Debit,Miami,ATM,Student,2024-11-04 08:12:08,Young,1
19.59,64.0,122.0,1.0,1061.69,2023-06-16 18:47:34,Debit,Charlotte,Branch,Retired,2024-11-04 08:10:31,Senior,1
81.35,41.0,103.0,1.0,7192.45,2023-01-23 17:39:08,Debit,Houston,Online,Engineer,2024-11-04 08:07:04,Adult,2
314.54,58.0,228.0,1.0,9923.45,2023-09-29 16:34:03,Credit,Virginia Beach,Branch,Engineer,2024-11-04 08:11:02,Senior,3
466.64,58.0,11.0,1.0,10915.11,2023-09-04 16:57:31,Debit,Las Vegas,ATM,Doctor,2024-11-04 08:09:20,Senior,1
397.01,22.0,100.00000000000001,1.0,719.52,2023-08-07 17:45:52,Debit,Los Angeles,ATM,Student,,Young,1
472.48,55.0,87.0,1.0,7128.82,2023-02-27 17:06:36,Debit,New York,Branch,Engineer,2024-11-04 08:09:59,Senior,2
67.15,59.0,14.0,1.0,9028.49,2023-11-20 17:17:05,Debit,Indianapolis,Online,Doctor,2024-11-04 08:10:53,Senior,3
102.67,79.0,119.0,1.0,4656.94,2023-05-10 17:41:59,Debit,Albuquerque,Branch,Retired,2024-11-04 08:06:32,Senior,1
453.49,66.0,147.0,1.0,6366.43,2023-01-02 16:06:29,Debit,Seattle,Branch,Doctor,2024-11-04 08:08:56,Senior,2
267.17,26.0,170.0,1.0,1382.62,2023-08-24 16:56:36,Debit,Seattle,ATM,Student,2024-11-04 08:07:54,Young,1
111.26,66.0,43.0,1.0,14350.11,2023-08-18 17:07:18,Debit,Boston,ATM,Doctor,2024-11-04 08:07:47,Senior,1
121.17000000000002,68.0,158.0,1.0,12990.77,2023-12-25 17:31:16,Debit,Phoenix,ATM,Doctor,2024-11-04 08:10:12,Senior,3
213.28,51.0,94.0,1.0,4835.91,2023-12-25 18:29:05,Debit,Mesa,Branch,Retired,2024-11-04 08:11:27,Senior,3
187.88,60.0,180.0,1.0,2154.58,2023-08-10 16:39:44,Debit,Nashville,ATM,Engineer,2024-11-04 08:10:56,Senior,1
471.88,34.0,141.0,1.0,14833.34,2023-10-30 18:44:22,Credit,San Jose,Online,Doctor,2024-11-04 08:07:00,Adult,3
83.79,57.0,47.0,1.0,5061.3,2023-10-12 16:37:49,Debit,Nashville,ATM,Engineer,2024-11-04 08:09:05,Senior,3
212.14,72.0,105.0,1.0,7225.06,2023-08-14 17:28:37,Debit,Austin,Branch,Retired,2024-11-04 08:08:46,Senior,1
99.16,79.0,202.0,1.0,2607.58,2023-02-28 17:55:00,Debit,San Francisco,Online,Retired,2024-11-04 08:10:27,Senior,2
839.33,60.0,86.0,1.0,11538.97,2023-05-02 16:03:23,Credit,Louisville,Branch,Doctor,2024-11-04 08:09:21,Senior,2
4.24,38.0,37.99999999999999,1.0,7822.729999999999,2023-04-17 16:46:31,Debit,San Diego,Online,Engineer,2024-11-04 08:07:54,Adult,2
50.29,58.0,64.0,1.0,7604.9,2023-09-18 16:13:38,Credit,Raleigh,Online,Doctor,2024-11-04 08:07:16,Senior,3
135.85,57.0,269.0,1.0,1480.39,2023-08-03 17:25:57,Debit,Fresno,Online,Retired,2024-11-04 08:08:16,Senior,1
368.53,68.0,34.0,1.0,13696.31,2023-04-03 16:09:09,Debit,Raleigh,Branch,Doctor,2024-11-04 08:06:56,Senior,2
17.95,64.0,135.0,1.0,12344.9,2023-06-05 17:22:19,Credit,Sacramento,Branch,Doctor,2024-11-04 08:09:36,Senior,1
127.8,31.0,47.0,1.0,8630.99,2023-03-02 16:05:52,Credit,Virginia Beach,Branch,Engineer,2024-11-04 08:07:02,Adult,2
16.73,45.0,48.0,1.0,2202.62,2023-02-22 17:39:54,Debit,Houston,Online,Engineer,2024-11-04 08:09:36,Adult,2
317.12,44.0,80.0,1.0,14409.74,2023-12-11 16:03:50,Debit,Fort Worth,Branch,Doctor,2024-11-04 08:08:08,Adult,3
476.63,79.0,115.0,1.0,4894.25,2023-07-25 17:17:49,Debit,Charlotte,ATM,Retired,2024-11-04 08:09:09,Senior,1
156.58,24.0,160.0,1.0,8981.61,2023-09-18 16:03:10,Debit,Portland,Branch,Student,2024-11-04 08:09:39,Young,3
55.12,34.0,261.0,1.0,3791.99,2023-09-18 16:19:03,Credit,Houston,Online,Engineer,2024-11-04 08:11:19,Adult,3
15.74,27.0,37.99999999999999,1.0,690.16,2023-01-09 16:05:02,Debit,Denver,Branch,Student,2024-11-04 08:10:02,Young,2
353.68,70.0,145.0,1.0,6777.12,2023-11-06 16:32:58,Debit,Las Vegas,,Retired,2024-11-04 08:08:35,Senior,3
297.15,76.0,178.0,1.0,5449.37,2023-10-12 18:11:27,Debit,Phoenix,Online,Retired,2024-11-04 08:10:07,Senior,3
647.85,36.0,121.0,1.0,13779.97,2023-12-04 16:31:42,Debit,Omaha,Branch,Doctor,2024-11-04 08:09:34,Adult,3
75.04,49.0,178.0,1.0,9648.6,2023-07-27 17:04:46,Debit,El Paso,ATM,Engineer,2024-11-04 08:07:28,Adult,1
273.92,28.0,35.0,1.0,1029.15,2023-05-08 17:54:56,Debit,Virginia Beach,Online,Student,2024-11-04 08:09:46,Young,2
215.8,51.0,66.0,1.0,3656.62,2023-05-18 16:03:58,Credit,Jacksonville,Branch,Retired,2024-11-04 08:08:31,Senior,1
420.6,26.0,55.0,1.0,1778.75,2023-04-17 16:10:19,Debit,Louisville,Branch,Student,2024-11-04 08:09:30,Young,2
688.36,23.0,22.0,1.0,5191.13,2023-06-30 16:31:49,Credit,Memphis,Branch,Student,2024-11-04 08:11:05,Young,1
285.18,55.0,150.0,1.0,14847.97,2023-03-08 16:39:14,Credit,Sacramento,Branch,Doctor,2024-11-04 08:09:38,Senior,2
213.55,63.0,15.0,1.0,5238.37,2023-03-30 16:00:25,Debit,Boston,ATM,Doctor,2024-11-04 08:07:06,Senior,2
463.11,51.0,159.0,1.0,10238.82,2023-09-26 16:50:05,Credit,Las Vegas,Branch,Doctor,2024-11-04 08:07:18,Senior,3
150.03,73.0,176.0,1.0,7491.42,2023-07-10 16:17:21,Debit,Columbus,ATM,,2024-11-04 08:11:30,Senior,1
309.56,58.0,147.0,1.0,972.04,2023-06-05 17:29:48,Debit,Charlotte,Online,Doctor,2024-11-04 08:09:17,Senior,1
377.08,26.0,71.0,1.0,6430.86,2023-02-15 17:33:23,Credit,Mesa,Branch,Student,2024-11-04 08:10:33,Young,2
77.25,68.0,157.0,1.0,14077.97,2023-12-22 17:49:57,Debit,Virginia Beach,Branch,Doctor,2024-11-04 08:07:50,Senior,3
146.92,64.0,272.0,1.0,3990.6,2023-09-08 16:28:54,Debit,Portland,ATM,Retired,2024-11-04 08:07:41,Senior,1
126.6,22.0,146.0,1.0,961.6499999999999,2023-05-26 16:00:45,Debit,San Antonio,Branch,Student,2024-11-04 08:08:35,Young,1
101.34,24.0,45.99999999999999,1.0,703.2599999999999,2023-03-03 17:49:53,Debit,Boston,ATM,Student,2024-11-04 08:10:15,Young,2
184.97,58.0,268.0,1.0,1156.67,2023-06-26 16:46:41,Debit,Denver,Branch,Doctor,2024-11-04 08:11:06,Senior,1
451.15,46.0,175.0,1.0,1356.47,2023-02-27 16:47:50,Debit,Colorado Springs,ATM,Engineer,2024-11-04 08:10:45,Adult,2
516.47,25.0,94.0,1.0,1305.06,2023-12-21 17:00:50,Credit,Charlotte,ATM,Student,2024-11-04 08:09:51,Young,3
880.04,25.0,29.000000000000004,1.0,261.97,2023-10-30 18:58:42,Debit,Sacramento,ATM,Student,2024-11-04 08:07:37,Young,3
66.69,25.0,140.0,1.0,1210.33,2023-11-01 16:03:17,Credit,San Antonio,Branch,Student,2024-11-04 08:07:16,Young,3
95.75,31.0,169.0,1.0,337.62,2023-07-12 16:54:53,Debit,Los Angeles,Branch,Engineer,2024-11-04 08:07:32,Adult,1
98.03,54.0,165.0,1.0,6323.45,2023-12-18 18:41:26,Debit,El Paso,Branch,Engineer,2024-11-04 08:08:36,Senior,3
617.66,42.0,128.0,1.0,7155.95,2023-02-16 17:05:58,Debit,Boston,ATM,Engineer,2024-11-04 08:08:03,Adult,2
888.57,62.0,102.0,1.0,7896.14,2023-06-13 16:24:43,Debit,San Antonio,Online,Retired,2024-11-04 08:10:57,Senior,1
107.48,22.0,129.0,1.0,591.2299999999999,2023-12-04 18:01:53,Debit,Omaha,Branch,Student,2024-11-04 08:08:11,Young,3
36.57,62.0,69.00000000000001,1.0,2583.07,2023-08-07 16:49:34,Debit,Omaha,ATM,Retired,2024-11-04 08:07:02,Senior,1
575.62,43.0,129.0,1.0,234.40999999999997,2023-06-12 18:30:51,Debit,Oklahoma City,Online,Doctor,2024-11-04 08:11:33,Adult,1
84.89,37.0,70.0,1.0,4735.61,2023-05-22 17:27:11,Debit,San Jose,ATM,Engineer,2024-11-04 08:12:16,Adult,1
7.759999999999999,52.0,84.00000000000001,1.0,7393.11,2023-03-27 17:16:08,Credit,Las Vegas,Online,Retired,2024-11-04 08:12:15,Senior,2
109.3,56.0,26.999999999999996,1.0,13510.11,2023-08-02 16:52:15,Debit,Fort Worth,Branch,Doctor,2024-11-04 08:06:29,Senior,1
230.08,79.0,123.99999999999999,1.0,4466.1,2023-05-01 16:23:40,Debit,Austin,Online,Retired,2024-11-04 08:11:47,Senior,2
361.92,54.0,111.0,1.0,7474.31,2023-02-20 16:08:48,Debit,Detroit,ATM,Retired,2024-11-04 08:10:23,Senior,2
122.44999999999999,46.0,98.0,1.0,7255.49,2023-01-16 16:50:13,Debit,New York,Branch,Doctor,2024-11-04 08:07:54,Adult,2
642.53,65.0,128.0,1.0,11417.91,2023-08-14 16:36:43,Debit,Mesa,ATM,Doctor,2024-11-04 08:12:10,Senior,1
62.86000000000001,25.0,30.999999999999996,1.0,1040.43,2023-05-08 16:24:00,Debit,Houston,Branch,Student,2024-11-04 08:10:33,Young,2
175.21,69.0,69.00000000000001,1.0,6039.04,2023-12-21 18:44:40,Credit,Mesa,ATM,Doctor,2024-11-04 08:08:37,Senior,3
168.0,32.0,11.0,1.0,3498.58,2023-08-24 16:01:40,Credit,Tucson,Branch,Engineer,2024-11-04 08:12:20,Adult,1
11.46,67.0,73.0,1.0,6628.75,2023-10-09 16:50:41,Debit,Chicago,Online,Retired,2024-11-04 08:07:19,Senior,3
382.07,62.0,147.0,1.0,10156.09,2023-06-05 17:48:07,Credit,Omaha,Branch,Doctor,2024-11-04 08:08:17,Senior,1
65.32,28.0,53.99999999999999,1.0,9165.02,2023-11-02 16:15:50,Debit,Mesa,ATM,Student,2024-11-04 08:11:09,Young,3
730.1,77.0,93.0,1.0,6384.05,2023-07-25 18:04:46,Credit,Chicago,Branch,Retired,2024-11-04 08:06:48,Senior,1
85.31,62.0,26.999999999999996,1.0,6095.65,2023-12-11 16:06:04,Debit,Kansas City,ATM,Retired,2024-11-04 08:08:13,Senior,3
726.61,18.0,277.0,1.0,1008.76,2023-11-03 16:31:22,Debit,Phoenix,ATM,Student,2024-11-04 08:10:14,Young,3
130.4,45.0,63.0,1.0,4381.24,2023-04-03 16:31:32,Debit,Raleigh,Branch,Engineer,2024-11-04 08:09:41,Adult,2
68.1,20.0,47.0,1.0,1382.8,2023-01-02 16:00:06,Debit,Milwaukee,ATM,Student,2024-11-04 08:10:15,Young,2
65.26,26.0,72.0,1.0,7380.63,2023-12-08 17:05:35,Debit,Sacramento,Branch,Student,2024-11-04 08:10:54,Young,3
191.62,63.0,51.00000000000001,1.0,1981.6700000000003,2023-07-28 17:19:48,Debit,Jacksonville,Branch,Doctor,2024-11-04 08:07:04,Senior,1
212.88,39.0,122.0,1.0,7036.72,2023-05-19 18:44:23,Debit,Fresno,Online,Doctor,2024-11-04 08:11:36,Adult,1
88.38,30.0,138.0,1.0,3707.82,2023-01-17 16:10:33,Debit,Virginia Beach,ATM,Engineer,2024-11-04 08:08:14,Adult,2
48.77,42.0,51.00000000000001,1.0,2040.1600000000003,2023-06-15 17:49:07,,Austin,Online,Engineer,2024-11-04 08:08:21,Adult,1
390.09,26.0,49.0,1.0,2617.23,2023-10-09 16:52:40,Debit,El Paso,Online,Engineer,2024-11-04 08:10:14,Young,3
48.29,37.0,242.0,1.0,8883.4,2023-09-25 17:58:54,Debit,San Diego,Online,Engineer,2024-11-04 08:07:56,Adult,3
333.83,63.0,135.0,1.0,1660.66,2023-07-31 17:46:50,Debit,Fresno,ATM,Retired,2024-11-04 08:11:07,Senior,1
100.27,79.0,51.00000000000001,1.0,4309.9,2023-07-10 17:25:41,Debit,Miami,Online,Retired,2024-11-04 08:10:38,Senior,1
44.54,31.0,164.0,1.0,362.4,2023-10-16 16:23:58,Debit,San Antonio,ATM,Engineer,2024-11-04 08:07:59,Adult,3
82.17,28.0,21.000000000000004,1.0,1913.06,2023-12-18 18:25:05,Debit,Fort Worth,Branch,Student,2024-11-04 08:09:37,Young,3
447.42,32.0,65.0,1.0,6133.22,2023-12-18 16:32:56,Debit,Charlotte,Online,Engineer,2024-11-04 08:08:15,Adult,3
590.26,25.0,48.0,1.0,1068.28,2023-06-19 16:20:40,Credit,Austin,Branch,Student,2024-11-04 08:08:42,Young,1
192.73,71.0,157.0,1.0,2037.7499999999998,2023-10-16 16:51:25,Debit,Milwaukee,Branch,Retired,2024-11-04 08:11:39,Senior,3
146.01,26.0,269.0,1.0,221.79,2023-04-25 16:28:35,Debit,San Francisco,Online,Student,2024-11-04 08:09:53,Young,2
11.57,56.0,64.0,1.0,2061.61,2023-12-20 16:17:16,Credit,New York,Branch,Retired,2024-11-04 08:10:56,Senior,3
7.820000000000001,36.0,273.0,1.0,2240.49,2023-01-09 17:56:30,Debit,Boston,ATM,Engineer,2024-11-04 08:09:35,Adult,2
79.43,74.0,72.0,1.0,6579.37,2023-07-24 17:30:24,Debit,Dallas,ATM,Retired,2024-11-04 08:07:37,Senior,1
386.97,58.0,137.0,1.0,1876.35,2023-01-31 16:51:55,Debit,Raleigh,Branch,Retired,2024-11-04 08:06:24,Senior,2
51.22,23.0,82.0,1.0,1664.59,2023-06-29 16:11:08,Debit,Fresno,Branch,Student,2024-11-04 08:10:07,Young,1
256.05,54.0,35.0,1.0,6910.18,2023-06-07 16:26:52,Debit,Nashville,ATM,Retired,2024-11-04 08:11:46,Senior,1
7.79,34.0,298.0,1.0,1319.85,2023-06-16 17:33:15,Debit,Los Angeles,Branch,Doctor,2024-11-04 08:09:15,Adult,1
233.71,63.0,11.0,1.0,6095.5,2023-10-03 17:06:56,Debit,Louisville,Branch,Doctor,2024-11-04 08:08:48,Senior,3
176.37,55.0,126.0,1.0,2420.86,2023-01-16 16:38:57,Debit,Boston,Branch,Retired,2024-11-04 08:07:09,Senior,2
122.62999999999998,21.0,153.0,1.0,359.06,2023-04-20 18:39:10,Debit,Milwaukee,Branch,Student,2024-11-04 08:10:10,Young,2
86.41,75.0,125.0,1.0,3128.71,2023-03-27 17:54:30,Debit,Fresno,ATM,Retired,2024-11-04 08:11:25,Senior,2
21.57,54.0,71.0,1.0,7587.48,2023-10-26 16:11:13,Debit,San Francisco,ATM,Retired,2024-11-04 08:09:29,Senior,3
82.67,26.0,45.99999999999999,1.0,290.59,2023-08-25 16:40:17,Debit,Milwaukee,Branch,Student,2024-11-04 08:07:11,Young,1
299.42,63.0,53.00000000000001,1.0,4735.41,,Credit,San Jose,Branch,Retired,2024-11-04 08:09:38,Senior,3
543.47,18.0,122.0,1.0,6165.03,2023-08-14 17:18:07,Debit,Los Angeles,ATM,Student,2024-11-04 08:11:42,Young,1
346.76,21.0,116.00000000000001,1.0,1637.75,2023-12-29 16:32:37,Credit,San Jose,Branch,Student,2024-11-04 08:09:55,Young,3
47.48,24.0,66.0,1.0,585.5199999999999,2023-02-20 16:47:23,Debit,El Paso,Branch,Student,2024-11-04 08:08:50,Young,2
64.92,58.0,236.0,1.0,5481.76,2023-05-19 18:47:11,Debit,Atlanta,Branch,Engineer,2024-11-04 08:11:10,Senior,1
350.72,28.0,48.0,1.0,1982.8999999999999,2023-08-02 16:37:39,Credit,Fresno,ATM,Student,2024-11-04 08:07:16,Young,1
3.8000000000000003,65.0,174.0,1.0,5766.96,2023-08-01 16:13:25,Debit,Charlotte,Online,Doctor,2024-11-04 08:12:18,Senior,1
22.54,26.0,42.00000000000001,1.0,7139.11,2023-08-29 16:19:14,Debit,El Paso,Online,Engineer,2024-11-04 08:10:34,Young,1
767.14,62.0,37.99999999999999,1.0,4732.57,,Credit,Mesa,Branch,Retired,2024-11-04 08:08:42,Senior,3
167.47,35.0,103.0,1.0,2293.13,2023-12-01 17:45:19,Debit,Sacramento,ATM,Engineer,2024-11-04 08:12:04,Adult,3
43.65,30.0,212.0,1.0,2870.67,2023-10-30 16:23:34,Credit,Charlotte,Branch,Engineer,2024-11-04 08:11:55,Adult,3
391.08,56.0,105.0,1.0,6885.16,2023-04-28 17:12:06,Debit,Fresno,Online,,2024-11-04 08:10:52,Senior,2
390.77,44.0,34.0,1.0,5500.56,2023-10-30 16:02:32,Debit,Portland,Online,Doctor,2024-11-04 08:09:06,Adult,3
508.15999999999997,39.0,131.0,1.0,5609.44,2023-03-28 18:19:10,Debit,Mesa,ATM,Engineer,2024-11-04 08:09:54,Adult,2
36.76,65.0,107.99999999999999,1.0,1228.93,2023-04-10 16:51:43,,Philadelphia,Online,Retired,2024-11-04 08:12:08,Senior,2
332.33,27.0,101.0,1.0,192.63,2023-06-20 17:05:38,Debit,Kansas City,ATM,Student,2024-11-04 08:11:27,Young,1
362.09,32.0,30.999999999999996,1.0,6590.28,2023-02-27 16:59:07,Debit,New York,Branch,Engineer,2024-11-04 08:07:38,Adult,2
42.58,30.0,80.0,1.0,13485.0,2023-02-06 16:32:53,Debit,San Jose,Online,Doctor,2024-11-04 08:10:23,Adult,2
122.35,53.0,188.0,1.0,6472.5,2023-04-12 17:50:15,,Atlanta,Branch,Retired,2024-11-04 08:09:08,Senior,2
248.65999999999997,28.0,113.0,1.0,2571.39,2023-02-03 17:46:54,Debit,Chicago,Online,Engineer,2024-11-04 08:11:30,Young,2
461.25,54.0,171.0,1.0,676.0999999999999,2023-08-28 17:32:47,Credit,Sacramento,Online,Doctor,2024-11-04 08:09:11,Senior,1
61.77000000000001,56.0,49.0,1.0,12352.2,2023-09-28 17:06:32,Debit,Charlotte,Branch,Doctor,2024-11-04 08:11:35,Senior,3
268.92,29.0,148.0,1.0,8765.38,2023-08-14 16:32:28,Debit,Chicago,Branch,Engineer,2024-11-04 08:06:36,Young,1
219.02,54.0,68.00000000000001,1.0,7375.73,2024-01-01 16:30:58,Credit,San Diego,Online,Engineer,2024-11-04 08:09:13,Senior,3
125.14,20.0,30.999999999999996,1.0,1845.18,2023-08-28 17:19:18,Debit,Baltimore,Branch,Student,2024-11-04 08:10:42,Young,1
47.6,53.0,115.0,1.0,1382.51,2023-02-23 18:42:51,Debit,Austin,Online,Engineer,2024-11-04 08:08:20,Senior,2
592.82,74.0,247.99999999999997,1.0,7508.98,2023-09-14 17:25:49,Debit,Memphis,Online,Retired,2024-11-04 08:12:14,Senior,3
372.5,22.0,211.0,1.0,3901.82,2023-10-16 18:15:48,Debit,Nashville,ATM,Student,2024-11-04 08:10:26,Young,3
4.72,32.0,20.0,1.0,4792.01,2023-04-17 16:03:52,Debit,Fort Worth,Branch,Engineer,2024-11-04 08:09:28,Adult,2
144.93,42.0,74.0,1.0,6887.52,2023-05-16 16:32:00,Debit,Fresno,Branch,Engineer,2024-11-04 08:09:18,Adult,1
316.56,28.0,261.0,1.0,8643.51,2023-08-29 18:30:14,Debit,Denver,Online,Engineer,2024-11-04 08:09:57,Young,1
9.18,22.0,140.0,1.0,887.3199999999999,2023-07-06 18:10:59,Debit,San Francisco,Online,,2024-11-04 08:09:48,Young,1
421.25,25.0,66.0,1.0,7174.69,2023-01-05 16:13:59,Debit,Fort Worth,Online,Student,2024-11-04 08:07:46,Young,2
185.71,48.0,194.0,1.0,2679.91,2023-08-07 16:15:16,Debit,Virginia Beach,Branch,Engineer,2024-11-04 08:09:41,Adult,1
26.27,45.0,177.0,1.0,8853.93,2023-03-17 16:22:52,Credit,Portland,Online,Engineer,2024-11-04 08:10:21,Adult,2
297.03,61.0,151.0,1.0,1088.62,2023-09-08 17:08:30,Debit,Austin,Online,Retired,2024-11-04 08:10:10,Senior,1
99.52,52.0,127.0,1.0,3798.0900000000006,2023-04-10 17:49:04,Debit,San Diego,ATM,Engineer,2024-11-04 08:11:40,Senior,2
881.1,28.0,16.0,1.0,9951.68,2023-11-13 16:46:06,Debit,Phoenix,Branch,,2024-11-04 08:08:10,Young,3
139.69,52.0,180.0,1.0,9567.94,2023-06-15 17:22:42,Debit,Indianapolis,Online,Engineer,2024-11-04 08:07:56,Senior,1
112.72,31.0,17.0,1.0,9630.0,2023-03-27 16:34:18,Debit,Washington,Branch,Doctor,2024-11-04 08:12:19,Adult,2
568.88,19.0,105.0,1.0,1307.86,2023-02-10 16:28:47,Debit,Nashville,Branch,Student,2024-11-04 08:08:34,Young,2
189.03,28.0,50.00000000000001,1.0,1916.46,2023-04-20 17:54:10,Debit,Oklahoma City,ATM,Student,2024-11-04 08:09:07,Young,2
189.08,68.0,238.0,1.0,10790.8,2023-03-13 16:13:13,Debit,Miami,Branch,Doctor,2024-11-04 08:08:48,Senior,2
409.59,35.0,50.00000000000001,1.0,14563.02,2023-03-20 16:08:11,,Albuquerque,Online,Doctor,2024-11-04 08:11:25,Adult,2
283.15,24.0,180.0,1.0,603.79,2023-08-11 16:31:43,Debit,Baltimore,Online,Student,2024-11-04 08:11:16,Young,1
151.82,51.0,105.0,1.0,2197.12,2023-07-17 16:32:45,Debit,Chicago,ATM,Retired,2024-11-04 08:11:54,Senior,1
438.59,37.0,103.0,1.0,8994.39,2023-10-30 17:48:09,Debit,San Jose,Online,Engineer,2024-11-04 08:09:32,Adult,3
590.57,79.0,93.0,1.0,3224.6,2023-06-28 16:07:37,Debit,Milwaukee,ATM,,2024-11-04 08:07:19,Senior,1
63.74,63.0,30.999999999999996,1.0,4336.4,,Debit,Chicago,Online,Retired,2024-11-04 08:08:53,Senior,3
77.02,59.0,132.0,1.0,800.8299999999999,2023-08-17 16:18:22,Credit,Miami,Online,,2024-11-04 08:07:54,Senior,1
501.15,47.0,208.0,1.0,8821.84,2023-08-21 18:07:14,Debit,Phoenix,Branch,Engineer,2024-11-04 08:11:33,Adult,1
8.95,76.0,102.0,1.0,3299.84,2023-10-04 16:01:18,Debit,Oklahoma City,Online,Retired,2024-11-04 08:09:45,Senior,3
173.6,21.0,160.0,1.0,421.44,2023-11-28 16:38:08,Debit,Austin,Online,Student,2024-11-04 08:09:35,Young,3
149.4,53.0,123.0,1.0,1035.22,2023-05-02 16:30:52,Debit,Chicago,ATM,Retired,2024-11-04 08:10:16,Senior,2
388.21,53.0,237.0,1.0,9724.49,2023-12-19 16:39:57,Credit,Columbus,Branch,Doctor,2024-11-04 08:08:17,Senior,3
126.04,65.0,167.0,1.0,6041.69,2023-06-19 16:38:13,Credit,Charlotte,Branch,Retired,2024-11-04 08:08:06,Senior,1
52.04,50.0,30.999999999999996,1.0,8436.12,2023-07-27 16:28:26,Credit,Colorado Springs,Branch,Doctor,2024-11-04 08:07:38,Senior,1
389.7,62.0,215.99999999999997,1.0,7125.15,2023-03-10 16:40:00,Credit,Austin,Branch,Doctor,2024-11-04 08:10:42,Senior,2
309.77,67.0,137.0,1.0,4378.14,2023-05-08 16:31:56,Credit,San Antonio,Online,Retired,2024-11-04 08:06:24,Senior,2
724.18,41.0,134.0,1.0,10922.78,2023-02-06 16:07:26,Debit,Fort Worth,Branch,Doctor,2024-11-04 08:08:21,Adult,2
124.98,24.0,78.0,1.0,641.9999999999999,2023-02-21 16:52:16,Debit,Washington,ATM,Student,2024-11-04 08:08:27,Young,2
487.32,52.0,164.0,1.0,7707.959999999999,2023-10-19 18:11:23,Debit,Kansas City,Branch,Doctor,2024-11-04 08:09:23,Senior,3
635.91,46.0,78.0,1.0,13267.09,2023-11-28 16:55:41,Credit,Jacksonville,Branch,Doctor,2024-11-04 08:10:43,Adult,3
205.65,62.0,144.0,1.0,3582.16,2023-07-13 16:44:25,Debit,Houston,Branch,Retired,2024-11-04 08:09:27,Senior,1
39.41,25.0,132.0,1.0,921.91,2023-11-27 16:27:56,Debit,Louisville,Branch,Student,2024-11-04 08:11:02,Young,3
254.00000000000003,35.0,63.0,1.0,5788.53,2023-05-15 17:33:32,Debit,Nashville,Branch,Doctor,2024-11-04 08:08:07,Adult,1
436.8,36.0,213.0,1.0,4515.43,2023-11-16 16:30:01,Debit,Houston,Branch,Engineer,2024-11-04 08:06:59,Adult,3
224.73,76.0,63.0,1.0,7551.890000000001,2023-02-09 16:27:52,Debit,Miami,Branch,Retired,2024-11-04 08:08:39,Senior,2
752.69,65.0,115.0,1.0,14489.69,2023-05-29 18:55:01,Credit,Dallas,ATM,Doctor,2024-11-04 08:09:14,Senior,1
78.5,31.0,41.0,1.0,13991.5,2023-02-14 16:06:36,Credit,San Jose,Branch,Doctor,2024-11-04 08:11:54,Adult,2
50.0,53.0,87.0,1.0,185.87,2023-02-24 18:05:12,Credit,Jacksonville,ATM,Doctor,2024-11-04 08:11:22,Senior,2
132.42,18.0,164.0,1.0,726.3899999999999,2023-07-24 16:22:38,Debit,Denver,ATM,Student,2024-11-04 08:11:58,Young,1
83.16,61.0,177.0,1.0,3065.87,2023-08-16 16:11:56,Debit,Los Angeles,ATM,Retired,2024-11-04 08:08:46,Senior,1
149.02,46.0,176.0,1.0,9379.72,2023-09-01 16:35:51,Credit,Fort Worth,Branch,Engineer,2024-11-04 08:06:40,Adult,1
74.27,59.0,148.0,1.0,13696.61,2023-07-13 17:17:07,Credit,Memphis,Online,Doctor,2024-11-04 08:11:20,Senior,1
876.57,62.0,118.0,1.0,3743.6300000000006,2023-09-11 16:16:06,Credit,Portland,ATM,Retired,2024-11-04 08:06:54,Senior,1
615.58,42.0,133.0,1.0,14343.0,2023-09-25 16:40:00,Debit,Jacksonville,ATM,Doctor,2024-11-04 08:10:55,Adult,3
643.03,36.0,52.00000000000001,1.0,2882.16,2023-08-01 16:23:37,Credit,Jacksonville,Online,Engineer,2024-11-04 08:08:22,Adult,1
7.950000000000001,79.0,65.0,1.0,5631.2,2023-01-09 16:45:12,Debit,Phoenix,ATM,Retired,2024-11-04 08:10:06,Senior,2
270.92,77.0,143.0,1.0,4574.43,2023-04-21 17:03:13,Credit,Louisville,Branch,Retired,2024-11-04 08:06:51,Senior,2
499.47999999999996,24.0,133.0,1.0,1242.62,2023-01-17 16:57:06,Debit,Charlotte,ATM,Student,2024-11-04 08:08:44,Young,2
841.5,25.0,287.0,1.0,352.31,2023-05-22 16:33:16,Credit,Atlanta,Branch,Student,2024-11-04 08:09:07,Young,1
138.82,77.0,53.00000000000001,1.0,3100.22,2023-10-16 16:12:20,Debit,Fort Worth,Online,Retired,2024-11-04 08:11:48,Senior,3
231.46,60.0,83.0,1.0,4707.24,2023-06-08 16:42:30,Credit,Miami,Branch,Engineer,2024-11-04 08:08:31,Senior,1
292.08,72.0,32.0,1.0,7950.48,2023-12-29 18:07:04,Debit,Columbus,ATM,Retired,2024-11-04 08:09:34,Senior,3
63.98,54.0,258.0,1.0,7954.12,2023-10-30 16:01:43,Debit,Baltimore,Online,Doctor,2024-11-04 08:06:53,Senior,3
235.21,67.0,74.0,1.0,5946.61,2023-10-16 16:44:52,Debit,Boston,Branch,Doctor,2024-11-04 08:10:59,Senior,3
201.73,57.0,78.0,1.0,6650.71,2023-09-05 18:45:22,Debit,Baltimore,Online,Engineer,2024-11-04 08:12:07,Senior,1
161.31,28.0,13.0,1.0,1268.67,2023-09-11 16:24:57,Debit,Nashville,ATM,Student,2024-11-04 08:08:54,Young,1
18.41,53.0,168.00000000000003,1.0,8287.54,2023-12-01 17:26:46,Debit,Atlanta,Branch,Doctor,2024-11-04 08:11:30,Senior,3
471.75,34.0,41.0,1.0,12948.5,2023-06-06 18:31:06,Credit,San Jose,Branch,Doctor,2024-11-04 08:10:54,Adult,1
290.02,55.0,246.0,1.0,4746.71,2023-09-25 17:48:55,Debit,Milwaukee,Branch,Engineer,2024-11-04 08:07:56,Senior,3
48.05,27.0,37.99999999999999,1.0,5334.97,2023-05-18 17:34:20,Debit,New York,Branch,Engineer,2024-11-04 08:09:07,Young,1
359.42,55.0,30.0,1.0,1765.45,2023-05-29 16:17:37,Debit,Baltimore,Branch,Doctor,2024-11-04 08:06:42,Senior,1
32.91,19.0,255.0,1.0,427.3,2023-05-04 16:37:01,Debit,Fort Worth,Online,Student,2024-11-04 08:06:44,Young,2
3.8000000000000003,67.0,140.0,1.0,6285.39,2023-08-08 16:47:28,,Denver,Branch,Retired,2024-11-04 08:08:31,Senior,1
31.81,51.0,149.0,1.0,1406.6,2023-04-06 17:41:53,Debit,Fort Worth,Online,Retired,2024-11-04 08:06:48,Senior,2
220.2,28.0,102.0,1.0,1075.15,2023-09-11 16:25:04,Debit,Boston,Online,Student,2024-11-04 08:11:18,Young,3
476.03,77.0,99.0,1.0,5958.34,2023-09-01 16:12:35,Credit,Houston,Branch,Retired,2024-11-04 08:09:08,Senior,1
141.91,23.0,49.0,1.0,791.9699999999999,2023-01-19 17:08:04,Debit,Miami,Branch,Student,2024-11-04 08:09:42,Young,2
95.83,27.0,91.0,1.0,1726.4,2023-12-01 16:01:26,Debit,Washington,Online,Student,2024-11-04 08:08:23,Young,3
51.15,46.0,199.0,1.0,8992.25,2023-03-01 17:26:49,Credit,Los Angeles,Branch,Engineer,2024-11-04 08:10:54,Adult,2
50.75,62.0,185.0,1.0,8271.47,2023-08-14 18:14:23,Debit,Boston,ATM,Doctor,2024-11-04 08:07:41,Senior,1
185.07,22.0,159.0,1.0,636.42,2023-12-19 16:57:40,Debit,Colorado Springs,Branch,Student,2024-11-04 08:07:39,Young,3
293.54,40.0,45.0,1.0,2290.1,2023-01-16 17:26:12,Debit,Sacramento,Online,Engineer,2024-11-04 08:08:24,Adult,2
285.26,28.0,93.0,1.0,167.72,2023-11-01 16:09:05,Debit,Atlanta,ATM,Student,2024-11-04 08:11:15,Young,3
129.48,31.0,179.0,1.0,7581.7,2023-02-06 16:30:43,Debit,Seattle,ATM,Engineer,2024-11-04 08:10:43,Adult,2
743.03,50.0,174.0,1.0,4111.38,2023-07-27 16:55:39,Debit,New York,ATM,Engineer,2024-11-04 08:09:19,Senior,1
297.86,28.0,96.0,1.0,1680.14,2023-02-06 17:32:04,Credit,Milwaukee,ATM,Student,2024-11-04 08:11:40,Young,2
231.92,66.0,12.0,1.0,5715.08,2023-07-10 18:00:56,Debit,Indianapolis,ATM,Doctor,2024-11-04 08:11:27,Senior,1
295.82,47.0,45.99999999999999,1.0,5897.73,2023-12-14 16:15:28,Credit,Chicago,Branch,Engineer,2024-11-04 08:07:47,Adult,3
302.86,55.0,275.0,1.0,5239.24,2023-07-03 18:56:03,,Los Angeles,Online,Doctor,2024-11-04 08:12:06,Senior,1
81.08,58.0,56.0,1.0,7788.910000000001,2023-09-19 16:56:35,Debit,Omaha,ATM,Engineer,2024-11-04 08:07:17,Senior,3
775.6,79.0,158.0,1.0,3898.6400000000003,2023-08-21 17:43:17,Credit,Mesa,Branch,Retired,2024-11-04 08:08:12,Senior,1
211.91,20.0,181.0,1.0,927.4699999999999,2023-09-18 16:51:04,Debit,Indianapolis,Online,Student,2024-11-04 08:08:46,Young,3
17.21,23.0,219.0,1.0,914.16,2023-12-25 17:18:58,Debit,Omaha,Online,Student,2024-11-04 08:06:59,Young,3
124.22,23.0,172.0,1.0,9695.04,2023-05-19 17:57:36,Debit,Charlotte,ATM,Student,2024-11-04 08:08:04,Young,1
38.37,63.0,135.0,1.0,8647.04,2023-09-01 16:07:38,Debit,San Antonio,ATM,Doctor,2024-11-04 08:10:04,Senior,1
269.79,52.0,17.0,1.0,1292.1,2023-10-03 16:15:25,Debit,San Jose,ATM,Engineer,2024-11-04 08:07:59,Senior,3
605.42,21.0,33.0,1.0,392.34,2023-06-13 16:10:27,Debit,Mesa,ATM,Student,2024-11-04 08:09:40,Young,1
29.19,58.0,41.0,1.0,12059.85,2023-01-25 17:39:15,Credit,Nashville,Branch,Doctor,2024-11-04 08:11:34,Senior,2
701.7,61.0,64.0,1.0,6643.24,2023-06-30 16:57:37,Credit,Seattle,Online,Retired,2024-11-04 08:09:49,Senior,1
862.34,57.0,72.0,1.0,9903.48,2023-05-25 16:16:02,Debit,Kansas City,Branch,Doctor,2024-11-04 08:12:05,Senior,1
410.97,22.0,45.0,1.0,151.42,2023-09-25 17:01:56,Debit,Los Angeles,,Student,2024-11-04 08:11:11,Young,3
36.97,41.0,79.0,1.0,2850.92,2023-08-23 17:22:49,Debit,Virginia Beach,Branch,Engineer,2024-11-04 08:07:48,Adult,1
137.59,30.0,95.0,1.0,10679.67,2023-01-03 16:27:16,Debit,Nashville,ATM,Doctor,2024-11-04 08:11:30,Adult,2
168.11,51.0,12.0,1.0,10652.13,2023-05-19 16:44:53,Credit,New York,Online,Doctor,2024-11-04 08:06:59,Senior,1
430.98,24.0,93.0,1.0,569.25,2023-10-10 18:14:12,Debit,Baltimore,Branch,Student,2024-11-04 08:11:00,Young,3
13.87,24.0,20.0,1.0,954.83,2023-12-11 18:32:40,Debit,Phoenix,Branch,Student,2024-11-04 08:07:47,Young,3
302.82,36.0,175.0,1.0,9384.54,2023-11-03 16:50:20,Debit,Jacksonville,ATM,Engineer,2024-11-04 08:07:31,Adult,3
406.81,66.0,84.00000000000001,1.0,1968.3600000000001,2023-12-05 16:32:49,Debit,New York,Online,Retired,2024-11-04 08:08:46,Senior,3
256.3,53.0,172.0,1.0,4203.05,2023-04-05 16:21:59,Debit,New York,Online,Retired,2024-11-04 08:06:23,Senior,2
80.96,19.0,97.0,1.0,959.9399999999999,2023-09-27 17:47:10,Credit,Jacksonville,Online,Student,2024-11-04 08:06:25,Young,3
95.78,22.0,26.999999999999996,1.0,271.64,2023-03-23 17:09:53,Debit,Atlanta,Online,Student,2024-11-04 08:09:16,Young,2
379.54,41.0,118.0,1.0,12571.76,2023-01-03 17:14:14,Credit,Indianapolis,Branch,Doctor,2024-11-04 08:06:23,Adult,2
903.19,22.0,65.0,1.0,8627.08,2023-07-06 17:52:32,Debit,El Paso,Online,Student,2024-11-04 08:06:37,Young,1
847.45,28.0,175.0,1.0,422.32,2023-06-19 16:24:14,Debit,Jacksonville,Branch,Student,2024-11-04 08:09:30,Young,1
295.18,66.0,30.999999999999996,1.0,12961.53,2023-05-09 17:54:39,Credit,Dallas,Branch,Doctor,2024-11-04 08:07:53,Senior,1
18.46,68.0,213.0,1.0,6381.6,2023-11-20 16:29:14,Debit,Charlotte,Branch,Retired,2024-11-04 08:10:17,Senior,3
603.23,28.0,48.0,1.0,117.98000000000002,2023-08-24 17:34:13,Debit,Detroit,Branch,Student,2024-11-04 08:08:18,Young,1
54.5,57.0,147.0,1.0,1715.22,2023-11-22 16:59:09,Credit,Philadelphia,Branch,Retired,2024-11-04 08:08:27,Senior,3
414.77,29.0,274.0,1.0,5599.81,2024-01-01 17:37:04,Debit,San Francisco,Online,Doctor,2024-11-04 08:08:05,Young,3
886.19,61.0,69.00000000000001,1.0,7904.240000000001,2023-08-21 17:32:04,Debit,Colorado Springs,Branch,Retired,2024-11-04 08:08:29,Senior,1
440.03,49.0,88.0,1.0,1490.44,2023-11-29 16:11:50,Debit,San Jose,Online,Engineer,2024-11-04 08:10:19,Adult,3
76.39,18.0,219.0,1.0,5976.0,2023-01-13 17:19:33,Debit,Denver,Branch,Student,2024-11-04 08:10:09,Young,2
595.91,19.0,162.0,1.0,1673.76,2023-08-10 18:39:04,Credit,San Antonio,ATM,Student,2024-11-04 08:10:21,Young,1
6.03,76.0,70.0,1.0,3290.72,2023-08-09 18:42:25,Debit,Chicago,Branch,Retired,2024-11-04 08:09:27,Senior,1
249.34,26.0,197.0,1.0,3030.97,2023-08-15 17:21:47,Debit,Charlotte,ATM,Engineer,2024-11-04 08:07:57,Young,1
421.52,20.0,67.0,1.0,369.86,2023-08-15 17:35:08,Debit,San Jose,Branch,Student,2024-11-04 08:10:21,Young,1
189.77,58.0,24.0,1.0,6570.36,2023-02-27 16:08:40,Debit,Raleigh,Branch,Engineer,2024-11-04 08:11:28,Senior,2
73.19,76.0,213.0,1.0,2264.98,2023-10-18 16:20:15,Debit,Atlanta,Branch,Retired,2024-11-04 08:10:26,Senior,3
188.13,75.0,198.0,1.0,5029.87,2023-06-02 18:12:29,Credit,Jacksonville,Online,Retired,2024-11-04 08:10:08,Senior,1
30.52,62.0,122.0,1.0,12327.74,2023-05-19 17:19:00,Debit,Jacksonville,Branch,Doctor,2024-11-04 08:07:18,Senior,1
170.24,62.0,133.0,1.0,5172.99,2023-06-05 16:24:12,Debit,San Francisco,Branch,Retired,2024-11-04 08:08:04,Senior,1
56.62,54.0,121.0,1.0,8981.1,2023-02-27 17:59:36,Debit,Austin,Branch,Doctor,2024-11-04 08:08:45,Senior,2
53.14,34.0,70.0,1.0,7914.999999999999,2023-04-21 17:19:56,Debit,Las Vegas,ATM,Doctor,2024-11-04 08:07:15,Adult,2
587.23,27.0,144.0,1.0,500.84,2023-07-31 17:54:28,Debit,Omaha,Online,Student,2024-11-04 08:09:21,Young,1
21.27,62.0,114.0,1.0,7392.79,2023-07-24 17:01:19,Credit,Indianapolis,Online,Retired,2024-11-04 08:09:54,Senior,1
76.02,34.0,189.0,1.0,14765.41,2023-07-12 16:58:17,Credit,Albuquerque,Online,Doctor,2024-11-04 08:11:51,Adult,1
155.51,68.0,15.0,1.0,5360.19,2023-08-21 18:51:06,Debit,Raleigh,ATM,Doctor,2024-11-04 08:08:23,Senior,1
135.15,72.0,50.00000000000001,1.0,5878.14,2023-03-20 17:13:09,Debit,Colorado Springs,Online,Retired,2024-11-04 08:10:37,Senior,2
39.48,56.0,37.99999999999999,1.0,5889.51,2023-05-26 16:47:51,Debit,Omaha,ATM,Retired,2024-11-04 08:11:50,Senior,1
451.68,33.0,15.0,1.0,4381.54,2023-04-18 18:55:32,Debit,Houston,Online,Engineer,2024-11-04 08:09:51,Adult,2
355.0,26.0,33.0,1.0,185.47,2023-08-29 16:50:17,Credit,Fort Worth,Online,Student,2024-11-04 08:10:34,Young,1
427.69,43.0,236.0,1.0,2443.54,2023-03-28 16:02:03,Debit,Raleigh,ATM,Engineer,2024-11-04 08:11:53,Adult,2
254.86,23.0,102.0,1.0,699.8999999999999,2023-01-26 17:21:46,Debit,Boston,Branch,Student,2024-11-04 08:11:39,Young,2
19.48,27.0,114.0,1.0,4739.59,2023-07-10 16:01:03,Debit,Dallas,ATM,Engineer,,Young,1
190.17,49.0,265.0,1.0,12893.85,2023-06-09 17:41:13,Debit,Baltimore,ATM,Doctor,2024-11-04 08:08:48,Adult,1
206.63,59.0,128.0,1.0,7626.53,2023-12-07 16:11:01,Credit,Oklahoma City,Online,Retired,2024-11-04 08:10:42,Senior,3
93.22,52.0,52.00000000000001,1.0,1014.6300000000001,2023-04-07 17:11:35,Debit,Charlotte,Online,Retired,2024-11-04 08:09:41,Senior,2
547.98,28.0,171.0,1.0,1358.54,2023-10-24 17:04:59,Debit,Oklahoma City,ATM,Student,,Young,3
641.06,23.0,25.000000000000004,1.0,1602.13,2023-12-11 16:09:08,Debit,Colorado Springs,ATM,Student,2024-11-04 08:07:21,Young,3
836.45,61.0,63.0,1.0,1731.89,2023-02-27 16:02:00,Debit,Virginia Beach,Online,Retired,2024-11-04 08:12:12,Senior,2
189.45,53.0,61.99999999999999,1.0,12578.75,2023-03-21 17:12:03,Credit,Boston,Branch,Doctor,2024-11-04 08:09:31,Senior,2
91.84,67.0,80.0,1.0,1712.41,2023-07-05 17:21:56,Credit,Mesa,Branch,Retired,2024-11-04 08:08:32,Senior,1
609.52,78.0,169.0,1.0,3485.03,2023-07-28 16:03:27,Debit,Washington,ATM,Retired,2024-11-04 08:08:19,Senior,1
859.3,78.0,68.00000000000001,1.0,1146.78,2023-08-01 17:18:04,Credit,Colorado Springs,Branch,Retired,2024-11-04 08:06:56,Senior,1
100.01,50.0,63.0,1.0,6393.12,2023-06-29 16:06:51,Debit,Philadelphia,ATM,Doctor,2024-11-04 08:09:27,Senior,1
28.78,40.0,51.00000000000001,1.0,680.5499999999998,2023-08-07 16:08:04,Credit,Tucson,Online,Doctor,2024-11-04 08:11:39,Adult,1
111.08,70.0,83.0,1.0,7037.34,2023-05-15 17:46:13,Debit,Chicago,Online,Doctor,2024-11-04 08:10:59,Senior,1
52.23,28.0,96.0,1.0,105.01,2023-09-11 18:08:19,Credit,San Francisco,Branch,Student,2024-11-04 08:08:11,Young,3
78.62,32.0,52.00000000000001,1.0,1360.85,2023-07-31 16:46:29,Debit,Oklahoma City,Branch,Doctor,2024-11-04 08:08:12,Adult,1
47.79,25.0,37.0,1.0,1649.92,2023-09-15 17:00:20,Debit,Denver,Branch,Student,2024-11-04 08:11:55,Young,3
333.97,52.0,45.0,1.0,5237.36,2023-03-22 16:18:37,Debit,Fresno,Branch,Doctor,2024-11-04 08:11:48,Senior,2
30.87,33.0,295.0,1.0,14348.65,2023-07-12 16:50:42,Debit,Fresno,ATM,Doctor,2024-11-04 08:10:43,Adult,1
710.43,67.0,115.0,1.0,5625.55,2023-03-08 17:07:21,Debit,San Diego,Online,Retired,2024-11-04 08:08:42,Senior,2
220.23,41.0,48.0,1.0,3438.02,2023-09-18 18:35:23,Debit,Milwaukee,ATM,Engineer,2024-11-04 08:06:33,Adult,3
27.28,29.0,96.0,1.0,10668.24,2023-12-25 16:30:45,Debit,Atlanta,ATM,Doctor,2024-11-04 08:09:42,Young,3
101.52,49.0,98.0,1.0,2018.9000000000003,2023-08-09 16:22:25,Debit,Tucson,ATM,Engineer,2024-11-04 08:08:38,Adult,1
162.65,59.0,147.0,1.0,9500.95,2023-05-11 17:15:10,Debit,New York,ATM,Engineer,2024-11-04 08:11:20,Senior,1
10.52,55.0,30.0,1.0,2472.99,2023-07-19 17:38:50,Debit,Kansas City,ATM,Retired,2024-11-04 08:11:06,Senior,1
270.72,38.0,37.0,1.0,6522.47,2023-03-27 17:25:32,Debit,Los Angeles,Branch,Doctor,2024-11-04 08:12:10,Adult,2
247.58,39.0,151.99999999999997,1.0,778.74,2023-05-29 18:40:32,Debit,San Antonio,ATM,Engineer,2024-11-04 08:07:18,Adult,1
359.65,25.0,289.0,1.0,219.53,2023-01-12 17:58:56,Credit,Jacksonville,Online,Student,2024-11-04 08:09:04,Young,2
109.91,38.0,90.0,1.0,12896.06,2023-05-01 16:23:22,Debit,Seattle,Branch,Doctor,2024-11-04 08:10:57,Adult,2
215.72,30.0,137.0,1.0,8697.11,2023-10-11 18:04:39,Credit,Columbus,Branch,Engineer,2024-11-04 08:11:54,Adult,3
490.76,66.0,156.0,1.0,6414.11,,Debit,Columbus,Online,Retired,2024-11-04 08:09:44,Senior,3
224.28,64.0,68.00000000000001,1.0,5767.51,2023-02-15 16:50:13,Debit,Chicago,Online,Retired,2024-11-04 08:10:52,Senior,2
608.79,55.0,157.0,1.0,2991.17,2023-11-03 18:37:18,Debit,Fort Worth,Online,Engineer,2024-11-04 08:12:18,Senior,3
840.16,20.0,68.00000000000001,1.0,1236.76,2023-03-20 16:35:53,Credit,Colorado Springs,Branch,Student,2024-11-04 08:12:12,Young,2
203.34,60.0,66.0,1.0,13586.99,2023-12-20 17:13:50,Debit,Phoenix,ATM,Doctor,2024-11-04 08:09:43,Senior,3
90.88,26.0,284.0,1.0,7117.35,2023-11-20 17:08:33,Debit,Colorado Springs,ATM,Engineer,2024-11-04 08:10:50,Young,3
60.11,61.0,122.0,1.0,7235.87,2023-11-27 17:39:39,Credit,Albuquerque,Branch,Retired,2024-11-04 08:08:09,Senior,3
393.92,72.0,47.0,1.0,7318.64,2023-05-16 16:57:35,Debit,Memphis,Branch,Retired,2024-11-04 08:12:07,Senior,1
19.39,43.0,45.0,1.0,9847.6,2023-11-17 16:39:20,Debit,Colorado Springs,ATM,Doctor,2024-11-04 08:11:24,Adult,3
557.41,80.0,49.0,1.0,2968.75,2023-04-14 16:52:23,Credit,Washington,Online,Retired,2024-11-04 08:09:54,Senior,2
57.07,31.0,99.0,1.0,9323.71,2023-08-25 16:30:02,Credit,Boston,Online,Doctor,2024-11-04 08:11:35,Adult,1
395.27,18.0,167.0,1.0,1764.08,2023-08-07 16:38:52,Credit,Miami,Online,Student,2024-11-04 08:08:21,Young,1
289.05,75.0,116.00000000000001,1.0,5683.49,2023-06-09 17:58:00,Debit,New York,ATM,Retired,2024-11-04 08:11:58,Senior,1
46.11,33.0,233.0,1.0,5225.73,2023-03-27 17:07:20,Debit,San Francisco,Online,Doctor,2024-11-04 08:10:44,Adult,2
335.5,63.0,47.0,1.0,6445.4,2023-08-14 16:01:02,Debit,Sacramento,ATM,Retired,2024-11-04 08:12:23,Senior,1
388.07,24.0,68.00000000000001,1.0,289.71,2023-09-05 17:34:08,Debit,Seattle,Online,Student,2024-11-04 08:10:37,Young,1
520.86,51.0,66.0,1.0,9200.74,2023-03-20 16:29:02,Credit,Sacramento,Online,Engineer,2024-11-04 08:08:47,Senior,2
787.41,25.0,39.0,1.0,300.87,2023-06-19 16:22:28,Debit,Memphis,Online,Student,2024-11-04 08:06:44,Young,1
31.699999999999996,48.0,121.0,1.0,743.8999999999999,2023-06-01 16:56:33,Credit,Raleigh,ATM,Doctor,2024-11-04 08:08:02,Adult,1
22.3,21.0,90.0,1.0,1200.35,2023-05-01 16:57:17,Debit,Philadelphia,ATM,Student,2024-11-04 08:12:18,Young,2
203.12,56.0,181.0,1.0,1562.39,2023-01-18 16:59:48,Debit,San Jose,ATM,Retired,2024-11-04 08:09:15,Senior,2
315.94,49.0,172.0,1.0,7719.709999999999,2023-02-27 17:06:57,Credit,Raleigh,Branch,Doctor,2024-11-04 08:12:09,Adult,2
0.26,20.0,173.0,1.0,1833.67,2023-11-23 16:14:48,Debit,Oklahoma City,Online,Student,2024-11-04 08:07:45,Young,3
210.77,71.0,161.0,1.0,5396.65,2023-05-31 16:50:20,Debit,Mesa,ATM,Retired,2024-11-04 08:11:21,Senior,1
406.65,57.0,107.0,1.0,12995.7,2023-11-08 18:32:44,Debit,Mesa,ATM,Doctor,2024-11-04 08:11:01,Senior,3
422.9,40.0,111.0,1.0,7616.43,2023-02-27 16:15:53,Debit,Tucson,ATM,Engineer,2024-11-04 08:10:52,Adult,2
20.62,35.0,225.0,1.0,12500.8,2023-06-21 17:10:18,Credit,Philadelphia,ATM,Doctor,2024-11-04 08:08:49,Adult,1
174.39,19.0,36.0,1.0,1127.08,2023-01-09 16:08:52,Debit,San Francisco,ATM,Student,2024-11-04 08:11:01,Young,2
7.859999999999999,76.0,91.0,1.0,3621.98,2023-10-16 16:47:15,Credit,Sacramento,Branch,Retired,2024-11-04 08:07:51,Senior,3
54.85,58.0,40.0,1.0,2727.45,2023-09-05 16:05:58,Credit,San Francisco,Branch,Retired,2024-11-04 08:09:36,Senior,1
16.55,26.0,159.0,1.0,6089.79,2023-09-11 17:05:50,Debit,Tucson,Branch,Engineer,2024-11-04 08:08:11,Young,3
91.32,58.0,77.0,1.0,2618.1,2023-11-10 16:43:45,Debit,Milwaukee,Branch,Engineer,2024-11-04 08:08:22,Senior,3
49.62,55.0,111.0,1.0,3841.4199999999996,2023-12-07 16:19:07,Debit,Portland,ATM,Engineer,2024-11-04 08:07:23,Senior,3
487.16,28.0,84.00000000000001,1.0,321.21,2023-01-02 16:01:14,Credit,Los Angeles,Branch,Student,2024-11-04 08:12:22,Young,2
405.6,37.0,44.0,1.0,9754.73,2023-08-08 17:41:41,Debit,Tucson,Online,Engineer,2024-11-04 08:09:24,Adult,1
512.95,57.0,143.0,1.0,9584.52,2023-10-16 17:08:36,Debit,Columbus,Branch,Engineer,2024-11-04 08:10:05,Senior,3
345.94,31.0,163.0,1.0,7624.56,2023-10-09 17:32:57,Debit,Portland,ATM,Doctor,2024-11-04 08:11:40,Adult,3
356.56,47.0,52.00000000000001,1.0,2485.73,2023-10-09 17:23:21,Debit,New York,Online,Engineer,2024-11-04 08:11:57,Adult,3
10.31,36.0,280.0,1.0,2137.9,2023-01-13 16:23:56,Debit,Louisville,Online,Engineer,2024-11-04 08:11:14,Adult,2
211.69,30.0,111.0,1.0,6412.85,2023-10-20 16:02:07,Debit,Atlanta,Branch,Doctor,2024-11-04 08:07:50,Adult,3
221.49,23.0,196.0,1.0,707.25,2023-09-13 18:11:22,Credit,Oklahoma City,Branch,Student,2024-11-04 08:11:50,Young,3
278.23,48.0,83.0,1.0,8300.54,2023-05-04 17:49:33,Debit,Fresno,Online,Engineer,2024-11-04 08:09:46,Adult,2
116.88,45.0,263.0,1.0,7717.339999999999,2023-10-04 17:10:02,Debit,Memphis,ATM,Doctor,2024-11-04 08:10:02,Adult,3
328.77,39.0,247.0,1.0,6967.03,2023-04-03 17:59:23,Credit,San Diego,Online,Doctor,2024-11-04 08:09:57,Adult,2
77.53,54.0,55.0,1.0,5158.6,2023-07-25 18:00:25,Debit,Louisville,Branch,Retired,2024-11-04 08:07:12,Senior,1
421.74,67.0,103.0,1.0,12031.14,2023-06-20 17:07:05,Debit,San Jose,Online,Doctor,2024-11-04 08:10:18,Senior,1
313.69,73.0,151.99999999999997,1.0,7093.68,2023-03-10 16:35:33,Debit,Oklahoma City,Branch,Retired,2024-11-04 08:10:23,Senior,2
411.72,29.0,153.0,1.0,8539.86,2023-06-20 18:43:51,Debit,Washington,Branch,Doctor,2024-11-04 08:11:43,Young,1
508.73,59.0,89.0,1.0,7640.57,2023-07-14 16:22:54,Debit,Chicago,Branch,Retired,2024-11-04 08:09:07,Senior,1
153.08,24.0,201.0,1.0,1292.21,2023-11-27 16:57:08,Debit,Omaha,ATM,Student,2024-11-04 08:09:29,Young,3
23.01,63.0,166.0,1.0,5958.75,2023-06-09 18:33:04,Debit,Las Vegas,Branch,Retired,2024-11-04 08:09:14,Senior,1
69.28,25.0,129.0,1.0,708.7399999999999,2023-10-30 16:36:24,Debit,Los Angeles,Online,Student,2024-11-04 08:11:01,Young,3
51.25,28.0,66.0,1.0,1744.4,2023-08-29 16:16:15,Credit,Austin,Branch,Student,2024-11-04 08:11:52,Young,1
407.65,25.0,263.0,1.0,273.78,2023-08-07 17:17:34,Debit,Denver,ATM,Student,2024-11-04 08:08:37,Young,1
459.25,25.0,59.00000000000001,1.0,130.76,2023-05-23 16:44:33,Debit,Tucson,Branch,Student,2024-11-04 08:11:47,Young,1
301.56,49.0,118.0,1.0,10389.6,2023-02-09 17:46:49,Debit,Seattle,Branch,Doctor,2024-11-04 08:10:23,Adult,2
17.67,63.0,91.0,1.0,1048.18,2023-06-27 17:50:21,Debit,San Diego,Online,Doctor,2024-11-04 08:10:55,Senior,1
5.29,32.0,132.0,1.0,12896.68,2023-03-13 18:24:20,Credit,San Francisco,Online,Doctor,2024-11-04 08:11:04,Adult,2
401.37,43.0,251.0,1.0,8208.54,2023-09-18 16:18:19,Debit,Los Angeles,Branch,Engineer,2024-11-04 08:11:41,Adult,3
145.4,38.0,24.0,1.0,5244.49,2023-07-06 17:53:38,Debit,Tucson,Online,Engineer,2024-11-04 08:09:52,Adult,1
556.34,37.0,45.99999999999999,1.0,11935.14,2023-10-19 16:34:22,Debit,Seattle,Online,Doctor,2024-11-04 08:07:12,Adult,3
34.31,24.0,251.0,1.0,1484.76,2023-04-28 16:55:28,Debit,Philadelphia,ATM,Student,2024-11-04 08:11:26,Young,2
780.59,23.0,145.0,1.0,6513.34,2023-06-28 17:58:48,Credit,Tucson,Online,Student,2024-11-04 08:07:01,Young,1
282.65,35.0,161.0,1.0,13801.15,2023-03-08 17:42:36,Debit,Fort Worth,ATM,Doctor,2024-11-04 08:08:51,Adult,2
305.27,68.0,147.0,1.0,12958.65,2023-09-27 16:25:38,Debit,Las Vegas,Online,Doctor,2024-11-04 08:09:31,Senior,3
185.81,32.0,116.00000000000001,1.0,9588.71,2023-09-20 16:30:06,Debit,Austin,Online,Doctor,2024-11-04 08:10:15,Adult,3
66.01,49.0,179.0,1.0,3475.99,2023-10-06 18:39:39,Debit,Milwaukee,Online,,2024-11-04 08:07:05,Adult,3
447.95,29.0,75.0,1.0,7544.399999999999,2023-01-11 17:27:56,Debit,Tucson,Branch,Engineer,2024-11-04 08:09:20,Young,2
279.3,19.0,48.0,1.0,1193.61,2023-06-22 17:28:02,Debit,Oklahoma City,ATM,Student,2024-11-04 08:07:20,Young,1
611.15,27.0,121.0,1.0,892.8299999999999,2023-08-11 17:12:30,Debit,Detroit,ATM,Student,2024-11-04 08:09:23,Young,1
275.2,54.0,81.0,1.0,1230.12,2023-08-24 17:13:38,Debit,New York,Online,Engineer,2024-11-04 08:09:50,Senior,1
427.79,18.0,189.0,1.0,1479.67,2023-02-21 17:42:42,Debit,San Jose,Branch,Student,2024-11-04 08:08:54,Young,2
469.13,54.0,139.0,1.0,1265.28,,Credit,San Antonio,ATM,Doctor,2024-11-04 08:07:30,Senior,3
102.81,76.0,47.0,1.0,3228.87,2023-12-04 16:23:00,Debit,Seattle,Branch,Retired,2024-11-04 08:08:07,Senior,3
22.61,19.0,145.0,1.0,1111.67,2023-12-21 17:56:04,Debit,Seattle,Online,Student,2024-11-04 08:06:47,Young,3
68.28,56.0,293.0,1.0,3213.16,2023-06-08 18:54:04,Debit,Boston,Online,Engineer,2024-11-04 08:08:24,Senior,1
33.65,63.0,146.0,1.0,12719.93,2023-09-18 17:18:03,Credit,New York,Online,Doctor,2024-11-04 08:07:24,Senior,3
362.68,63.0,137.0,1.0,2040.77,2023-01-16 18:02:19,Credit,Miami,ATM,Retired,2024-11-04 08:06:30,Senior,2
73.23,20.0,172.0,1.0,1309.85,2023-06-23 16:41:27,Debit,San Francisco,Branch,Student,2024-11-04 08:12:22,Young,1
654.49,25.0,104.0,1.0,164.61,2023-11-20 16:31:36,Credit,Austin,Online,Student,2024-11-04 08:08:39,Young,3
18.56,49.0,161.0,1.0,4230.37,2023-04-24 17:04:21,Credit,Memphis,Branch,Engineer,2024-11-04 08:07:40,Adult,2
389.05,27.0,41.0,1.0,761.0,2023-01-06 17:35:08,Debit,Dallas,ATM,Student,2024-11-04 08:11:28,Young,2
66.91,39.0,85.0,1.0,871.1,2023-01-30 18:47:17,Debit,Seattle,ATM,Doctor,2024-11-04 08:10:19,Adult,2
335.48,45.0,155.0,1.0,3023.16,2023-03-02 16:06:18,Debit,Oklahoma City,Branch,Engineer,2024-11-04 08:06:45,Adult,2
38.14,19.0,174.0,1.0,1119.21,2023-12-28 16:51:20,Debit,Albuquerque,Online,Student,2024-11-04 08:09:59,Young,3
360.02,68.0,68.00000000000001,1.0,6400.59,2023-02-09 16:29:06,Debit,Dallas,Online,Retired,2024-11-04 08:08:53,Senior,2
567.71,63.0,80.0,1.0,13884.24,2023-02-06 18:39:23,Debit,Memphis,Online,Doctor,2024-11-04 08:10:40,Senior,2
218.19,19.0,185.0,1.0,620.83,2023-05-23 16:29:31,Debit,Austin,ATM,Student,2024-11-04 08:10:27,Young,1
209.99,19.0,40.0,1.0,1938.0100000000002,2023-09-07 17:19:21,Debit,Denver,ATM,Student,2024-11-04 08:11:39,Young,1
11.02,19.0,280.0,1.0,964.79,2023-11-13 16:32:53,Debit,Tucson,Branch,Student,2024-11-04 08:06:56,Young,3
83.43,56.0,109.0,1.0,1870.16,2023-05-30 16:28:48,Debit,New York,Online,Retired,2024-11-04 08:11:40,Senior,1
344.97,34.0,106.0,1.0,5577.94,2023-03-20 17:30:52,Debit,Austin,Online,Doctor,2024-11-04 08:09:39,Adult,2
172.29,36.0,283.0,1.0,8700.8,2023-01-30 17:22:39,Debit,El Paso,ATM,Engineer,2024-11-04 08:08:42,Adult,2
195.54,60.0,255.0,1.0,2794.66,2023-07-17 16:05:23,Debit,Omaha,Online,Retired,2024-11-04 08:09:01,Senior,1
101.23,45.0,87.0,1.0,6169.71,2023-08-04 18:34:01,Debit,Colorado Springs,Online,Engineer,2024-11-04 08:06:42,Adult,1
180.46,25.0,34.0,1.0,831.7499999999999,2023-03-13 16:26:30,Debit,Fresno,ATM,Student,2024-11-04 08:11:23,Young,2
692.55,53.0,109.0,1.0,2451.56,2023-03-07 16:51:37,Debit,Charlotte,Branch,Retired,2024-11-04 08:12:17,Senior,2
147.31,34.0,91.99999999999999,1.0,13625.52,2023-06-12 17:10:27,Credit,Mesa,Online,Doctor,2024-11-04 08:07:58,Adult,1
107.48,20.0,103.0,1.0,1379.39,2023-02-07 17:38:18,Debit,Los Angeles,Branch,Student,2024-11-04 08:12:07,Young,2
81.51,25.0,97.0,1.0,865.4899999999999,2023-08-10 16:10:22,Debit,Washington,Branch,Student,2024-11-04 08:07:15,Young,1
365.48,76.0,215.99999999999997,1.0,7147.4,2023-05-22 17:59:02,Credit,Seattle,Online,Retired,2024-11-04 08:10:38,Senior,1
491.1,35.0,125.0,1.0,7833.85,2023-06-05 16:08:37,Credit,Houston,Online,Engineer,2024-11-04 08:07:32,Adult,1
452.8,80.0,151.0,1.0,4840.67,2023-11-24 16:45:11,Debit,Los Angeles,Branch,Retired,2024-11-04 08:07:34,Senior,3
645.04,70.0,78.0,1.0,7361.47,2023-12-22 17:08:55,Debit,Memphis,Branch,Retired,2024-11-04 08:07:29,Senior,3
169.28,45.0,114.0,1.0,5128.44,2023-03-27 18:08:06,Debit,Philadelphia,Branch,Doctor,2024-11-04 08:11:54,Adult,2
88.42,62.0,91.0,1.0,12381.45,2023-10-18 16:28:19,Debit,El Paso,ATM,Doctor,2024-11-04 08:09:15,Senior,3
155.53,29.0,66.0,1.0,4008.05,2023-03-24 17:04:32,Debit,Baltimore,ATM,Engineer,2024-11-04 08:08:36,Young,2
39.24,77.0,106.0,1.0,6462.41,2023-11-14 18:33:32,Debit,Dallas,ATM,Retired,2024-11-04 08:11:18,Senior,3
78.77,48.0,50.00000000000001,1.0,6470.57,2023-05-08 18:36:59,Credit,Las Vegas,ATM,Engineer,2024-11-04 08:06:41,Adult,2
26.5,48.0,179.0,1.0,4854.83,2023-02-08 16:42:59,Debit,Indianapolis,Online,Engineer,2024-11-04 08:07:24,Adult,2
83.62,48.0,146.0,1.0,12652.22,2023-06-22 17:18:09,Debit,Raleigh,ATM,Doctor,2024-11-04 08:12:06,Adult,1
142.78,68.0,150.0,1.0,11705.88,2023-05-09 16:40:52,Debit,San Diego,Branch,Doctor,2024-11-04 08:12:22,Senior,2
55.99,35.0,95.0,1.0,932.61,2023-11-13 16:16:24,Debit,El Paso,ATM,Doctor,2024-11-04 08:07:20,Adult,3
774.48,61.0,30.999999999999996,1.0,11613.58,2023-03-06 16:12:45,Debit,Louisville,Branch,Doctor,2024-11-04 08:08:33,Senior,2
105.37,25.0,160.0,1.0,1068.55,2023-05-11 18:31:20,Debit,Sacramento,ATM,Student,2024-11-04 08:09:44,Young,1
118.83,28.0,295.0,1.0,1616.3,2023-06-26 16:10:25,Debit,Virginia Beach,Online,Student,2024-11-04 08:08:28,Young,1
46.22,23.0,217.0,1.0,471.2799999999999,2023-11-13 16:41:09,Debit,San Jose,Branch,Student,2024-11-04 08:08:59,Young,3
659.71,21.0,148.0,1.0,106.86,2023-05-05 16:10:24,Credit,San Jose,Branch,Student,2024-11-04 08:09:32,Young,2
377.97,72.0,160.0,1.0,2457.1,2023-11-17 16:50:08,Debit,Miami,Online,Retired,2024-11-04 08:11:04,Senior,3
114.1,69.0,148.0,1.0,5882.12,2023-05-22 17:45:02,Debit,Boston,Branch,Retired,2024-11-04 08:11:19,Senior,1
11.3,55.0,41.0,1.0,1938.99,2023-12-01 16:33:43,Credit,Louisville,Online,Retired,2024-11-04 08:09:25,Senior,3
95.5,57.0,17.0,1.0,4079.09,2023-05-22 16:24:02,Debit,Omaha,Online,Retired,2024-11-04 08:08:19,Senior,1
130.93,28.0,149.0,1.0,860.1199999999999,2023-02-08 16:52:09,Credit,Houston,Branch,Engineer,2024-11-04 08:11:18,Young,2
272.97,68.0,174.0,1.0,7811.310000000001,2023-04-17 18:42:04,Debit,Boston,Online,Retired,2024-11-04 08:10:58,Senior,2
73.35,24.0,47.0,1.0,1181.84,2023-03-13 16:33:49,Debit,San Francisco,Branch,Student,2024-11-04 08:09:57,Young,2
29.94,58.0,243.0,1.0,10915.54,2023-10-13 16:22:08,Debit,San Francisco,ATM,Doctor,2024-11-04 08:12:01,Senior,3
50.52,20.0,140.0,1.0,1121.19,2023-10-16 16:29:39,Debit,Boston,Online,Student,,Young,3
820.46,53.0,243.0,1.0,5621.86,2023-04-03 16:22:48,Credit,Fort Worth,Online,Engineer,2024-11-04 08:10:23,Senior,2
153.07,56.0,116.00000000000001,1.0,8873.43,2023-04-03 18:37:57,Debit,Detroit,ATM,Engineer,2024-11-04 08:12:06,Senior,2
52.94,41.0,146.0,1.0,6990.92,2023-06-12 17:36:25,Debit,Tucson,Branch,Doctor,2024-11-04 08:11:08,Adult,1
384.41,60.0,65.0,1.0,7831.56,2023-04-17 16:53:29,Debit,Jacksonville,ATM,Engineer,2024-11-04 08:10:13,Senior,2
235.42,51.0,175.0,1.0,6173.23,2023-07-10 18:34:22,Debit,Phoenix,Branch,Retired,2024-11-04 08:11:06,Senior,1
114.23,56.0,64.0,1.0,9523.72,2023-06-07 17:35:50,Debit,Dallas,ATM,Doctor,2024-11-04 08:06:35,Senior,1
12.62,33.0,61.00000000000001,1.0,6420.47,2023-05-05 16:35:44,Debit,El Paso,Branch,Doctor,2024-11-04 08:09:03,Adult,2
373.52,35.0,235.0,1.0,6430.41,2023-09-25 16:23:23,Debit,Colorado Springs,ATM,Engineer,2024-11-04 08:11:16,Adult,3
336.05,28.0,164.0,1.0,1635.05,2023-04-24 17:18:18,Debit,San Antonio,Branch,Student,2024-11-04 08:12:13,Young,2
366.93,66.0,33.0,1.0,6697.79,2023-12-11 18:43:00,Debit,Houston,Online,Retired,2024-11-04 08:11:33,Senior,3
112.27,58.0,102.0,1.0,7369.89,2023-10-19 17:34:53,Debit,Seattle,Branch,Doctor,2024-11-04 08:11:23,Senior,3
494.9599999999999,40.0,132.0,1.0,6903.68,2023-03-31 16:34:38,Debit,Sacramento,ATM,Engineer,2024-11-04 08:08:34,Adult,2
561.58,65.0,22.999999999999996,1.0,11748.86,2023-06-23 17:38:26,Debit,Sacramento,Online,Doctor,2024-11-04 08:06:32,Senior,1
440.94,42.0,148.0,1.0,7303.23,2023-09-13 18:38:27,Debit,San Antonio,Online,Doctor,2024-11-04 08:11:22,Adult,3
71.9,29.0,51.00000000000001,1.0,10619.35,2023-02-20 16:28:39,Debit,Los Angeles,Branch,Doctor,2024-11-04 08:12:07,Young,2
256.66,54.0,137.0,1.0,1794.5,2023-07-17 17:08:03,Credit,Raleigh,Online,Retired,2024-11-04 08:06:55,Senior,1
166.55,59.0,99.0,1.0,12970.21,2023-07-13 17:51:44,Credit,Houston,Branch,Doctor,2024-11-04 08:09:36,Senior,1
276.26,56.0,143.0,1.0,120.88999999999999,2023-02-13 17:04:50,Debit,Louisville,Branch,Doctor,2024-11-04 08:11:47,Senior,2
35.46,67.0,164.0,1.0,5692.31,2023-07-18 16:38:11,Debit,Indianapolis,ATM,Doctor,2024-11-04 08:10:12,Senior,1
38.14,50.0,165.0,1.0,9879.87,2023-04-07 16:16:00,Debit,Portland,Branch,Engineer,2024-11-04 08:07:16,Senior,2
506.25999999999993,64.0,86.0,1.0,6266.65,2023-12-18 18:26:07,Credit,Baltimore,ATM,Retired,2024-11-04 08:11:53,Senior,3
736.32,31.0,28.0,1.0,14268.95,2023-04-12 17:06:06,Debit,Indianapolis,Online,Doctor,2024-11-04 08:10:23,Adult,2
389.43,52.0,151.0,1.0,6449.83,2023-11-27 18:01:47,Credit,Austin,ATM,Engineer,2024-11-04 08:10:57,Senior,3
25.58,60.0,166.0,1.0,6741.41,2023-11-16 16:33:22,Debit,Omaha,ATM,Engineer,2024-11-04 08:06:29,Senior,3
446.1,25.0,243.0,1.0,1008.44,2023-09-19 17:45:19,Debit,Seattle,ATM,Student,2024-11-04 08:08:30,Young,3
147.74,23.0,15.0,1.0,1711.78,2023-09-05 16:52:06,Debit,Raleigh,Branch,Student,2024-11-04 08:12:18,Young,1
46.23,77.0,282.0,1.0,5107.75,2023-05-29 17:45:26,Debit,Fresno,Online,Retired,2024-11-04 08:09:46,Senior,1
265.37,33.0,77.0,1.0,5229.95,2023-05-26 17:56:17,Debit,Washington,Branch,Engineer,2024-11-04 08:09:20,Adult,1
342.57,20.0,91.0,1.0,339.16,2023-02-03 17:10:00,Debit,Boston,Online,Student,2024-11-04 08:09:51,Young,2
417.26,32.0,45.0,1.0,10442.48,2023-02-27 17:01:24,Credit,New York,Online,Doctor,2024-11-04 08:11:53,Adult,2
33.63,63.0,75.99999999999999,1.0,4324.4,2023-11-03 16:50:08,Debit,Columbus,Online,Retired,2024-11-04 08:10:52,Senior,3
64.58,55.0,173.0,1.0,6292.29,2023-12-04 18:06:30,Debit,El Paso,Branch,Retired,2024-11-04 08:11:27,Senior,3
23.23,21.0,122.0,1.0,269.01,2023-04-20 16:34:59,Credit,Miami,Branch,Student,2024-11-04 08:09:54,Young,2
285.49,53.0,109.0,1.0,6366.84,2023-08-11 18:42:10,Credit,Charlotte,Branch,Doctor,2024-11-04 08:12:14,Senior,1
71.87,22.0,258.0,1.0,1839.1,2023-01-16 18:03:02,Debit,Nashville,ATM,Student,2024-11-04 08:12:07,Young,2
308.8,53.0,41.0,1.0,3966.5399999999995,2023-12-26 16:08:51,Debit,Baltimore,ATM,Retired,2024-11-04 08:09:59,Senior,3
288.43,66.0,72.0,1.0,4577.09,2023-05-08 16:37:53,Debit,Phoenix,Branch,Retired,2024-11-04 08:09:00,Senior,2
147.46,65.0,205.0,1.0,7458.029999999999,2023-10-12 16:58:25,Credit,Albuquerque,Online,Doctor,2024-11-04 08:11:31,Senior,3
214.15,32.0,217.0,1.0,6397.29,2023-10-30 17:07:54,Debit,,Branch,Engineer,2024-11-04 08:10:59,Adult,3
170.36,30.0,118.0,1.0,6034.73,2023-03-27 16:56:29,Debit,Indianapolis,ATM,Doctor,2024-11-04 08:09:24,Adult,2
736.53,55.0,120.0,1.0,9826.26,2023-05-10 17:05:08,Debit,Philadelphia,ATM,Engineer,2024-11-04 08:09:38,Senior,1
213.42,45.0,17.0,1.0,3736.3800000000006,2023-07-27 17:30:14,Debit,Columbus,ATM,Engineer,2024-11-04 08:11:26,Adult,1
94.09,27.0,203.0,1.0,646.8499999999999,2023-09-12 16:32:09,Debit,Miami,Branch,Student,2024-11-04 08:10:29,Young,3
91.23,72.0,86.0,1.0,6385.12,2023-05-15 16:13:54,,Boston,ATM,Retired,2024-11-04 08:08:29,Senior,1
263.92,57.0,233.0,1.0,4161.71,2023-07-26 17:56:54,Credit,San Diego,Branch,Retired,2024-11-04 08:10:43,Senior,1
77.5,51.0,201.0,1.0,11079.77,2023-05-23 16:44:55,Credit,Fort Worth,Online,Doctor,2024-11-04 08:08:15,Senior,1
3.65,69.0,146.0,1.0,10017.11,2023-02-13 17:48:36,Debit,Miami,Online,Doctor,2024-11-04 08:11:01,Senior,2
43.88,26.0,251.0,1.0,1644.09,2023-11-13 17:43:37,Credit,Seattle,Online,Student,2024-11-04 08:08:21,Young,3
224.79,18.0,129.0,1.0,528.38,2023-08-22 16:34:34,Debit,Boston,Online,Student,2024-11-04 08:10:25,Young,1
64.3,55.0,67.0,1.0,7530.299999999999,2023-09-04 17:36:40,Debit,Louisville,ATM,Retired,2024-11-04 08:11:58,Senior,1
111.79,62.0,49.0,1.0,10887.59,2023-12-26 17:40:23,Debit,Jacksonville,Online,Doctor,2024-11-04 08:11:34,Senior,3
613.7,61.0,37.0,1.0,7307.11,2023-02-22 17:33:56,Credit,Fort Worth,Branch,Retired,2024-11-04 08:10:53,Senior,2
170.45,60.0,199.0,1.0,2284.41,2023-01-05 16:56:49,Debit,San Francisco,Branch,Engineer,2024-11-04 08:09:17,Senior,2
344.27,22.0,123.0,1.0,1918.3600000000001,2023-09-19 17:23:14,Debit,San Antonio,Branch,Student,2024-11-04 08:09:37,Young,3
872.72,22.0,288.0,1.0,503.01,2023-04-24 16:47:17,Debit,Washington,Online,Student,2024-11-04 08:10:49,Young,2
292.95,37.0,56.0,1.0,1216.91,2023-02-16 16:23:11,Debit,Memphis,Branch,Engineer,2024-11-04 08:11:13,Adult,2
28.44,18.0,243.0,1.0,1071.04,2023-08-31 17:43:38,Debit,Fresno,ATM,Student,2024-11-04 08:09:03,Young,1
209.02,21.0,74.0,1.0,187.9,2023-03-03 17:08:36,Debit,El Paso,ATM,Student,2024-11-04 08:11:19,Young,2
20.05,72.0,171.0,1.0,7145.67,2023-11-29 17:43:51,Debit,Chicago,ATM,Retired,2024-11-04 08:08:00,Senior,3
175.02,28.0,71.0,1.0,1493.88,2023-04-10 16:23:53,Debit,Phoenix,Online,Student,2024-11-04 08:09:21,Young,2
89.5,41.0,134.0,1.0,8658.95,2023-08-21 16:22:06,Credit,Louisville,Branch,Engineer,2024-11-04 08:09:01,Adult,1
69.96,28.0,30.999999999999996,1.0,164.12,2023-10-16 17:43:00,Debit,Baltimore,Branch,Student,2024-11-04 08:08:13,Young,3
376.78,21.0,88.0,1.0,841.6499999999999,2023-08-14 17:25:14,Credit,Nashville,Online,Student,2024-11-04 08:07:49,Young,1
148.54,71.0,107.0,1.0,5677.05,2023-12-22 16:25:16,Credit,Columbus,Branch,Retired,2024-11-04 08:11:52,Senior,3
388.77,26.0,30.0,1.0,1658.49,2023-12-11 16:57:08,Credit,Jacksonville,Online,Student,2024-11-04 08:11:05,Young,3
100.38,63.0,49.0,1.0,10171.68,2023-11-27 17:51:15,Debit,Seattle,Branch,Doctor,2024-11-04 08:09:18,Senior,3
137.23,64.0,63.0,1.0,13847.99,2023-04-07 16:50:22,Debit,Fresno,Branch,Doctor,2024-11-04 08:08:41,Senior,2
870.3,51.0,229.0,1.0,3688.98,2023-08-28 17:56:39,Debit,San Jose,ATM,Retired,2024-11-04 08:08:54,Senior,1
458.94,52.0,180.0,1.0,5619.95,2023-07-18 18:06:23,Debit,Detroit,Branch,Engineer,2024-11-04 08:08:35,Senior,1
327.35,20.0,175.0,1.0,342.08,2023-09-25 18:48:58,Credit,Memphis,Branch,Student,2024-11-04 08:11:19,Young,3
757.15,53.0,37.99999999999999,1.0,4702.86,2023-01-17 16:53:08,Debit,Raleigh,Online,Engineer,2024-11-04 08:08:06,Senior,2
47.23,73.0,160.0,1.0,6659.81,2023-08-03 18:18:56,Credit,Memphis,Online,Retired,2024-11-04 08:11:07,Senior,1
239.41,42.0,247.99999999999997,1.0,7860.65,2023-11-01 17:23:46,Credit,,Online,Doctor,2024-11-04 08:07:19,Adult,3
170.97,26.0,292.0,1.0,1265.27,2023-05-01 17:04:30,Debit,Nashville,Branch,Student,2024-11-04 08:07:51,Young,2
659.15,22.0,204.0,1.0,1241.59,2023-01-31 16:02:23,Debit,Boston,ATM,Student,2024-11-04 08:06:24,Young,2
31.53,25.0,283.0,1.0,874.93,2023-12-20 17:15:14,Debit,Kansas City,Online,Student,2024-11-04 08:06:33,Young,3
111.66,48.0,140.0,1.0,5716.72,2023-06-07 18:18:32,Credit,,Online,Engineer,2024-11-04 08:07:36,Adult,1
250.01,62.0,88.0,1.0,1541.48,2023-11-06 16:28:15,Debit,Kansas City,ATM,Retired,2024-11-04 08:12:10,Senior,3
554.15,49.0,107.99999999999999,1.0,14817.22,2023-04-18 17:17:37,Debit,Raleigh,ATM,Doctor,2024-11-04 08:12:11,Adult,2
598.66,32.0,222.0,1.0,2587.11,2023-01-10 16:51:44,,Charlotte,Branch,Engineer,2024-11-04 08:11:41,Adult,2
28.38,55.0,98.0,1.0,173.7,2023-05-18 16:24:16,Debit,Sacramento,Branch,Doctor,2024-11-04 08:08:56,Senior,1
16.8,49.0,94.0,1.0,11847.07,2023-11-27 17:01:48,Debit,San Diego,ATM,Doctor,2024-11-04 08:09:51,Adult,3
896.79,33.0,168.00000000000003,1.0,11146.74,2023-11-06 16:35:59,Debit,Dallas,Online,Doctor,2024-11-04 08:06:45,Adult,3
159.0,49.0,37.99999999999999,1.0,369.79,2023-03-06 18:04:32,Debit,Las Vegas,ATM,Engineer,2024-11-04 08:08:35,Adult,2
56.31,75.0,195.0,1.0,6396.08,2023-09-27 17:54:16,Credit,Houston,Online,Retired,2024-11-04 08:08:12,Senior,3
203.99,52.0,215.0,1.0,4840.31,2023-01-20 16:34:35,Debit,Philadelphia,Online,Retired,2024-11-04 08:09:52,Senior,2
50.99,29.0,75.99999999999999,1.0,1334.6,2023-10-31 16:45:07,Debit,Detroit,Branch,Doctor,2024-11-04 08:10:00,Young,3
101.28,32.0,75.0,1.0,2774.35,2023-08-23 18:19:06,Credit,Chicago,Online,Engineer,2024-11-04 08:06:44,Adult,1
299.92,27.0,122.0,1.0,1368.0,2023-10-09 18:41:21,Debit,Denver,ATM,Student,2024-11-04 08:08:59,Young,3
77.54,67.0,73.0,1.0,4536.38,2023-02-01 17:12:47,Debit,Phoenix,Online,Retired,2024-11-04 08:10:22,Senior,2
18.35,21.0,78.0,1.0,1293.39,2023-09-18 16:40:59,Debit,Nashville,Branch,Student,2024-11-04 08:10:06,Young,3
732.53,26.0,116.00000000000001,1.0,441.54,2023-05-22 16:54:00,Credit,San Jose,ATM,Student,2024-11-04 08:12:14,Young,1
65.11,34.0,150.0,1.0,8485.14,2023-09-07 16:47:49,Debit,Nashville,ATM,Engineer,2024-11-04 08:08:55,Adult,1
67.07,24.0,56.0,1.0,999.6200000000001,2023-06-05 16:24:41,Credit,Los Angeles,ATM,Student,2024-11-04 08:10:33,Young,1
137.48,55.0,47.0,1.0,14273.42,2023-11-27 17:34:33,Debit,Seattle,Branch,Doctor,2024-11-04 08:08:46,Senior,3
398.36,22.0,56.0,1.0,1863.7,2023-06-27 16:52:00,Debit,Columbus,ATM,Student,2024-11-04 08:09:08,Young,1
469.46,20.0,149.0,1.0,8640.56,2023-11-08 18:24:56,Debit,New York,ATM,Student,2024-11-04 08:09:58,Young,3
37.58,57.0,182.0,1.0,259.44,2023-04-17 18:22:37,Debit,Indianapolis,ATM,Doctor,2024-11-04 08:12:14,Senior,2
160.24,31.0,15.0,1.0,5526.97,2023-08-08 17:06:41,Debit,Washington,ATM,Engineer,2024-11-04 08:09:07,Adult,1
315.39,23.0,93.0,1.0,929.6,2023-05-26 16:52:33,Credit,New York,Branch,Student,2024-11-04 08:08:08,Young,1
165.91,26.0,84.00000000000001,1.0,587.1199999999999,2023-03-15 17:40:16,Debit,Jacksonville,ATM,Student,2024-11-04 08:09:22,Young,2
211.36,47.0,194.0,1.0,4760.34,2023-09-14 17:08:40,Debit,San Francisco,Branch,Engineer,2024-11-04 08:11:24,Adult,3
241.45000000000002,26.0,158.0,1.0,1594.04,2023-07-24 16:02:33,Debit,Portland,Online,Student,2024-11-04 08:08:42,Young,1
23.24,68.0,129.0,1.0,13777.79,2023-04-13 16:41:41,Debit,Indianapolis,Branch,Doctor,2024-11-04 08:10:55,Senior,2
70.88,74.0,176.0,1.0,1794.65,2023-12-04 16:18:39,Credit,Omaha,Branch,Retired,2024-11-04 08:06:26,Senior,3
314.52,80.0,229.0,1.0,7071.32,2023-03-20 17:21:43,Debit,Memphis,ATM,Retired,2024-11-04 08:06:44,Senior,2
181.81,78.0,122.0,1.0,7525.7300000000005,2023-05-29 16:09:59,Credit,Austin,Online,Retired,2024-11-04 08:09:04,Senior,1
854.64,56.0,118.0,1.0,2989.25,2023-11-07 18:57:13,Debit,Fort Worth,Branch,Retired,2024-11-04 08:08:54,Senior,3
261.19,64.0,52.00000000000001,1.0,7620.6,2023-01-12 17:12:22,Debit,Oklahoma City,ATM,Retired,2024-11-04 08:09:48,Senior,2
220.68,71.0,217.0,1.0,5549.2,2023-10-09 18:23:25,Credit,Raleigh,Online,Retired,2024-11-04 08:07:05,Senior,3
11.86,31.0,129.0,1.0,6782.61,2023-09-05 16:43:36,Debit,Sacramento,Branch,Engineer,2024-11-04 08:08:52,Adult,1
122.65000000000002,28.0,41.0,1.0,1968.51,2023-08-17 16:26:57,Debit,Columbus,Online,Student,2024-11-04 08:06:57,Young,1
395.16,56.0,17.0,1.0,5340.73,2023-07-24 16:14:05,Debit,Milwaukee,Online,Retired,2024-11-04 08:11:15,Senior,1
704.69,51.0,150.0,1.0,3267.84,2023-07-18 17:22:49,Debit,Las Vegas,Online,Retired,2024-11-04 08:10:51,Senior,1
369.89,69.0,69.00000000000001,1.0,6941.47,2023-10-18 16:44:36,Debit,San Antonio,ATM,Retired,2024-11-04 08:11:27,Senior,3
10.92,67.0,268.0,1.0,7567.2,2023-10-20 17:48:44,Debit,Jacksonville,ATM,Retired,2024-11-04 08:08:28,Senior,3
199.14,31.0,36.0,1.0,7001.25,2023-08-02 17:32:29,Debit,Seattle,Branch,Engineer,2024-11-04 08:10:52,Adult,1
109.43,70.0,140.0,1.0,1983.65,2023-01-11 18:07:25,Debit,Denver,,Retired,2024-11-04 08:09:49,Senior,2
304.15,20.0,40.0,1.0,686.9099999999999,2023-11-28 16:09:34,Debit,Atlanta,Branch,Student,2024-11-04 08:10:17,Young,3
620.54,28.0,98.0,1.0,213.36,2023-03-27 16:26:46,Credit,Omaha,Branch,Student,2024-11-04 08:07:26,Young,2
757.79,22.0,117.0,1.0,1443.02,2023-01-02 16:30:09,Debit,Charlotte,Online,Student,2024-11-04 08:08:27,Young,2
122.81,52.0,12.0,1.0,8450.84,2023-10-24 16:12:19,Debit,San Jose,Branch,Doctor,2024-11-04 08:09:37,Senior,3
96.25,61.0,171.0,1.0,7996.699999999999,2023-07-27 16:01:41,Debit,Houston,Online,Retired,2024-11-04 08:06:36,Senior,1
142.55,67.0,97.0,1.0,1262.68,2023-05-16 16:45:46,Debit,Kansas City,Online,Doctor,2024-11-04 08:07:26,Senior,1
35.94,23.0,141.0,1.0,1697.28,2023-05-08 16:22:52,Credit,Fresno,Branch,Student,2024-11-04 08:09:24,Young,2
24.86,58.0,292.0,1.0,2591.65,2023-02-13 16:53:36,Debit,Jacksonville,Branch,Engineer,2024-11-04 08:12:04,Senior,2
103.08,60.0,109.0,1.0,12002.16,2023-11-14 16:09:22,Debit,San Francisco,Online,Doctor,2024-11-04 08:10:18,Senior,3
116.27,57.0,94.0,1.0,8726.92,2023-11-28 18:04:26,Debit,Portland,Online,Engineer,2024-11-04 08:11:49,Senior,3
50.9,28.0,150.0,1.0,1277.7,2023-04-24 16:14:34,Credit,Jacksonville,Online,Student,2024-11-04 08:06:36,Young,2
206.84,20.0,154.0,1.0,454.66,2023-09-13 18:47:47,Debit,Philadelphia,Branch,Student,2024-11-04 08:10:50,Young,3
37.4,20.0,84.00000000000001,1.0,1519.51,,Debit,Raleigh,ATM,Student,2024-11-04 08:12:08,Young,3
154.21,46.0,75.0,1.0,8045.77,2023-01-02 16:01:26,Debit,Miami,Online,Engineer,2024-11-04 08:10:33,Adult,2
199.37,24.0,79.0,1.0,1331.3,2023-06-29 17:39:21,Debit,Chicago,Online,Student,2024-11-04 08:08:44,Young,1
18.23,56.0,28.0,1.0,8422.2,2023-03-22 17:31:23,Debit,Nashville,ATM,Engineer,2024-11-04 08:11:20,Senior,2
398.7,47.0,276.0,1.0,7987.740000000001,2023-08-28 16:02:11,Debit,Albuquerque,ATM,Doctor,2024-11-04 08:09:04,Adult,1
378.2,40.0,167.0,1.0,7372.81,2023-01-09 17:12:40,Debit,Mesa,Branch,Engineer,2024-11-04 08:11:02,Adult,2
124.74,49.0,33.0,1.0,2987.97,2023-11-27 16:33:20,Debit,Los Angeles,ATM,Engineer,2024-11-04 08:08:17,Adult,3
17.1,53.0,101.0,1.0,1619.54,2023-12-25 16:56:06,Debit,Albuquerque,ATM,Retired,2024-11-04 08:11:05,Senior,3
287.05,22.0,212.0,1.0,1204.65,2023-04-14 16:00:51,Debit,Milwaukee,ATM,Student,2024-11-04 08:10:59,Young,2
874.72,28.0,173.0,1.0,4630.58,2023-03-03 16:21:27,Debit,San Francisco,Online,Engineer,2024-11-04 08:08:17,Young,2
40.12,36.0,269.0,1.0,14304.38,2023-04-19 17:03:11,Credit,Dallas,ATM,Doctor,2024-11-04 08:10:40,Adult,2
125.00000000000001,49.0,177.0,1.0,3215.76,2023-06-05 16:19:55,Credit,Indianapolis,Online,Engineer,2024-11-04 08:11:36,Adult,1
348.44,24.0,147.0,1.0,1022.94,2023-11-06 17:58:34,Debit,Baltimore,Online,Student,2024-11-04 08:09:55,Young,3
128.4,69.0,30.999999999999996,1.0,2610.64,2023-03-20 17:17:27,Debit,Tucson,ATM,Retired,2024-11-04 08:11:44,Senior,2
320.93,55.0,178.0,1.0,9451.66,2023-06-22 16:05:35,Debit,Atlanta,Online,Engineer,2024-11-04 08:10:27,Senior,1
1.41,53.0,278.0,1.0,1244.17,2023-06-07 17:02:33,Debit,Sacramento,ATM,Retired,2024-11-04 08:12:04,Senior,1
50.52,54.0,293.0,1.0,12815.24,2023-04-06 16:03:23,Debit,Los Angeles,Branch,Doctor,2024-11-04 08:06:58,Senior,2
383.95,31.0,143.0,1.0,9933.56,2023-09-20 17:57:15,Credit,San Diego,Online,Engineer,2024-11-04 08:07:55,Adult,3
12.94,23.0,158.0,1.0,921.23,2023-08-28 17:08:41,Debit,Fresno,Branch,Student,2024-11-04 08:10:32,Young,1
329.75,56.0,211.0,1.0,6009.43,2023-12-25 17:31:53,Debit,Sacramento,Online,Retired,2024-11-04 08:09:57,Senior,3
40.79,18.0,80.0,1.0,1769.33,2023-11-17 16:40:09,Debit,Milwaukee,ATM,Student,2024-11-04 08:11:29,Young,3
99.25,63.0,93.0,1.0,2570.34,2023-06-26 16:53:58,Credit,Phoenix,Online,Retired,2024-11-04 08:07:33,Senior,1
150.6,69.0,59.00000000000001,1.0,3240.14,2023-04-17 17:43:23,Debit,Miami,ATM,Retired,2024-11-04 08:07:30,Senior,2
29.5,73.0,129.0,1.0,1229.32,2023-07-20 18:26:11,Debit,San Antonio,Online,Retired,2024-11-04 08:09:30,Senior,1
54.34,65.0,45.99999999999999,1.0,8019.890000000001,2023-12-25 18:03:33,Debit,Albuquerque,ATM,Doctor,2024-11-04 08:11:47,Senior,3
18.25,53.0,18.0,1.0,14328.29,2023-08-16 16:41:21,Debit,Kansas City,ATM,Doctor,2024-11-04 08:08:43,Senior,1
633.87,27.0,175.0,1.0,330.16,2023-12-08 16:06:14,Debit,Kansas City,Online,Student,2024-11-04 08:09:58,Young,3
81.15,19.0,114.0,1.0,1595.26,2023-02-17 16:28:12,Debit,Miami,ATM,Student,2024-11-04 08:09:07,Young,2
83.95,75.0,170.0,1.0,7413.18,2023-06-14 16:16:25,Debit,New York,Online,Retired,2024-11-04 08:06:37,Senior,1
410.4,61.0,78.0,1.0,2563.91,2023-05-19 16:00:10,Credit,Virginia Beach,ATM,Retired,2024-11-04 08:09:34,Senior,1
172.68,33.0,17.0,1.0,10724.95,2023-02-20 16:07:41,Debit,Baltimore,ATM,Doctor,2024-11-04 08:07:49,Adult,2
139.88,34.0,162.0,1.0,2969.71,2023-01-23 16:05:26,Debit,Colorado Springs,ATM,Engineer,2024-11-04 08:07:25,Adult,2
165.55,28.0,115.0,1.0,761.7799999999999,2023-10-02 18:21:39,Debit,Dallas,Branch,Student,2024-11-04 08:08:55,Young,3
285.69,63.0,35.0,1.0,2552.54,2023-12-06 18:15:42,Debit,Miami,ATM,Retired,2024-11-04 08:07:59,Senior,3
532.4,22.0,149.0,1.0,1033.73,2023-08-24 16:46:58,Debit,Jacksonville,ATM,Student,2024-11-04 08:09:47,Young,1
293.85,25.0,144.0,1.0,1919.97,2023-08-10 16:23:08,Debit,Charlotte,Online,Student,2024-11-04 08:09:31,Young,1
27.94,79.0,120.0,1.0,1893.4399999999998,2023-11-03 18:44:38,Debit,Atlanta,Branch,Retired,2024-11-04 08:08:30,Senior,3
270.36,25.0,37.0,1.0,1783.04,2023-03-03 16:57:11,Debit,Oklahoma City,ATM,Student,2024-11-04 08:07:51,Young,2
506.03000000000003,21.0,21.000000000000004,1.0,1123.89,2023-07-12 16:14:08,Debit,Detroit,Branch,Student,2024-11-04 08:09:26,Young,1
206.95,22.0,30.999999999999996,1.0,1817.65,2023-08-03 16:19:27,Debit,Seattle,Branch,Student,2024-11-04 08:07:36,Young,1
350.96,63.0,167.0,1.0,5463.94,2023-06-08 16:26:48,Debit,Tucson,ATM,Retired,2024-11-04 08:08:03,Senior,1
261.63,20.0,150.0,1.0,477.03,2023-05-29 18:27:43,Debit,Chicago,Branch,Student,2024-11-04 08:09:33,Young,1
46.12,59.0,30.0,1.0,8874.01,2023-06-05 17:28:06,Debit,Fresno,Branch,Doctor,2024-11-04 08:08:32,Senior,1
27.25,63.0,91.99999999999999,1.0,5365.2,2023-03-20 16:02:51,Credit,Kansas City,Branch,Retired,2024-11-04 08:09:28,Senior,2
331.66,76.0,145.0,1.0,7216.3,2023-09-11 17:52:59,Debit,Las Vegas,ATM,Retired,2024-11-04 08:08:23,Senior,3
667.95,62.0,253.0,1.0,13558.56,2023-07-27 17:51:27,Credit,Oklahoma City,ATM,Doctor,2024-11-04 08:08:19,Senior,1
49.84,49.0,146.0,1.0,7872.04,2023-10-13 16:05:10,Debit,Chicago,ATM,Doctor,2024-11-04 08:07:16,Adult,3
556.04,72.0,26.999999999999996,1.0,5200.04,2023-07-10 16:41:50,Debit,Denver,ATM,Retired,2024-11-04 08:07:38,Senior,1
88.06,18.0,288.0,1.0,1779.85,2023-10-27 17:53:06,Credit,Raleigh,Online,Student,2024-11-04 08:09:03,Young,3
745.95,58.0,127.0,1.0,13264.14,2023-12-15 16:38:43,Debit,Memphis,ATM,Doctor,,Senior,3
67.25,19.0,157.0,1.0,467.4,2023-07-03 16:38:45,Debit,Miami,Online,Student,2024-11-04 08:11:37,Young,1
93.63,29.0,141.0,1.0,9873.62,2023-08-21 18:11:41,Debit,New York,ATM,Engineer,2024-11-04 08:09:57,Young,1
74.11,22.0,49.0,1.0,1257.9,2023-07-18 16:05:40,Debit,San Jose,Branch,,2024-11-04 08:09:02,Young,1
41.13,77.0,58.00000000000001,1.0,6067.54,2023-03-27 17:53:15,Credit,Philadelphia,Branch,Retired,2024-11-04 08:10:03,Senior,2
192.02,79.0,154.0,1.0,5169.07,2023-12-19 16:11:38,Credit,Indianapolis,Online,Retired,2024-11-04 08:09:02,Senior,3
291.27,77.0,121.0,1.0,6878.86,2023-06-19 17:58:54,Debit,Detroit,Branch,Retired,2024-11-04 08:10:16,Senior,1
296.46,23.0,136.0,1.0,558.99,2023-11-09 16:11:59,,Dallas,Branch,Student,2024-11-04 08:08:19,Young,3
341.84,27.0,89.0,1.0,1400.04,2023-06-23 16:10:12,Credit,El Paso,Branch,Student,2024-11-04 08:07:42,Young,1
98.41,27.0,48.0,1.0,912.7099999999999,2023-06-12 17:09:42,Debit,Sacramento,Online,Student,2024-11-04 08:08:45,Young,1
27.51,40.0,103.0,1.0,13645.63,2023-09-20 18:16:03,Credit,Columbus,Online,Doctor,2024-11-04 08:06:27,Adult,3
207.71,25.0,63.0,1.0,570.0999999999999,2023-11-16 17:48:55,Credit,Kansas City,Online,,2024-11-04 08:10:55,Young,3
25.77,45.0,277.0,1.0,11749.77,2023-07-17 17:15:21,Credit,San Diego,Online,Doctor,2024-11-04 08:10:33,Adult,1
127.56999999999998,52.0,75.0,1.0,6118.2,2023-02-27 17:17:05,Debit,Nashville,ATM,Retired,2024-11-04 08:10:45,Senior,2
392.05,60.0,172.0,1.0,4383.69,2023-06-19 16:32:01,Debit,Denver,ATM,Engineer,2024-11-04 08:06:25,Senior,1
521.01,41.0,73.0,1.0,4004.55,2023-10-13 17:54:57,Credit,Seattle,Branch,Engineer,2024-11-04 08:07:07,Adult,3
849.76,25.0,269.0,1.0,373.88,2023-08-16 16:28:30,Debit,Seattle,ATM,Student,2024-11-04 08:07:50,Young,1
172.5,68.0,30.999999999999996,1.0,6851.16,2023-11-14 16:23:09,Debit,Columbus,Online,Doctor,2024-11-04 08:11:14,Senior,3
152.34,55.0,115.0,1.0,6853.51,2023-10-12 17:10:20,Debit,Omaha,Branch,Doctor,2024-11-04 08:08:11,Senior,3
21.13,28.0,153.0,1.0,948.7,2023-04-25 16:11:22,Debit,Dallas,Branch,Student,2024-11-04 08:10:17,Young,2
111.55,46.0,101.0,1.0,12221.17,2023-12-28 16:27:12,Debit,Denver,ATM,Doctor,2024-11-04 08:08:09,Adult,3
321.82,32.0,43.0,1.0,6500.5,2023-07-14 16:20:55,Credit,Raleigh,Branch,Engineer,2024-11-04 08:08:22,Adult,1
148.77,67.0,175.0,1.0,2138.42,2023-03-30 18:20:58,Debit,San Jose,Branch,Retired,2024-11-04 08:11:51,Senior,2
14.08,57.0,154.0,1.0,3908.6499999999996,2023-02-06 18:18:26,Debit,,Branch,Retired,2024-11-04 08:08:27,Senior,2
566.33,24.0,66.0,1.0,379.82,2023-08-07 16:39:52,Credit,Charlotte,ATM,Student,2024-11-04 08:07:18,Young,1
206.51,51.0,275.0,1.0,3921.74,2023-12-18 17:09:29,,Indianapolis,ATM,Retired,2024-11-04 08:07:22,Senior,3
180.94,75.0,57.0,1.0,7659.990000000001,2023-07-24 16:41:18,Debit,Raleigh,Branch,Retired,2024-11-04 08:10:34,Senior,1
77.9,21.0,128.0,1.0,664.7199999999999,2023-12-25 17:42:00,Debit,Washington,Branch,Student,2024-11-04 08:08:41,Young,3
318.92,21.0,60.00000000000001,1.0,1167.25,2023-05-19 18:54:32,Credit,Washington,Branch,Student,2024-11-04 08:09:03,Young,1
583.3,59.0,142.0,1.0,5896.01,2023-02-03 16:30:45,Credit,Nashville,Online,Engineer,2024-11-04 08:11:17,Senior,2
100.68,63.0,139.0,1.0,1123.75,2023-01-12 16:44:29,Debit,Memphis,Online,Retired,2024-11-04 08:12:10,Senior,2
589.64,62.0,210.0,1.0,2039.4,2023-09-21 16:05:38,Debit,Charlotte,Online,Retired,2024-11-04 08:11:53,Senior,3
225.93,25.0,199.0,1.0,1864.27,2023-03-13 17:57:47,Credit,Omaha,Branch,Student,2024-11-04 08:08:39,Young,2
651.55,72.0,82.0,1.0,2325.78,2023-03-10 17:34:34,Debit,Phoenix,Online,Retired,2024-11-04 08:09:47,Senior,2
80.97,38.0,157.0,1.0,5926.31,2023-01-09 17:27:58,Debit,Seattle,Online,Doctor,2024-11-04 08:09:06,Adult,2
191.89,25.0,14.0,1.0,399.57,2023-06-27 16:37:04,Debit,San Antonio,Branch,Student,2024-11-04 08:09:55,Young,1
304.75,78.0,125.0,1.0,1916.34,2023-02-27 16:07:57,Credit,Austin,Branch,Retired,2024-11-04 08:07:01,Senior,2
201.53,68.0,287.0,1.0,2732.86,2023-11-06 16:31:43,Debit,Tucson,Online,Retired,2024-11-04 08:12:21,Senior,3
8.45,22.0,141.0,1.0,1115.3,2023-02-10 17:45:34,Debit,Philadelphia,ATM,Student,2024-11-04 08:07:47,Young,2
435.98,30.0,105.0,1.0,7334.08,2023-10-12 16:29:09,Debit,Mesa,Branch,Engineer,2024-11-04 08:11:05,Adult,3
743.24,19.0,109.0,1.0,1024.19,2023-07-07 17:31:07,Credit,Indianapolis,Online,Student,2024-11-04 08:08:46,Young,1
16.27,57.0,44.0,1.0,10971.32,2023-02-13 17:58:45,Debit,Atlanta,ATM,Doctor,2024-11-04 08:09:04,Senior,2
290.86,45.0,36.0,1.0,14631.88,2023-06-05 17:45:07,Debit,Louisville,Online,Doctor,2024-11-04 08:10:45,Adult,1
85.73,41.0,266.0,1.0,14928.35,2023-03-01 16:09:58,Debit,Virginia Beach,ATM,Doctor,2024-11-04 08:08:37,Adult,2
555.71,22.0,73.0,1.0,830.3699999999999,2023-01-23 17:35:42,Credit,Boston,Branch,Student,2024-11-04 08:08:24,Young,2
40.03,23.0,200.00000000000003,1.0,6408.8,2023-01-09 17:17:53,Debit,Omaha,Branch,Student,2024-11-04 08:12:08,Young,2
73.01,25.0,61.99999999999999,1.0,1997.3299999999997,2023-10-18 18:26:25,Credit,Milwaukee,Online,Student,2024-11-04 08:10:12,Young,3
346.12,44.0,12.0,1.0,13084.27,2023-12-29 17:55:30,Debit,San Francisco,Branch,Doctor,2024-11-04 08:11:00,Adult,3
252.92999999999998,75.0,222.0,1.0,2760.37,2023-02-06 16:05:08,Debit,Portland,ATM,Retired,2024-11-04 08:07:53,Senior,2
58.7,67.0,141.0,1.0,8937.35,2023-03-03 16:00:01,Debit,New York,,Doctor,2024-11-04 08:07:12,Senior,2
7.5600000000000005,40.0,145.0,1.0,8528.72,2023-02-06 16:38:45,Debit,Milwaukee,ATM,Doctor,2024-11-04 08:07:19,Adult,2
540.4,45.0,272.0,1.0,425.77,2023-02-22 16:42:17,Debit,Houston,Branch,Doctor,2024-11-04 08:06:52,Adult,2
264.14,64.0,125.0,1.0,8459.26,2023-07-28 17:36:30,Debit,Baltimore,ATM,Doctor,2024-11-04 08:07:21,Senior,1
248.15000000000003,75.0,202.0,1.0,2649.23,2023-06-15 16:41:00,Debit,Milwaukee,ATM,Retired,2024-11-04 08:08:53,Senior,1
24.34,54.0,110.0,1.0,6659.12,2023-11-29 17:15:02,Debit,Raleigh,Branch,Engineer,2024-11-04 08:09:23,Senior,3
428.61,66.0,61.99999999999999,1.0,11937.04,2023-01-09 16:12:00,Debit,Fort Worth,ATM,Doctor,2024-11-04 08:09:42,Senior,2
117.66,39.0,126.0,1.0,6794.17,2023-08-03 18:19:53,Credit,Memphis,Branch,Doctor,2024-11-04 08:07:55,Adult,1
165.8,60.0,287.0,1.0,2064.76,2023-05-04 17:46:15,Debit,Nashville,Online,Engineer,2024-11-04 08:07:57,Senior,2
289.18,65.0,64.0,1.0,3139.75,2023-08-29 16:17:55,Debit,Baltimore,ATM,Retired,2024-11-04 08:11:11,Senior,1
125.38999999999999,21.0,140.0,1.0,202.69,2023-07-31 16:52:24,Debit,Los Angeles,ATM,Student,2024-11-04 08:06:49,Young,1
305.18,58.0,215.99999999999997,1.0,4474.2,2023-06-05 17:48:33,Debit,Chicago,Online,Retired,2024-11-04 08:08:22,Senior,1
506.90000000000003,64.0,56.0,1.0,11471.87,2023-11-01 17:44:46,Credit,Houston,Branch,Doctor,2024-11-04 08:10:09,Senior,3
504.11999999999995,25.0,101.0,1.0,1107.28,2023-04-14 17:35:50,Credit,Baltimore,Branch,Student,2024-11-04 08:10:41,Young,2
42.09,29.0,118.0,1.0,5526.28,2023-01-20 18:31:25,Debit,Denver,Branch,Engineer,2024-11-04 08:06:50,Young,2
607.28,32.0,84.00000000000001,1.0,9679.68,2023-01-23 16:47:11,Debit,Baltimore,ATM,Doctor,2024-11-04 08:10:16,Adult,2
91.9,77.0,125.0,1.0,1033.94,2023-05-15 16:19:03,Debit,Chicago,Online,Retired,2024-11-04 08:10:48,Senior,1
303.43,22.0,30.0,1.0,1833.24,2023-06-06 17:32:57,Debit,Virginia Beach,Branch,Student,2024-11-04 08:08:11,Young,1
668.78,20.0,141.0,1.0,983.6799999999998,2023-10-23 17:25:04,Debit,Mesa,ATM,Student,2024-11-04 08:09:12,Young,3
270.54,20.0,139.0,1.0,269.78,2023-04-03 18:22:02,Credit,Sacramento,ATM,Student,2024-11-04 08:09:42,Young,2
247.93,37.0,79.0,1.0,9801.48,2023-08-14 18:08:27,Debit,Indianapolis,Branch,Engineer,2024-11-04 08:09:24,Adult,1
34.67,19.0,71.0,1.0,888.6,2023-04-25 16:34:55,Debit,Chicago,Online,Student,2024-11-04 08:11:38,Young,2
326.03,18.0,137.0,1.0,290.24,2023-05-09 16:54:49,Credit,New York,Online,Student,2024-11-04 08:11:46,Young,2
148.26,25.0,57.0,1.0,958.7,2023-05-08 17:33:08,Debit,Omaha,ATM,Student,2024-11-04 08:12:13,Young,2
373.99,60.0,140.0,1.0,8590.5,2023-10-23 16:27:20,Debit,Sacramento,ATM,Doctor,2024-11-04 08:07:10,Senior,3
819.48,25.0,26.0,1.0,1804.5,2023-10-05 16:27:27,Debit,Virginia Beach,ATM,Student,2024-11-04 08:08:37,Young,3
14.0,49.0,173.0,1.0,7975.179999999999,2023-09-06 16:24:45,Debit,San Antonio,ATM,Engineer,2024-11-04 08:09:26,Adult,1
57.16,40.0,74.0,1.0,222.22,2023-06-15 18:45:38,Debit,Columbus,ATM,Engineer,2024-11-04 08:08:46,Adult,1
282.26,37.0,278.0,1.0,6857.2,2023-06-26 16:55:17,Debit,Memphis,Online,Engineer,2024-11-04 08:08:20,Adult,1
473.2,34.0,173.0,1.0,248.52,2023-08-07 16:02:07,Debit,Houston,Online,Doctor,2024-11-04 08:10:30,Adult,1
192.97,59.0,140.0,1.0,3019.04,2023-03-13 16:10:01,Debit,Sacramento,ATM,Retired,2024-11-04 08:06:34,Senior,2
168.99,18.0,203.0,1.0,1523.57,2023-05-01 18:38:15,Debit,Baltimore,ATM,Student,2024-11-04 08:10:01,Young,2
1.8200000000000003,80.0,60.00000000000001,1.0,5571.39,2023-04-13 17:35:38,Debit,San Francisco,Online,Retired,2024-11-04 08:09:18,Senior,2
40.9,55.0,37.0,1.0,1514.34,2023-06-01 18:27:12,Debit,Charlotte,ATM,Doctor,2024-11-04 08:11:02,Senior,1
78.91,61.0,157.0,1.0,1817.43,2023-03-01 17:07:06,Debit,Sacramento,Online,Doctor,2024-11-04 08:10:43,Senior,2
169.97,22.0,12.0,1.0,6269.12,2023-12-07 17:33:16,Credit,San Diego,ATM,Student,2024-11-04 08:09:12,Young,3
486.61,48.0,130.0,1.0,2006.69,2023-11-28 16:17:29,Credit,Sacramento,ATM,Engineer,2024-11-04 08:06:34,Adult,3
148.13,58.0,56.0,1.0,2189.38,2023-03-17 16:34:52,Debit,Phoenix,Branch,Retired,2024-11-04 08:07:00,Senior,2
164.52,61.0,162.0,1.0,11036.74,2023-12-25 16:11:46,Debit,Dallas,ATM,Doctor,2024-11-04 08:11:17,Senior,3
720.89,27.0,120.0,1.0,447.06,2023-12-18 17:10:48,Debit,Indianapolis,ATM,Student,2024-11-04 08:10:01,Young,3
268.7,53.0,63.0,1.0,2104.74,2023-10-03 16:16:01,Debit,Milwaukee,ATM,Retired,2024-11-04 08:06:40,Senior,3
637.34,51.0,278.0,1.0,5183.5,2023-09-01 16:19:43,Debit,Indianapolis,ATM,Retired,2024-11-04 08:09:55,Senior,1
216.76,47.0,138.0,1.0,643.6399999999999,2023-11-09 17:26:27,Credit,Omaha,Online,Engineer,2024-11-04 08:09:35,Adult,3
418.02,46.0,110.0,1.0,11011.86,2023-06-06 17:56:44,Debit,Los Angeles,ATM,Doctor,2024-11-04 08:06:33,Adult,1
292.03,46.0,154.0,1.0,951.3300000000002,2023-09-04 16:20:20,Credit,Memphis,ATM,Engineer,2024-11-04 08:07:11,Adult,1
251.4,57.0,178.0,1.0,2561.67,2023-07-05 16:52:09,Debit,Tucson,ATM,Retired,2024-11-04 08:11:03,Senior,1
184.56,21.0,93.0,1.0,1549.27,2023-11-30 16:07:36,Debit,Virginia Beach,Online,Student,2024-11-04 08:06:41,Young,3
33.76,26.0,227.0,1.0,3253.51,2023-01-16 17:39:25,Debit,Seattle,Online,Engineer,2024-11-04 08:08:48,Young,2
138.68,22.0,44.0,1.0,206.2,2023-06-14 16:06:24,Credit,Colorado Springs,Branch,Student,2024-11-04 08:08:39,Young,1
42.56,18.0,146.0,1.0,4361.44,2023-07-31 16:25:38,Debit,Fresno,Online,Student,2024-11-04 08:07:12,Young,1
680.76,21.0,165.0,1.0,572.97,2023-02-27 16:38:41,Debit,,Branch,Student,2024-11-04 08:09:04,Young,2
53.83,70.0,131.0,1.0,4580.59,2023-05-31 17:21:07,Debit,Baltimore,Branch,Retired,2024-11-04 08:11:45,Senior,1
11.09,51.0,95.0,1.0,2990.05,2023-10-31 16:54:40,Debit,Charlotte,Branch,Engineer,2024-11-04 08:10:21,Senior,3
37.81,63.0,195.0,1.0,5208.98,2023-07-24 16:44:34,Debit,,Branch,Retired,2024-11-04 08:11:06,Senior,1
449.18,67.0,50.00000000000001,1.0,1025.99,2023-12-25 17:01:44,Debit,Denver,Online,Retired,2024-11-04 08:09:23,Senior,3
297.6,39.0,162.0,1.0,1461.17,2023-10-03 16:48:49,Debit,Milwaukee,Online,Doctor,2024-11-04 08:09:49,Adult,3
683.75,32.0,106.0,1.0,6333.72,2023-02-20 18:56:31,Debit,Las Vegas,Branch,Doctor,2024-11-04 08:07:48,Adult,2
21.4,48.0,129.0,1.0,8551.6,2023-02-13 16:14:00,Credit,,Online,Engineer,2024-11-04 08:12:21,Adult,2
315.94,78.0,93.0,1.0,4273.99,2023-09-29 18:23:17,Debit,Omaha,ATM,Retired,2024-11-04 08:06:28,Senior,3
223.76,74.0,110.0,1.0,4102.23,2023-08-11 16:02:33,Credit,Boston,Branch,Retired,2024-11-04 08:10:57,Senior,1
216.03,42.0,300.0,1.0,10462.77,2023-10-27 18:28:05,Debit,Boston,ATM,Doctor,2024-11-04 08:09:44,Adult,3
17.42,74.0,150.0,1.0,6851.31,2023-11-08 17:24:54,Debit,Dallas,ATM,Retired,2024-11-04 08:12:14,Senior,3
491.91,78.0,155.0,1.0,2421.94,2023-01-09 17:15:18,Debit,Milwaukee,Online,Retired,2024-11-04 08:09:09,Senior,2
350.11,74.0,178.0,1.0,4639.04,,Credit,Raleigh,Online,Retired,2024-11-04 08:08:12,Senior,3
218.07,23.0,243.0,1.0,443.62,2023-11-06 18:42:53,Debit,Austin,Branch,Student,2024-11-04 08:06:31,Young,3
422.14,26.0,109.0,1.0,1436.32,2023-11-17 17:31:06,Credit,Albuquerque,Branch,Student,2024-11-04 08:07:24,Young,3
613.21,61.0,157.0,1.0,3279.12,2023-03-15 17:45:31,Debit,Tucson,ATM,Retired,2024-11-04 08:10:22,Senior,2
73.83,69.0,69.00000000000001,1.0,6020.29,2023-01-05 18:29:09,Debit,Las Vegas,Online,Doctor,2024-11-04 08:06:50,Senior,2
67.33,59.0,36.0,1.0,5925.98,2023-04-13 18:15:52,Debit,Detroit,Online,Engineer,2024-11-04 08:07:11,Senior,2
26.92,62.0,43.0,1.0,1674.94,2023-05-18 18:15:02,Debit,Indianapolis,ATM,Retired,2024-11-04 08:07:16,Senior,1
18.3,48.0,155.0,1.0,3733.5200000000004,2023-02-13 16:21:46,Debit,Mesa,Online,Engineer,2024-11-04 08:08:03,Adult,2
317.94,54.0,123.99999999999999,1.0,2996.51,2023-01-25 17:46:40,Debit,Los Angeles,ATM,Engineer,2024-11-04 08:11:41,Senior,2
179.38,40.0,173.0,1.0,11666.18,2023-03-13 17:16:57,Debit,Mesa,Online,Doctor,2024-11-04 08:10:30,Adult,2
13.92,37.0,209.0,1.0,2735.84,2023-05-29 17:30:14,Debit,Los Angeles,ATM,Engineer,2024-11-04 08:09:58,Adult,1
365.43,25.0,176.0,1.0,1073.51,2023-11-23 16:51:06,Debit,Portland,ATM,Student,2024-11-04 08:09:24,Young,3
263.59,71.0,16.0,1.0,6996.35,2023-01-23 16:03:04,Debit,Dallas,Branch,Retired,2024-11-04 08:12:00,Senior,2
54.8,34.0,140.0,1.0,4943.49,2023-06-01 16:15:49,Debit,Albuquerque,Branch,Engineer,2024-11-04 08:08:57,Adult,1
141.49,24.0,75.0,1.0,1665.58,2023-09-20 16:57:04,,Baltimore,Online,Student,,Young,3
31.389999999999997,20.0,15.0,1.0,998.4900000000001,2023-01-09 17:09:31,Debit,Tucson,ATM,Student,2024-11-04 08:06:27,Young,2
93.82,39.0,176.0,1.0,8422.06,2023-06-26 17:37:20,Debit,,Online,Engineer,2024-11-04 08:11:15,Adult,1
5.71,21.0,106.0,1.0,1285.42,2023-12-01 17:35:32,Debit,Tucson,Branch,Student,2024-11-04 08:10:30,Young,3
178.39,34.0,98.0,1.0,8469.43,2023-08-15 18:22:03,Debit,Tucson,Online,Engineer,2024-11-04 08:09:32,Adult,1
126.91,22.0,42.00000000000001,1.0,692.6899999999999,2023-08-23 16:04:43,Debit,,ATM,Student,2024-11-04 08:08:11,Young,1
36.09,53.0,167.0,1.0,12319.26,2023-06-16 16:19:02,Debit,Columbus,Branch,Doctor,2024-11-04 08:07:59,Senior,1
91.77,51.0,174.0,1.0,9240.73,2023-03-15 17:39:11,Debit,Omaha,Branch,Doctor,2024-11-04 08:07:12,Senior,2
198.92,36.0,100.00000000000001,1.0,2854.66,2023-10-23 16:47:56,Debit,,Online,Engineer,2024-11-04 08:10:19,Adult,3
137.81,58.0,44.0,1.0,2631.47,2023-10-26 16:52:14,Debit,Detroit,Branch,Engineer,2024-11-04 08:07:40,Senior,3
136.88,24.0,71.0,1.0,7465.950000000001,2023-07-18 17:41:52,Credit,Memphis,Branch,Student,2024-11-04 08:10:54,Young,1
133.07,21.0,155.0,1.0,1670.99,2023-09-13 16:22:48,Debit,Sacramento,Branch,Student,2024-11-04 08:08:41,Young,3
1.14,43.0,137.0,1.0,13913.92,2023-10-23 16:15:08,Debit,Indianapolis,Branch,Doctor,2024-11-04 08:11:37,Adult,3
256.34,69.0,99.0,1.0,7471.630000000001,2023-08-21 16:42:02,Debit,Kansas City,Branch,Retired,2024-11-04 08:07:03,Senior,1
56.11,36.0,109.0,1.0,11123.65,2023-03-27 17:25:28,Debit,Boston,Branch,Doctor,2024-11-04 08:06:58,Adult,2
118.1,50.0,50.00000000000001,1.0,7976.6,2023-09-25 16:07:30,Debit,Fort Worth,ATM,Engineer,2024-11-04 08:12:07,Senior,3
137.86,66.0,120.0,1.0,8046.939999999999,2023-08-28 16:16:57,Credit,Sacramento,Online,Doctor,2024-11-04 08:11:15,Senior,1
813.78,54.0,55.0,1.0,14935.500000000002,2023-08-07 17:42:03,Credit,Atlanta,ATM,Doctor,2024-11-04 08:08:31,Senior,1
237.97,69.0,69.00000000000001,1.0,13486.15,2023-01-09 17:26:46,Debit,Columbus,ATM,Doctor,2024-11-04 08:06:37,Senior,2
684.96,21.0,30.999999999999996,1.0,526.67,2023-01-09 16:19:47,Debit,Mesa,ATM,Student,2024-11-04 08:07:05,Young,2
878.63,60.0,139.0,1.0,4954.37,2023-04-06 16:59:33,Debit,Columbus,ATM,Engineer,2024-11-04 08:07:05,Senior,2
276.56,68.0,15.0,1.0,8942.58,2023-04-10 17:26:14,Debit,Austin,Branch,Doctor,2024-11-04 08:08:57,Senior,2
8.75,79.0,199.0,1.0,4044.6199999999994,2023-06-15 16:10:51,Debit,Louisville,ATM,Retired,2024-11-04 08:10:17,Senior,1
637.48,65.0,207.0,1.0,4148.85,2023-09-18 16:27:52,Debit,Colorado Springs,Online,Retired,2024-11-04 08:08:09,Senior,3
103.15,51.0,179.0,1.0,11388.15,2023-08-30 17:56:47,Debit,San Diego,Branch,Doctor,2024-11-04 08:07:27,Senior,1
505.59999999999997,52.0,183.0,1.0,5347.57,2023-02-14 17:56:46,Debit,Denver,Branch,Retired,2024-11-04 08:10:09,Senior,2
371.86,46.0,91.0,1.0,1329.45,2023-02-20 17:28:57,Debit,Miami,ATM,Doctor,2024-11-04 08:08:19,Adult,2
14.26,50.0,37.0,1.0,2475.65,2023-11-27 17:04:28,Debit,Virginia Beach,Branch,Engineer,2024-11-04 08:09:14,Senior,3
13.16,43.0,98.0,1.0,1019.46,2023-05-01 17:36:10,Debit,Mesa,Branch,Engineer,2024-11-04 08:10:30,Adult,2
73.01,56.0,101.0,1.0,2833.12,2023-05-09 17:02:28,Debit,Houston,ATM,Retired,2024-11-04 08:09:48,Senior,1
201.5,61.0,196.0,1.0,12148.32,2023-07-14 18:11:41,Credit,Dallas,Online,Doctor,2024-11-04 08:08:48,Senior,1
150.3,41.0,204.0,1.0,14371.08,2023-08-07 17:25:53,Debit,Las Vegas,Online,Doctor,2024-11-04 08:08:30,Adult,1
23.7,46.0,32.0,1.0,7947.439999999999,2023-10-26 17:51:32,Debit,San Francisco,ATM,Doctor,2024-11-04 08:11:44,Adult,3
49.59,48.0,147.0,1.0,6037.03,2023-08-25 16:45:20,Debit,Boston,Branch,Engineer,2024-11-04 08:09:56,Adult,1
720.13,22.0,96.0,1.0,387.02,2023-02-14 17:58:31,Credit,Omaha,ATM,Student,2024-11-04 08:07:31,Young,2
134.92,19.0,101.0,1.0,1081.97,2023-10-31 16:46:18,Debit,Los Angeles,Online,Student,2024-11-04 08:09:40,Young,3
116.97,18.0,299.0,1.0,729.7,2023-07-12 16:52:54,Debit,Oklahoma City,ATM,Student,2024-11-04 08:08:24,Young,1
88.29,50.0,287.0,1.0,5245.93,2023-01-20 16:46:06,Credit,Houston,Online,Engineer,2024-11-04 08:09:17,Senior,2
5.81,25.0,222.0,1.0,1290.95,2023-06-23 17:36:28,Debit,Houston,ATM,Student,2024-11-04 08:08:02,Young,1
103.48,32.0,33.0,1.0,6494.25,2023-01-30 16:04:17,Debit,Baltimore,ATM,Engineer,2024-11-04 08:09:34,Adult,2
156.74,70.0,136.0,1.0,4004.35,2023-02-24 18:22:31,Debit,Oklahoma City,ATM,Retired,2024-11-04 08:08:30,Senior,2
505.14,68.0,179.0,1.0,2525.47,2023-01-03 17:33:54,Debit,Portland,ATM,Retired,2024-11-04 08:11:16,Senior,2
31.060000000000002,46.0,61.00000000000001,1.0,11014.25,2023-11-20 16:59:13,Debit,Kansas City,ATM,Doctor,2024-11-04 08:07:24,Adult,3
7.610000000000001,50.0,163.0,1.0,6275.0,2023-09-21 18:13:38,Debit,Atlanta,ATM,Doctor,2024-11-04 08:08:10,Senior,3
276.16,53.0,71.0,1.0,1733.34,2023-02-13 16:14:17,Credit,Portland,ATM,Retired,2024-11-04 08:11:57,Senior,2
145.77,68.0,237.0,1.0,5294.98,2023-04-05 16:08:13,Debit,Memphis,ATM,Retired,2024-11-04 08:11:25,Senior,2
369.44,34.0,18.999999999999996,1.0,5018.67,2023-11-20 17:11:02,Debit,Detroit,Online,Engineer,2024-11-04 08:08:32,Adult,3
558.86,60.0,95.0,1.0,9844.32,2023-03-15 17:27:37,Debit,Austin,ATM,Doctor,2024-11-04 08:11:19,Senior,2
429.15,26.0,218.0,1.0,712.1299999999999,2023-03-09 16:21:09,Debit,Las Vegas,Branch,Student,2024-11-04 08:11:30,Young,2
36.74,33.0,133.0,1.0,6217.58,2023-02-06 17:21:37,Debit,Tucson,Branch,Doctor,2024-11-04 08:07:57,Adult,2
79.14,57.0,22.0,1.0,2229.56,2023-04-12 17:21:31,Credit,Portland,Online,Retired,2024-11-04 08:08:52,Senior,2
132.48,36.0,101.0,1.0,9313.05,2023-08-09 18:38:49,Debit,Charlotte,Branch,Engineer,2024-11-04 08:07:12,Adult,1
203.76,55.0,37.0,1.0,6747.16,2023-10-02 16:33:09,Debit,Colorado Springs,Branch,Retired,2024-11-04 08:09:45,Senior,3
750.95,78.0,26.999999999999996,1.0,5134.37,2023-09-08 18:16:31,Debit,Chicago,Branch,Retired,2024-11-04 08:11:09,Senior,1
0.84,52.0,30.999999999999996,1.0,2207.54,2024-01-01 16:45:56,Debit,Austin,ATM,Engineer,2024-11-04 08:07:14,Senior,3
257.18,67.0,28.0,1.0,13336.15,2023-07-10 17:00:03,Debit,Los Angeles,Online,Doctor,2024-11-04 08:10:15,Senior,1
767.66,63.0,155.0,1.0,1801.69,2023-05-08 17:44:34,Debit,San Jose,ATM,Doctor,2024-11-04 08:12:04,Senior,2
182.29,54.0,123.0,1.0,522.39,2023-05-10 16:55:57,Debit,San Diego,Online,Doctor,2024-11-04 08:08:24,Senior,1
184.51,54.0,118.0,1.0,9381.64,2023-09-04 16:34:53,Credit,Portland,Online,Doctor,2024-11-04 08:09:30,Senior,1
144.1,57.0,30.0,1.0,11523.64,2023-07-07 17:24:42,Debit,Chicago,Branch,Doctor,2024-11-04 08:10:03,Senior,1
72.5,40.0,30.0,1.0,12723.62,2023-04-10 17:48:18,Debit,Fort Worth,ATM,Doctor,2024-11-04 08:11:48,Adult,2
22.15,44.0,73.0,1.0,7451.83,2023-05-03 16:26:08,Debit,Denver,Branch,Doctor,2024-11-04 08:11:03,Adult,2
777.92,62.0,97.0,1.0,7061.58,2023-06-12 18:56:58,Debit,Austin,Branch,Doctor,2024-11-04 08:09:32,Senior,1
790.07,28.0,197.0,1.0,985.7700000000001,2023-05-26 17:32:29,Debit,Miami,Online,Student,2024-11-04 08:10:46,Young,1
406.33,59.0,103.0,1.0,4298.34,,Credit,Miami,Branch,Engineer,2024-11-04 08:07:41,Senior,3
767.41,56.0,26.999999999999996,1.0,12799.34,2023-09-07 16:28:19,Debit,Fort Worth,ATM,Doctor,2024-11-04 08:08:55,Senior,1
4.58,21.0,135.0,1.0,811.2399999999999,2023-10-19 16:13:30,Credit,Atlanta,Online,Student,2024-11-04 08:06:26,Young,3
49.67,21.0,146.0,1.0,842.94,2023-02-20 18:48:52,Debit,Atlanta,Online,Student,2024-11-04 08:08:23,Young,2
77.83,49.0,146.0,1.0,2471.53,2023-12-27 16:40:01,Credit,Kansas City,Branch,Engineer,2024-11-04 08:10:31,Adult,3
702.87,19.0,183.99999999999997,1.0,1237.5,2023-06-07 17:06:21,Debit,Washington,ATM,Student,2024-11-04 08:11:14,Young,1
133.56,25.0,177.0,1.0,783.8299999999999,2023-01-24 18:43:06,Debit,,Online,Student,2024-11-04 08:06:58,Young,2
868.05,49.0,119.0,1.0,3931.03,2023-01-12 16:35:36,Credit,San Diego,Online,Engineer,2024-11-04 08:09:57,Adult,2
52.87,24.0,70.0,1.0,960.96,2023-03-31 17:25:22,Debit,Indianapolis,Branch,Student,2024-11-04 08:11:49,Young,2
179.0,78.0,121.0,1.0,7310.88,2023-09-06 16:01:35,Debit,Houston,ATM,Retired,2024-11-04 08:10:18,Senior,1
384.11,58.0,12.0,1.0,7902.5199999999995,2023-05-15 16:35:43,Debit,Fort Worth,ATM,Retired,2024-11-04 08:06:36,Senior,1
227.61,71.0,61.00000000000001,1.0,4405.28,2023-08-07 16:16:26,Debit,Houston,Online,Retired,2024-11-04 08:07:41,Senior,1
40.83,48.0,24.0,1.0,3944.12,2023-08-16 16:40:51,Debit,Indianapolis,ATM,Engineer,2024-11-04 08:12:04,Adult,1
19.76,20.0,240.0,1.0,1523.04,2023-03-31 17:50:09,Debit,Nashville,ATM,Student,,Young,2
484.24,67.0,77.0,1.0,8042.299999999999,2023-05-29 16:40:15,Debit,Raleigh,Branch,Doctor,2024-11-04 08:06:44,Senior,1
301.47,21.0,291.0,1.0,560.73,2023-01-26 16:13:15,Debit,Colorado Springs,Branch,Student,2024-11-04 08:09:25,Young,2
199.09,70.0,89.0,1.0,1658.52,2023-05-19 16:54:16,Debit,Detroit,Online,Doctor,2024-11-04 08:08:46,Senior,1
38.95,27.0,50.00000000000001,1.0,731.52,2023-10-18 16:44:17,Debit,Los Angeles,Online,Engineer,,Young,3
515.94,29.0,37.0,1.0,1389.89,2023-12-22 16:42:33,Debit,San Francisco,ATM,Engineer,2024-11-04 08:11:10,Young,3
41.93,48.0,136.0,1.0,5081.26,2023-02-13 16:44:18,Debit,Fresno,ATM,Engineer,2024-11-04 08:06:24,Adult,2
95.35,21.0,131.0,1.0,1639.9,2023-07-26 16:27:19,Debit,Chicago,Online,Student,2024-11-04 08:07:22,Young,1
93.14,67.0,151.0,1.0,5473.82,2023-01-02 16:47:11,Debit,Memphis,Online,Retired,2024-11-04 08:07:53,Senior,2
79.33,51.0,109.0,1.0,14798.1,2023-12-06 16:10:00,Credit,Las Vegas,Online,Doctor,2024-11-04 08:07:06,Senior,3
233.71,19.0,297.0,1.0,1231.98,2023-03-13 17:30:20,Debit,Jacksonville,Online,Student,2024-11-04 08:12:09,Young,2
14.92,26.0,120.0,1.0,6611.26,2023-05-22 16:51:28,Debit,Las Vegas,Branch,Engineer,2024-11-04 08:07:33,Young,1
242.17,60.0,147.0,1.0,883.7199999999999,2023-06-08 16:28:29,Debit,Jacksonville,ATM,Doctor,2024-11-04 08:10:41,Senior,1
122.98,79.0,228.0,1.0,5055.99,2023-07-24 16:15:58,Debit,Jacksonville,Online,Retired,2024-11-04 08:09:50,Senior,1
129.35,52.0,130.0,1.0,7166.88,2023-08-28 16:31:48,Debit,Las Vegas,ATM,Engineer,2024-11-04 08:09:41,Senior,1
138.33,21.0,69.00000000000001,1.0,232.56,2023-07-07 17:58:29,Debit,Dallas,Online,Student,2024-11-04 08:09:17,Young,1
39.31,25.0,178.0,1.0,1236.38,2023-10-30 17:24:55,Debit,Portland,Online,Student,2024-11-04 08:06:47,Young,3
91.85,21.0,148.0,1.0,802.09,2023-10-16 16:50:31,Debit,Seattle,Online,Student,2024-11-04 08:12:14,Young,3
277.7,58.0,107.0,1.0,1423.2,2023-06-22 16:38:46,Debit,Nashville,Branch,Engineer,2024-11-04 08:11:43,Senior,1
114.03,51.0,172.0,1.0,13388.56,2023-11-24 16:30:21,Debit,Portland,ATM,Doctor,2024-11-04 08:11:42,Senior,3
302.63,27.0,10.0,1.0,2801.28,2023-02-28 17:24:26,Credit,San Jose,Branch,Engineer,2024-11-04 08:07:17,Young,2
31.19,52.0,74.0,1.0,5545.96,2023-04-25 16:23:59,Debit,Charlotte,ATM,Engineer,2024-11-04 08:09:33,Senior,2
112.91,27.0,135.0,1.0,4764.48,2023-11-15 18:04:22,Credit,Tucson,Online,Engineer,2024-11-04 08:09:36,Young,3
742.26,27.0,36.0,1.0,7868.189999999999,2023-06-20 17:04:02,Debit,San Diego,Online,Engineer,2024-11-04 08:10:01,Young,1
256.8,26.0,80.0,1.0,1128.38,2023-02-24 16:49:51,Debit,Charlotte,ATM,Student,2024-11-04 08:09:22,Young,2
378.68,60.0,239.0,1.0,7627.04,2023-01-06 17:23:59,Debit,Fort Worth,ATM,Doctor,2024-11-04 08:07:11,Senior,2
571.93,52.0,119.0,1.0,4026.0300000000007,2023-09-20 17:44:37,Debit,Washington,Online,Retired,2024-11-04 08:06:42,Senior,3
26.31,77.0,163.0,1.0,7095.76,2023-08-11 16:38:16,Credit,Austin,Online,Retired,2024-11-04 08:06:54,Senior,1
533.61,48.0,115.0,1.0,3656.93,2023-12-20 16:17:11,Debit,Mesa,Online,Engineer,2024-11-04 08:11:43,Adult,3
428.62,55.0,72.0,1.0,3473.24,2023-06-05 16:02:04,Debit,Raleigh,Branch,Retired,2024-11-04 08:10:24,Senior,1
361.22,64.0,167.0,1.0,7061.73,2023-04-17 17:58:55,Debit,Raleigh,ATM,Retired,2024-11-04 08:10:24,Senior,2
837.29,25.0,215.99999999999997,1.0,6012.67,2023-11-27 16:14:25,Debit,Phoenix,Branch,Student,2024-11-04 08:07:12,Young,3
117.25,31.0,73.0,1.0,13694.68,2023-04-03 16:35:30,Credit,Atlanta,Online,Doctor,2024-11-04 08:08:29,Adult,2
135.27,48.0,131.0,1.0,9410.51,2023-08-10 16:16:41,Debit,Atlanta,ATM,Doctor,2024-11-04 08:09:32,Adult,1
185.1,53.0,22.999999999999996,1.0,6115.63,2023-08-08 16:21:01,Debit,Albuquerque,Branch,Retired,2024-11-04 08:10:41,Senior,1
113.54,38.0,273.0,1.0,5581.21,2023-09-22 16:42:46,Debit,Columbus,Online,Engineer,2024-11-04 08:08:45,Adult,3
354.96,69.0,96.0,1.0,6712.94,2023-11-29 16:27:38,Debit,Fort Worth,Online,Doctor,2024-11-04 08:08:19,Senior,3
224.22,53.0,37.0,1.0,8400.87,2023-01-23 18:45:00,Debit,Fresno,Branch,Doctor,2024-11-04 08:12:18,Senior,2
737.1,60.0,91.99999999999999,1.0,4644.19,2023-07-19 16:11:01,Debit,Washington,ATM,Retired,2024-11-04 08:11:08,Senior,1
223.22,27.0,96.0,1.0,1734.22,2023-07-17 16:20:27,Debit,Fort Worth,ATM,Student,2024-11-04 08:08:15,Young,1
557.26,69.0,53.00000000000001,1.0,5237.12,2023-10-04 17:06:57,Debit,San Jose,ATM,Doctor,2024-11-04 08:09:49,Senior,3
27.44,62.0,164.0,1.0,5950.48,2023-11-06 17:23:43,Debit,Boston,ATM,Retired,2024-11-04 08:08:43,Senior,3
310.09,36.0,166.0,1.0,9962.5,2023-11-24 16:49:29,Debit,Detroit,Branch,Doctor,2024-11-04 08:10:52,Adult,3
80.38,52.0,116.00000000000001,1.0,9662.88,2023-03-06 16:25:52,Debit,Kansas City,Online,Doctor,2024-11-04 08:09:54,Senior,2
26.1,66.0,115.0,1.0,5243.0,2023-12-01 17:45:05,Credit,Detroit,Branch,Doctor,2024-11-04 08:10:24,Senior,3
845.14,73.0,183.0,1.0,1702.65,2023-01-09 16:21:35,Credit,Oklahoma City,Branch,Retired,2024-11-04 08:11:10,Senior,2
59.73,27.0,56.0,1.0,800.93,2023-05-22 16:38:39,Debit,Fresno,ATM,Student,2024-11-04 08:10:10,Young,1
758.77,60.0,114.0,1.0,7231.47,2023-06-23 16:12:15,Debit,San Antonio,ATM,Engineer,2024-11-04 08:08:24,Senior,1
301.51,22.0,284.0,1.0,1052.31,2023-02-24 16:33:33,Debit,Charlotte,ATM,Student,2024-11-04 08:11:09,Young,2
418.03,58.0,161.0,1.0,10721.29,2023-09-04 17:46:40,Debit,Austin,,Doctor,2024-11-04 08:08:43,Senior,1
118.06,32.0,30.999999999999996,1.0,13560.63,2023-05-24 17:07:57,Credit,Las Vegas,Branch,Doctor,2024-11-04 08:07:10,Adult,1
483.92,70.0,115.0,1.0,3138.0,2023-10-16 18:57:30,Debit,New York,ATM,Retired,2024-11-04 08:06:59,Senior,3
78.93,38.0,145.0,1.0,9916.24,2023-02-17 16:41:31,Debit,Mesa,ATM,Doctor,2024-11-04 08:12:17,Adult,2
36.63,75.0,261.0,1.0,7941.73,2023-05-04 17:02:55,Debit,Miami,ATM,Retired,2024-11-04 08:07:35,Senior,2
87.85,49.0,63.0,1.0,3753.2400000000002,2023-12-13 17:25:54,Debit,Colorado Springs,Branch,Engineer,2024-11-04 08:07:16,Adult,3
705.34,59.0,123.99999999999999,1.0,5003.22,2023-09-12 18:52:56,Debit,Washington,Online,Doctor,2024-11-04 08:12:18,Senior,3
116.89,71.0,226.0,1.0,4880.31,2023-11-20 16:31:15,Debit,Columbus,Online,Retired,2024-11-04 08:06:37,Senior,3
106.41,57.0,87.0,1.0,1310.38,2023-01-16 16:37:34,Debit,Los Angeles,Branch,Retired,2024-11-04 08:07:01,Senior,2
584.41,23.0,41.0,1.0,4475.22,2023-01-02 16:51:47,Debit,Las Vegas,ATM,Student,2024-11-04 08:11:29,Young,2
584.98,55.0,121.0,1.0,6521.05,2023-06-12 16:25:22,Credit,Chicago,Branch,Retired,2024-11-04 08:07:59,Senior,1
79.21,56.0,140.0,1.0,1615.04,2023-11-24 17:52:34,Debit,Colorado Springs,Branch,Retired,2024-11-04 08:07:01,Senior,3
173.13,20.0,288.0,1.0,1490.34,2023-10-05 16:46:31,Credit,Atlanta,Online,Student,2024-11-04 08:07:24,Young,3
335.7,80.0,57.0,1.0,6601.44,2023-01-30 17:47:41,Debit,El Paso,ATM,,2024-11-04 08:10:11,Senior,2
422.81,28.0,193.0,1.0,1929.2799999999997,2023-11-20 16:07:20,Debit,Los Angeles,Branch,Student,2024-11-04 08:10:28,Young,3
135.43,57.0,91.99999999999999,1.0,5315.83,2023-10-06 16:14:51,Debit,San Jose,ATM,Retired,2024-11-04 08:08:57,Senior,3
584.88,26.0,121.0,1.0,548.45,,Debit,Philadelphia,ATM,Student,2024-11-04 08:11:03,Young,3
308.94,25.0,167.0,1.0,1931.6599999999999,2023-04-03 16:35:29,Debit,Los Angeles,Online,Student,2024-11-04 08:07:47,Young,2
295.93,36.0,117.0,1.0,1050.63,2023-02-20 17:26:39,Debit,Boston,Branch,Doctor,2024-11-04 08:09:56,Adult,2
77.44,58.0,268.0,1.0,1950.63,2023-06-26 16:28:59,Debit,Washington,Branch,Retired,2024-11-04 08:10:59,Senior,1
92.5,40.0,70.0,1.0,6295.45,2023-09-25 16:22:10,Credit,Seattle,Online,Engineer,2024-11-04 08:08:25,Adult,3
97.74,41.0,137.0,1.0,4113.63,2023-09-04 16:46:29,Credit,Los Angeles,Online,Engineer,2024-11-04 08:07:15,Adult,1
291.68,21.0,90.0,1.0,1451.02,2023-08-07 18:07:57,Debit,Columbus,ATM,Student,2024-11-04 08:11:59,Young,1
56.96,22.0,135.0,1.0,1597.85,2023-06-26 17:38:30,Debit,Albuquerque,ATM,Student,2024-11-04 08:07:18,Young,1
436.8,27.0,91.99999999999999,1.0,1256.33,2023-07-03 16:15:11,Debit,Seattle,Online,Student,2024-11-04 08:10:00,Young,1
259.49,72.0,292.0,1.0,7320.61,2023-06-09 16:31:56,Debit,Austin,Online,Retired,2024-11-04 08:07:31,Senior,1
726.26,57.0,147.0,1.0,2150.38,2023-02-13 17:13:49,Debit,Omaha,Online,Retired,2024-11-04 08:06:49,Senior,2
568.68,72.0,101.0,1.0,2940.04,2023-04-25 18:47:16,Debit,Houston,ATM,Retired,2024-11-04 08:08:39,Senior,2
77.57,49.0,225.0,1.0,12801.93,2023-12-13 17:02:21,Debit,Atlanta,Online,,2024-11-04 08:07:54,Adult,3
14.16,74.0,290.0,1.0,5399.76,2023-01-09 16:49:07,Credit,Oklahoma City,Branch,Retired,2024-11-04 08:10:20,Senior,2
61.330000000000005,27.0,129.0,1.0,7537.400000000001,2023-09-20 18:18:00,Debit,Raleigh,ATM,Engineer,2024-11-04 08:06:27,Young,3
27.64,54.0,22.999999999999996,1.0,7498.509999999999,2023-06-09 17:14:26,Debit,New York,Online,Engineer,2024-11-04 08:08:22,Senior,1
3.85,29.0,32.0,1.0,10506.41,2023-04-17 16:27:27,Debit,San Jose,ATM,Doctor,2024-11-04 08:08:51,Young,2
431.22,73.0,129.0,1.0,6505.98,2023-04-21 16:25:49,Credit,Austin,Branch,Retired,2024-11-04 08:07:30,Senior,2
178.55,55.0,67.0,1.0,7568.400000000001,2023-12-15 16:16:30,Debit,Houston,Branch,Engineer,2024-11-04 08:12:21,Senior,3
248.76,18.0,56.0,1.0,546.46,2023-05-24 16:12:18,Debit,Denver,ATM,Student,2024-11-04 08:06:33,Young,1
76.16,23.0,99.0,1.0,1072.25,2023-11-21 16:45:29,Debit,San Francisco,ATM,Student,2024-11-04 08:12:04,Young,3
347.25,69.0,250.0,1.0,7273.55,2023-01-30 18:49:52,Debit,Indianapolis,ATM,Doctor,2024-11-04 08:08:01,Senior,2
325.98,19.0,277.0,1.0,782.35,2023-07-20 16:58:39,Debit,Washington,ATM,Student,2024-11-04 08:08:23,Young,1
249.56000000000003,76.0,246.0,1.0,4444.95,2023-11-20 16:05:05,Debit,New York,Branch,Retired,2024-11-04 08:11:08,Senior,3
17.43,56.0,33.0,1.0,10658.88,2023-02-23 16:21:38,Debit,Albuquerque,ATM,Doctor,2024-11-04 08:08:36,Senior,2
198.01,26.0,40.0,1.0,250.93000000000004,2023-04-24 17:46:41,Credit,Austin,Branch,Student,2024-11-04 08:10:09,Young,2
585.58,23.0,55.0,1.0,1729.02,2023-09-04 16:13:40,Debit,Raleigh,Branch,Student,2024-11-04 08:09:16,Young,1
434.67,27.0,123.99999999999999,1.0,1298.13,2023-12-05 18:33:02,Credit,Virginia Beach,Online,Student,2024-11-04 08:10:09,Young,3
510.7,27.0,294.0,1.0,5828.48,2023-06-07 16:35:27,Credit,Nashville,Online,Student,2024-11-04 08:07:57,Young,1
331.98,74.0,12.0,1.0,7600.99,2023-08-28 16:40:01,Debit,Denver,ATM,Retired,2024-11-04 08:09:26,Senior,1
199.54,56.0,268.0,1.0,9603.73,2023-10-10 17:24:33,Debit,Portland,Online,Engineer,2024-11-04 08:10:49,Senior,3
212.97,59.0,178.0,1.0,4180.4,2023-11-14 16:56:34,Debit,Atlanta,Online,Engineer,2024-11-04 08:10:42,Senior,3
270.56,23.0,139.0,1.0,1268.44,2023-02-17 16:57:32,Debit,Philadelphia,Online,Student,2024-11-04 08:08:05,Young,2
306.37,26.0,120.0,1.0,9609.67,2023-06-27 18:26:08,Debit,Colorado Springs,ATM,Engineer,2024-11-04 08:07:43,Young,1
643.02,38.0,85.0,1.0,11989.39,2023-10-02 17:47:19,Credit,Detroit,ATM,Doctor,2024-11-04 08:07:01,Adult,3
98.48,47.0,12.0,1.0,9538.92,2023-02-16 17:14:41,Debit,Miami,Branch,Engineer,2024-11-04 08:11:29,Adult,2
889.01,36.0,169.0,1.0,4826.88,2023-08-29 17:55:07,Debit,Virginia Beach,Online,Engineer,2024-11-04 08:11:23,Adult,1
537.86,27.0,134.0,1.0,293.06,2023-09-19 16:44:21,Debit,Kansas City,Online,Student,2024-11-04 08:09:27,Young,3
241.18,25.0,162.0,1.0,1445.53,2023-05-30 18:29:15,Debit,Mesa,ATM,Student,2024-11-04 08:06:56,Young,1
130.54,64.0,94.0,1.0,11204.62,2023-04-05 17:20:36,Debit,Atlanta,ATM,Doctor,2024-11-04 08:09:50,Senior,2
800.29,20.0,84.00000000000001,1.0,693.4,2023-12-04 16:25:27,Credit,San Diego,Branch,Student,2024-11-04 08:11:42,Young,3
8.81,57.0,165.0,1.0,13523.65,2023-05-22 16:57:30,Debit,Dallas,Online,Doctor,2024-11-04 08:09:40,Senior,1
28.52,20.0,163.0,1.0,662.51,2023-06-02 16:54:12,Debit,Detroit,ATM,Student,2024-11-04 08:08:28,Young,1
431.31,23.0,99.0,1.0,342.73,2023-05-01 16:18:16,Credit,Atlanta,Online,Student,2024-11-04 08:09:29,Young,2
885.33,47.0,59.00000000000001,1.0,7764.159999999999,2023-08-22 18:41:50,Credit,Raleigh,ATM,Engineer,2024-11-04 08:10:03,Adult,1
199.23,29.0,53.99999999999999,1.0,9834.0,2023-09-04 16:04:27,Debit,Tucson,ATM,Engineer,2024-11-04 08:07:46,Young,1
42.26,44.0,171.0,1.0,268.77,2023-10-26 16:19:25,Debit,Raleigh,ATM,Doctor,2024-11-04 08:09:35,Adult,3
166.06,30.0,172.0,1.0,5397.68,2023-07-14 16:06:06,Debit,Indianapolis,ATM,Engineer,2024-11-04 08:07:04,Adult,1
357.72,53.0,25.000000000000004,1.0,7659.500000000001,2023-08-07 17:29:48,Debit,Miami,ATM,Retired,2024-11-04 08:11:19,Senior,1
588.37,28.0,284.0,1.0,1926.0799999999997,2023-01-05 17:48:29,Debit,Dallas,Online,Student,2024-11-04 08:07:39,Young,2
72.82,68.0,127.0,1.0,6911.62,2023-11-10 16:50:35,Debit,Houston,Online,Doctor,2024-11-04 08:06:49,Senior,3
162.36,36.0,147.0,1.0,7527.040000000001,2023-11-22 16:10:32,Debit,Tucson,Online,Engineer,2024-11-04 08:09:02,Adult,3
584.82,43.0,109.0,1.0,12071.1,2023-10-17 16:11:26,Credit,Nashville,Online,Doctor,2024-11-04 08:09:47,Adult,3
38.15,72.0,129.0,1.0,1425.47,2023-10-06 16:37:16,Credit,Oklahoma City,Online,Retired,2024-11-04 08:12:23,Senior,3
477.54,23.0,52.00000000000001,1.0,1598.63,2023-08-21 17:20:05,Credit,San Francisco,ATM,Student,2024-11-04 08:06:48,Young,1
639.57,60.0,43.0,1.0,11726.47,2023-12-18 16:25:18,Debit,Philadelphia,Branch,Doctor,2024-11-04 08:12:02,Senior,3
58.23,28.0,34.0,1.0,9189.76,2023-07-26 17:25:23,Debit,Phoenix,Online,Student,2024-11-04 08:09:59,Young,1
776.21,78.0,99.0,1.0,4895.87,2023-02-22 17:15:20,Credit,Raleigh,Online,Retired,2024-11-04 08:06:38,Senior,2
188.61,67.0,26.0,1.0,7167.57,2024-01-01 17:16:23,Debit,Boston,Online,Retired,2024-11-04 08:06:23,Senior,3
675.37,56.0,30.999999999999996,1.0,4704.91,2023-12-29 16:45:06,Credit,Jacksonville,Online,Retired,2024-11-04 08:11:11,Senior,3
94.82,67.0,56.0,1.0,1267.72,2023-03-21 16:36:30,Credit,Columbus,Branch,Retired,2024-11-04 08:12:17,Senior,2
425.18,59.0,135.0,1.0,5790.55,2023-02-20 16:16:39,Credit,Fresno,Online,Engineer,2024-11-04 08:11:26,Senior,2
50.28,60.0,65.0,1.0,5729.1,2023-02-02 16:20:28,Debit,Oklahoma City,Branch,Engineer,2024-11-04 08:06:46,Senior,2
70.68,25.0,105.0,1.0,1478.41,2023-11-22 17:01:08,Debit,El Paso,Online,Student,2024-11-04 08:10:55,Young,3
261.77,28.0,45.99999999999999,1.0,824.7099999999999,2023-01-12 18:07:21,Debit,Chicago,Online,Student,2024-11-04 08:11:48,Young,2
183.22,27.0,63.0,1.0,1024.42,2023-10-05 18:40:15,Debit,Milwaukee,ATM,Student,2024-11-04 08:07:27,Young,3
156.86,51.0,102.0,1.0,14453.35,2023-01-30 16:37:53,Debit,Charlotte,ATM,Doctor,2024-11-04 08:10:27,Senior,2
120.67,42.0,233.0,1.0,5374.54,2023-12-25 18:16:39,Debit,Colorado Springs,ATM,Doctor,2024-11-04 08:12:08,Adult,3
308.62,59.0,101.0,1.0,9148.08,2023-10-06 18:59:06,Credit,Sacramento,Branch,Engineer,2024-11-04 08:06:47,Senior,3
506.81,59.0,41.0,1.0,2757.23,2023-12-20 16:17:24,Debit,Milwaukee,ATM,Engineer,2024-11-04 08:08:00,Senior,3
328.39,41.0,107.99999999999999,1.0,2523.83,2023-11-09 16:47:01,Debit,New York,ATM,Engineer,2024-11-04 08:11:57,Adult,3
796.3,67.0,64.0,1.0,1498.79,2023-03-22 16:03:01,Debit,Austin,Branch,Retired,2024-11-04 08:08:32,Senior,2
72.47,29.0,72.0,1.0,1305.56,2023-10-17 18:02:43,Debit,Boston,Online,Doctor,2024-11-04 08:11:10,Young,3
279.6,25.0,131.0,1.0,1910.9000000000003,2023-05-31 16:28:06,Debit,Fort Worth,ATM,Student,2024-11-04 08:06:53,Young,1
304.2,25.0,102.0,1.0,423.64,2023-06-08 16:06:13,Debit,Indianapolis,Online,Student,2024-11-04 08:10:19,Young,1
351.38,64.0,21.000000000000004,1.0,7606.63,2023-06-26 18:41:55,Debit,New York,Branch,Retired,2024-11-04 08:06:32,Senior,1
86.07,31.0,22.999999999999996,1.0,842.5599999999998,2023-11-20 18:40:45,Debit,Dallas,Branch,Doctor,2024-11-04 08:12:19,Adult,3
604.5,28.0,80.0,1.0,709.4199999999998,2023-08-08 18:39:24,Debit,Portland,ATM,Student,2024-11-04 08:06:32,Young,1
258.7,27.0,123.0,1.0,1358.37,2023-02-22 17:12:15,Debit,Charlotte,ATM,Student,2024-11-04 08:06:36,Young,2
11.46,75.0,64.0,1.0,7258.33,2023-01-31 17:14:32,Credit,Austin,Branch,Retired,2024-11-04 08:08:10,Senior,2
63.75999999999999,69.0,100.00000000000001,1.0,4980.26,2023-06-27 17:44:24,Debit,San Antonio,ATM,Retired,2024-11-04 08:10:22,Senior,1
446.83,55.0,143.0,1.0,1623.5,2023-06-26 18:51:31,Credit,Miami,Branch,Retired,2024-11-04 08:09:33,Senior,1
63.540000000000006,26.0,136.0,1.0,4401.78,2023-05-22 18:23:18,Debit,Dallas,ATM,Engineer,2024-11-04 08:07:31,Young,1
81.11,48.0,110.0,1.0,2051.37,2023-10-16 18:07:26,Debit,Charlotte,Online,Engineer,2024-11-04 08:07:46,Adult,3
170.96,64.0,69.00000000000001,1.0,13374.89,2023-12-28 16:46:46,Debit,Washington,Branch,Doctor,2024-11-04 08:06:53,Senior,3
48.51,22.0,69.00000000000001,1.0,3363.23,2023-01-09 17:22:18,Debit,Austin,Branch,Student,2024-11-04 08:10:53,Young,2
325.03,60.0,106.0,1.0,13521.76,2023-01-11 17:04:19,Debit,Jacksonville,Branch,Doctor,2024-11-04 08:10:08,Senior,2
125.83,57.0,138.0,1.0,6109.86,2023-05-29 17:14:03,Debit,Los Angeles,,Retired,2024-11-04 08:11:30,Senior,1
506.83,37.0,45.0,1.0,9975.79,2023-04-24 17:27:12,Debit,Indianapolis,,Engineer,2024-11-04 08:07:31,Adult,2
738.94,41.0,173.0,1.0,13856.18,2023-10-09 18:54:21,Debit,Philadelphia,Branch,Doctor,2024-11-04 08:08:51,Adult,3
180.36,33.0,55.0,1.0,9905.23,2023-05-30 16:12:10,Credit,Oklahoma City,Online,Engineer,2024-11-04 08:06:40,Adult,1
225.1,28.0,35.0,1.0,1547.71,2023-12-11 17:28:44,Debit,Boston,ATM,Student,,Young,3
359.51,79.0,157.0,1.0,7153.72,2023-11-30 18:08:39,Debit,Charlotte,,Retired,2024-11-04 08:12:11,Senior,3
720.46,54.0,44.0,1.0,3101.54,2023-12-07 16:10:40,Debit,Tucson,Branch,Retired,2024-11-04 08:08:35,Senior,3
291.46,57.0,135.0,1.0,7142.53,2023-02-08 16:29:56,Debit,Miami,ATM,Retired,2024-11-04 08:10:03,Senior,2
98.24,28.0,148.0,1.0,580.66,2023-04-10 17:58:46,Debit,Mesa,Online,Student,2024-11-04 08:08:58,Young,2
100.48,18.0,104.0,1.0,6149.81,2023-02-17 16:53:25,Credit,Milwaukee,Branch,Student,2024-11-04 08:12:12,Young,2
45.9,56.0,264.0,1.0,5698.25,2023-07-04 18:55:57,Debit,Columbus,Branch,Engineer,2024-11-04 08:07:45,Senior,1
258.21,39.0,225.0,1.0,9562.41,2023-11-27 17:19:31,Debit,San Antonio,Online,Doctor,2024-11-04 08:10:11,Adult,3
287.51,22.0,255.0,1.0,187.65,2023-05-22 16:57:31,Debit,El Paso,Online,Student,2024-11-04 08:08:19,Young,1
501.29999999999995,26.0,146.0,1.0,8520.08,2023-05-22 18:27:37,Credit,San Antonio,Online,Engineer,2024-11-04 08:08:07,Young,1
26.1,27.0,32.0,1.0,1435.72,2023-02-17 16:21:21,Debit,Mesa,ATM,Student,2024-11-04 08:07:09,Young,2
436.77,20.0,176.0,1.0,825.69,2023-09-28 16:14:49,Debit,Jacksonville,ATM,Student,2024-11-04 08:09:11,Young,3
292.38,68.0,224.0,1.0,5803.89,2023-05-15 16:49:14,,Baltimore,ATM,Doctor,2024-11-04 08:09:42,Senior,1
25.29,50.0,125.0,1.0,5374.69,2023-07-27 18:34:19,Debit,Miami,Online,,2024-11-04 08:06:44,Senior,1
123.34999999999998,31.0,10.0,1.0,6852.16,2023-08-11 17:00:56,Credit,Baltimore,Online,Doctor,2024-11-04 08:09:58,Adult,1
139.52,23.0,30.999999999999996,1.0,1570.22,2023-09-22 18:02:42,Debit,Portland,Branch,Student,2024-11-04 08:08:00,Young,3
51.2,18.0,83.0,1.0,730.6,2023-03-13 18:45:47,Debit,Tucson,Online,Student,2024-11-04 08:06:44,Young,2
161.38,24.0,101.0,1.0,3900.3399999999997,2023-11-09 16:06:17,Credit,Colorado Springs,Online,Student,2024-11-04 08:10:55,Young,3
2.51,63.0,32.0,1.0,4891.56,2023-04-17 16:04:21,Debit,Baltimore,Online,Retired,2024-11-04 08:11:22,Senior,2
22.62,64.0,102.0,1.0,7682.0,2023-05-10 16:35:02,Debit,Virginia Beach,ATM,Doctor,2024-11-04 08:11:17,Senior,1
126.83000000000001,57.0,39.0,1.0,6100.98,2023-02-20 16:40:25,Debit,Austin,Branch,Retired,2024-11-04 08:10:31,Senior,2
46.6,55.0,68.00000000000001,1.0,1562.9,2023-08-30 17:54:55,Debit,Detroit,Online,Doctor,2024-11-04 08:06:23,Senior,1
243.8,57.0,48.0,1.0,13732.81,2023-01-03 16:42:41,Debit,San Francisco,Branch,Doctor,2024-11-04 08:10:09,Senior,2
231.51,60.0,96.0,1.0,5790.7,2023-08-28 17:22:16,Credit,Oklahoma City,Branch,Retired,2024-11-04 08:12:09,Senior,1
175.05,39.0,34.0,1.0,1447.35,2023-01-02 17:05:16,Debit,,Online,Engineer,2024-11-04 08:08:09,Adult,2
762.74,64.0,244.0,1.0,207.1,2023-05-02 17:24:54,Debit,Los Angeles,ATM,Doctor,2024-11-04 08:06:39,Senior,2
34.03,57.0,37.99999999999999,1.0,3077.2,2023-05-22 17:09:30,Debit,Los Angeles,Branch,Engineer,2024-11-04 08:09:59,Senior,1
15.950000000000001,25.0,52.00000000000001,1.0,1983.0,2023-03-14 17:10:00,Debit,Raleigh,Branch,Student,2024-11-04 08:11:39,Young,2
101.51,46.0,199.0,1.0,3052.47,2023-03-23 16:17:51,Credit,Tucson,Online,Engineer,2024-11-04 08:11:54,Adult,2
309.42,27.0,42.00000000000001,1.0,8564.46,2023-10-18 16:51:31,Debit,Fresno,Branch,Engineer,2024-11-04 08:10:21,Young,3
257.6,59.0,293.0,1.0,7950.74,2023-12-18 16:30:46,Credit,Fort Worth,Online,Retired,2024-11-04 08:09:57,Senior,3
746.78,21.0,64.0,1.0,1699.81,2023-11-27 16:29:16,Credit,,Branch,Student,2024-11-04 08:07:44,Young,3
82.01,23.0,156.0,1.0,287.46,2023-12-25 17:27:57,Credit,Sacramento,Branch,Student,2024-11-04 08:07:14,Young,3
476.99,23.0,187.0,1.0,1154.48,2023-01-10 16:00:32,Debit,San Diego,Online,Student,2024-11-04 08:10:10,Young,2
320.11,23.0,130.0,1.0,4076.4799999999996,,Debit,El Paso,Branch,Student,2024-11-04 08:07:38,Young,3
333.39,68.0,35.0,1.0,10628.59,2023-09-11 16:36:59,Debit,Philadelphia,ATM,Doctor,2024-11-04 08:08:37,Senior,3
10.3,47.0,197.0,1.0,7801.32,2023-12-07 16:59:06,Debit,Fresno,ATM,Engineer,2024-11-04 08:10:12,Adult,3
416.55,33.0,73.0,1.0,922.9599999999999,2023-05-05 17:31:53,Debit,Oklahoma City,Online,Engineer,,Adult,2
98.95,75.0,73.0,1.0,5670.82,2023-12-29 17:37:37,Debit,Mesa,Branch,Retired,2024-11-04 08:07:52,Senior,3
18.14,58.0,48.0,1.0,6020.85,2023-02-17 18:46:59,Credit,Milwaukee,ATM,Retired,2024-11-04 08:11:08,Senior,2
215.13,46.0,114.0,1.0,3956.6899999999996,2023-01-05 16:02:42,Debit,Charlotte,Online,Engineer,2024-11-04 08:08:16,Adult,2
218.57,62.0,102.0,1.0,13869.86,2023-10-16 16:30:38,Credit,Memphis,Branch,Doctor,2024-11-04 08:08:19,Senior,3
341.88,43.0,89.0,1.0,4159.52,2023-06-14 16:34:43,Debit,Austin,ATM,Engineer,2024-11-04 08:11:00,Adult,1
691.92,19.0,61.00000000000001,1.0,1084.65,2023-07-10 16:37:18,Debit,Boston,Online,Student,2024-11-04 08:12:13,Young,1
50.43,32.0,51.00000000000001,1.0,9794.26,2023-07-10 16:06:28,Debit,San Jose,Branch,Doctor,2024-11-04 08:09:10,Adult,1
440.43,78.0,22.999999999999996,1.0,5123.24,2023-09-21 17:41:34,Debit,Colorado Springs,Branch,Retired,2024-11-04 08:07:52,Senior,3
299.03,39.0,52.00000000000001,1.0,1381.28,2023-01-19 17:27:01,Debit,Columbus,Branch,Engineer,2024-11-04 08:10:02,Adult,2
1.98,66.0,170.0,1.0,11619.1,2023-12-25 17:41:33,Debit,Seattle,ATM,Doctor,2024-11-04 08:10:47,Senior,3
173.45,31.0,161.0,1.0,9077.62,2023-12-25 16:25:43,Debit,Philadelphia,ATM,Engineer,2024-11-04 08:07:11,Adult,3
438.76,22.0,73.0,1.0,1824.19,2023-02-13 16:48:50,Debit,San Antonio,Branch,Student,2024-11-04 08:11:13,Young,2
519.62,71.0,40.0,1.0,4159.33,2023-11-23 17:42:11,Credit,Washington,Online,Retired,2024-11-04 08:06:37,Senior,3
738.68,50.0,123.99999999999999,1.0,14352.33,2023-03-07 16:36:08,Debit,Chicago,Online,Doctor,2024-11-04 08:11:40,Senior,2
151.14,64.0,37.99999999999999,1.0,2156.54,2023-06-01 16:18:49,Debit,Memphis,Online,Retired,2024-11-04 08:11:40,Senior,1
75.77,51.0,148.0,1.0,8361.7,2023-08-07 17:48:31,Debit,Charlotte,Branch,Engineer,2024-11-04 08:09:47,Senior,1
444.52,27.0,17.0,1.0,5424.6,2023-04-04 16:11:34,Debit,Louisville,Online,Engineer,2024-11-04 08:06:58,Young,2
5.29,52.0,276.0,1.0,11263.89,2023-03-08 18:51:57,Debit,Indianapolis,Online,Doctor,2024-11-04 08:09:14,Senior,2
97.63,48.0,127.0,1.0,12467.31,2023-05-15 16:05:06,Credit,Milwaukee,Online,Doctor,2024-11-04 08:11:10,Adult,1
256.95,26.0,71.0,1.0,2531.24,2023-05-04 16:37:21,Debit,San Diego,Branch,Engineer,2024-11-04 08:08:10,Young,2
734.86,48.0,290.0,1.0,6242.03,2023-12-08 16:36:30,Credit,Boston,Branch,Engineer,2024-11-04 08:08:49,Adult,3
84.28,39.0,142.0,1.0,13586.06,2023-06-12 17:09:17,Debit,Memphis,Branch,Doctor,2024-11-04 08:07:40,Adult,1
202.49,48.0,69.00000000000001,1.0,7447.099999999999,2023-12-28 16:30:32,Credit,Virginia Beach,ATM,Engineer,2024-11-04 08:08:28,Adult,3
154.99,25.0,53.00000000000001,1.0,1419.31,2023-08-28 17:07:08,Debit,Mesa,Branch,Student,2024-11-04 08:08:06,Young,1
481.53,58.0,277.0,1.0,6142.54,2023-09-12 17:21:48,Debit,Atlanta,Branch,Retired,2024-11-04 08:11:54,Senior,3
172.92,20.0,212.0,1.0,416.37,2023-08-28 16:56:05,Debit,Miami,Online,Student,2024-11-04 08:08:14,Young,1
275.59,53.0,238.0,1.0,6313.22,2023-10-10 16:49:03,Credit,Philadelphia,Branch,Retired,2024-11-04 08:10:12,Senior,3
207.2,60.0,133.0,1.0,8092.9400000000005,2024-01-01 16:12:32,Debit,Columbus,Online,Engineer,2024-11-04 08:06:23,Senior,3
136.82,31.0,14.0,1.0,6229.13,2023-08-25 18:24:06,Debit,Chicago,Branch,Engineer,2024-11-04 08:08:03,Adult,1
26.3,32.0,33.0,1.0,7473.73,2023-12-12 16:57:29,Debit,Virginia Beach,ATM,Doctor,2024-11-04 08:09:28,Adult,3
319.5,29.0,69.00000000000001,1.0,2366.3,2023-06-09 16:03:24,Credit,Virginia Beach,Branch,Engineer,2024-11-04 08:10:45,Young,1
182.42,51.0,137.0,1.0,3051.29,2023-03-22 16:59:56,Debit,Kansas City,Branch,Retired,2024-11-04 08:10:41,Senior,2
716.62,44.0,241.0,1.0,6987.4,2023-04-10 16:04:28,Debit,Atlanta,ATM,Doctor,2024-11-04 08:10:05,Adult,2
222.96,65.0,150.0,1.0,7370.41,2023-03-23 17:26:31,Credit,Fresno,ATM,Doctor,2024-11-04 08:12:21,Senior,2
79.77,68.0,167.0,1.0,5010.31,2023-01-23 16:50:55,Debit,San Francisco,ATM,Retired,2024-11-04 08:08:44,Senior,2
592.24,52.0,140.0,1.0,9817.05,2023-10-16 16:49:07,Debit,Tucson,ATM,Doctor,2024-11-04 08:07:20,Senior,3
200.19,52.0,107.99999999999999,1.0,4389.96,2023-07-18 18:11:40,Credit,San Antonio,Branch,Retired,2024-11-04 08:12:17,Senior,1
297.5,73.0,80.0,1.0,6768.14,2023-03-27 17:16:41,Credit,Kansas City,Branch,Retired,2024-11-04 08:07:49,Senior,2
345.86,51.0,145.0,1.0,1504.64,2023-11-20 16:41:44,,Omaha,ATM,Retired,2024-11-04 08:09:26,Senior,3
343.88,63.0,97.0,1.0,6486.18,2023-12-11 16:37:20,Debit,Nashville,Online,Retired,2024-11-04 08:12:01,Senior,3
16.52,25.0,135.0,1.0,835.5299999999999,2023-01-04 17:00:58,Credit,Boston,Online,Student,2024-11-04 08:07:28,Young,2
162.1,41.0,151.0,1.0,8576.65,2023-12-06 17:34:01,Debit,Milwaukee,Branch,Engineer,2024-11-04 08:08:09,Adult,3
36.12,22.0,234.0,1.0,1593.03,2023-11-29 17:55:07,Debit,Houston,Online,Student,2024-11-04 08:08:11,Young,3
354.91,74.0,191.0,1.0,3872.5500000000006,2023-12-18 16:33:07,Debit,Boston,ATM,Retired,2024-11-04 08:09:08,Senior,3
38.41,40.0,117.0,1.0,9129.68,2023-04-11 16:06:20,Debit,Denver,ATM,Doctor,2024-11-04 08:07:27,Adult,2
53.52,49.0,55.0,1.0,2227.49,2023-03-31 16:18:37,Debit,San Diego,Branch,Engineer,2024-11-04 08:08:36,Adult,2
13.3,23.0,63.0,1.0,213.0,2023-06-06 16:36:30,Debit,San Antonio,ATM,Student,2024-11-04 08:09:17,Young,1
189.65,21.0,60.00000000000001,1.0,8457.09,2023-09-25 16:32:45,Debit,Charlotte,ATM,Student,2024-11-04 08:11:01,Young,3
255.32,80.0,26.999999999999996,1.0,6290.62,2023-09-13 16:14:04,Debit,Baltimore,ATM,Retired,2024-11-04 08:07:29,Senior,3
230.51,51.0,56.0,1.0,9522.37,2023-02-17 18:01:18,Credit,Memphis,Branch,Engineer,2024-11-04 08:10:49,Senior,2
237.74,61.0,151.99999999999997,1.0,11795.12,2023-06-12 18:51:29,Debit,Tucson,ATM,Doctor,2024-11-04 08:10:26,Senior,1
512.76,52.0,26.0,1.0,5121.36,2023-04-11 16:37:54,Debit,Fresno,ATM,Doctor,2024-11-04 08:07:06,Senior,2
151.37,54.0,53.00000000000001,1.0,8356.08,2023-04-03 16:55:21,Debit,Baltimore,ATM,Engineer,2024-11-04 08:08:41,Senior,2
85.01,25.0,157.0,1.0,1299.4,2023-01-23 18:35:43,Credit,Portland,ATM,Student,2024-11-04 08:08:58,Young,2
444.47,57.0,61.00000000000001,1.0,6062.94,2023-01-16 16:15:57,Debit,San Jose,Online,Retired,2024-11-04 08:10:42,Senior,2
55.98,24.0,87.0,1.0,7047.04,2023-09-25 16:41:04,Credit,Kansas City,Branch,Student,2024-11-04 08:12:04,Young,3
54.91,41.0,275.0,1.0,7927.2699999999995,2023-02-13 16:08:58,Credit,Columbus,ATM,Engineer,2024-11-04 08:07:25,Adult,2
393.74,26.0,90.0,1.0,1769.06,2023-12-04 18:11:56,Debit,Charlotte,Online,Student,2024-11-04 08:06:52,Young,3
58.94,30.0,26.0,1.0,4575.98,,Debit,Miami,Online,Engineer,2024-11-04 08:08:38,Adult,3
515.57,27.0,56.0,1.0,9269.67,2023-01-02 17:26:34,Debit,Columbus,ATM,Engineer,2024-11-04 08:06:54,Young,2
332.15,59.0,105.0,1.0,9749.46,2023-10-16 17:12:32,Debit,Dallas,ATM,Doctor,2024-11-04 08:07:16,Senior,3
177.94,19.0,173.0,1.0,123.23999999999998,2023-09-26 16:08:25,Debit,Milwaukee,Online,Student,2024-11-04 08:11:29,Young,3
68.68,49.0,141.0,1.0,4718.51,2023-09-18 16:15:19,Debit,Sacramento,,Engineer,2024-11-04 08:06:27,Adult,3
240.03,33.0,30.999999999999996,1.0,7807.73,2023-02-27 17:25:09,Debit,Atlanta,Online,Engineer,2024-11-04 08:09:41,Adult,2
168.34,64.0,240.0,1.0,7483.01,2023-06-27 18:14:30,Debit,Phoenix,ATM,Retired,2024-11-04 08:11:10,Senior,1
474.77,46.0,284.0,1.0,8494.53,2023-10-06 18:26:45,Debit,Boston,Online,Engineer,2024-11-04 08:06:24,Adult,3
451.7,29.0,103.0,1.0,8994.67,2023-03-01 16:56:01,Debit,Chicago,Online,Engineer,2024-11-04 08:10:51,Young,2
243.84999999999997,39.0,43.0,1.0,4576.78,2023-12-20 16:41:44,Debit,Omaha,Branch,Engineer,2024-11-04 08:08:53,Adult,3
5.76,38.0,164.0,1.0,5859.79,2023-08-28 17:13:52,Debit,Houston,Branch,,2024-11-04 08:09:21,Adult,1
435.08,55.0,78.0,1.0,2103.41,2023-07-24 16:01:27,Debit,San Francisco,Online,Engineer,2024-11-04 08:11:15,Senior,1
127.78,20.0,170.0,1.0,1046.66,2023-04-25 16:41:32,Debit,Miami,ATM,Student,2024-11-04 08:10:26,Young,2
23.14,47.0,93.0,1.0,10536.54,2023-11-15 17:23:40,Credit,Mesa,Online,Doctor,2024-11-04 08:09:21,Adult,3
545.87,27.0,41.0,1.0,4860.01,2023-01-02 16:31:28,Debit,Miami,Branch,Engineer,2024-11-04 08:09:44,Young,2
21.21,55.0,37.0,1.0,9575.42,2023-12-04 16:20:16,Debit,Nashville,Online,Engineer,2024-11-04 08:07:18,Senior,3
423.53,50.0,81.0,1.0,5453.4,2023-08-10 17:08:52,Credit,Kansas City,Branch,Doctor,2024-11-04 08:07:23,Senior,1
142.1,18.0,109.0,1.0,1545.64,2023-06-08 17:08:06,Credit,San Francisco,Online,,2024-11-04 08:11:56,Young,1
114.15,19.0,52.00000000000001,1.0,1612.4,2023-02-21 16:47:54,Debit,Atlanta,ATM,Student,2024-11-04 08:08:38,Young,2
275.98,72.0,67.0,1.0,6151.05,2023-12-15 16:04:20,Credit,Washington,Online,Retired,2024-11-04 08:07:16,Senior,3
590.68,27.0,22.999999999999996,1.0,852.1999999999999,2023-09-25 16:56:21,Debit,Washington,Branch,Student,2024-11-04 08:09:15,Young,3
152.42,42.0,176.0,1.0,9141.79,2023-10-23 16:45:37,Debit,San Jose,ATM,Doctor,2024-11-04 08:12:18,Adult,3
395.77,43.0,118.0,1.0,6425.99,2023-02-27 16:24:11,Credit,El Paso,Branch,Doctor,2024-11-04 08:08:17,Adult,2
615.16,26.0,140.0,1.0,214.61,2023-02-06 16:40:27,Debit,Boston,Online,Student,2024-11-04 08:06:37,Young,2
207.82,19.0,30.0,1.0,229.02,2023-02-28 16:34:45,Credit,Las Vegas,Online,Student,2024-11-04 08:07:02,Young,2
220.52,57.0,151.99999999999997,1.0,1793.09,2023-06-07 16:07:22,Debit,Seattle,ATM,Retired,2024-11-04 08:07:19,Senior,1
281.47,34.0,142.0,1.0,4437.48,2023-08-18 17:02:15,Debit,Philadelphia,ATM,Engineer,2024-11-04 08:11:13,Adult,1
57.91,58.0,97.0,1.0,3641.06,2023-11-28 16:45:08,Credit,Sacramento,Branch,Engineer,2024-11-04 08:07:03,Senior,3
30.48,32.0,78.0,1.0,11481.85,2023-12-04 16:27:11,Credit,Seattle,Branch,Doctor,2024-11-04 08:07:38,Adult,3
424.47,22.0,116.00000000000001,1.0,5491.55,2023-02-27 16:05:35,Debit,Oklahoma City,Online,Student,2024-11-04 08:08:43,Young,2
228.4,67.0,116.00000000000001,1.0,9598.43,2023-01-05 16:22:12,Debit,Omaha,ATM,Doctor,2024-11-04 08:09:36,Senior,2
67.17,63.0,48.0,1.0,14410.44,2023-07-03 18:03:48,Debit,Seattle,Online,Doctor,2024-11-04 08:08:55,Senior,1
284.89,53.0,115.0,1.0,9738.6,2023-12-18 17:53:03,Debit,Atlanta,Online,Doctor,2024-11-04 08:06:51,Senior,3
118.69,33.0,296.0,1.0,749.3399999999999,2023-02-13 18:36:21,Debit,Omaha,Online,Doctor,2024-11-04 08:10:00,Adult,2
221.33,27.0,276.0,1.0,1185.43,2023-10-18 18:17:05,Debit,Louisville,ATM,Student,2024-11-04 08:09:51,Young,3
252.31,26.0,172.0,1.0,1584.6,2023-03-29 16:10:33,Credit,Seattle,ATM,Student,2024-11-04 08:12:07,Young,2
58.85,71.0,115.0,1.0,1789.8,2023-05-15 17:15:25,Credit,Milwaukee,Online,Retired,2024-11-04 08:06:34,Senior,1
194.68,32.0,165.0,1.0,14494.18,,Debit,Memphis,Online,Doctor,2024-11-04 08:11:54,Adult,3
433.53,38.0,231.0,1.0,6368.32,2023-10-19 17:06:57,Debit,Philadelphia,Branch,Doctor,2024-11-04 08:09:08,Adult,3
178.26,59.0,59.00000000000001,1.0,1137.13,2023-10-16 16:55:59,Debit,Oklahoma City,ATM,Retired,2024-11-04 08:08:51,Senior,3
237.0,49.0,115.0,1.0,14021.4,2023-02-10 16:50:10,Debit,Tucson,Online,Doctor,2024-11-04 08:08:13,Adult,2
347.63,25.0,272.0,1.0,1400.04,2023-12-13 16:41:13,Credit,Chicago,Online,Student,2024-11-04 08:08:39,Young,3
517.68,31.0,24.0,1.0,11305.81,2023-04-05 17:52:24,Debit,Omaha,ATM,Doctor,2024-11-04 08:08:06,Adult,2
36.25,52.0,75.99999999999999,1.0,193.06,2023-11-27 18:28:57,Debit,Tucson,Branch,Doctor,2024-11-04 08:10:09,Senior,3
46.53,42.0,34.0,1.0,4468.12,2023-06-22 17:27:50,Debit,San Francisco,ATM,Engineer,2024-11-04 08:07:22,Adult,1
207.47,53.0,12.0,1.0,1688.9,2023-10-02 18:57:19,Debit,Miami,ATM,Doctor,2024-11-04 08:07:01,Senior,3
199.7,43.0,285.0,1.0,7574.449999999999,2023-04-03 18:41:57,Debit,Indianapolis,ATM,Engineer,2024-11-04 08:08:58,Adult,2
307.89,62.0,90.0,1.0,2637.55,2023-07-10 16:34:43,Credit,Nashville,Online,Retired,2024-11-04 08:11:34,Senior,1
20.06,27.0,144.0,1.0,445.21,2023-04-19 16:41:27,Debit,Memphis,ATM,Student,2024-11-04 08:10:01,Young,2
236.57,79.0,112.0,1.0,3488.77,2023-09-01 17:51:34,Debit,Sacramento,ATM,Retired,2024-11-04 08:06:31,Senior,1
0.32,39.0,136.0,1.0,7158.58,2023-08-04 17:44:36,Debit,Boston,ATM,Engineer,2024-11-04 08:09:57,Adult,1
14.28,23.0,81.0,1.0,1597.51,2023-09-15 17:03:44,Debit,Phoenix,ATM,Student,2024-11-04 08:07:23,Young,3
232.35,33.0,153.0,1.0,4186.25,2023-05-12 16:14:22,Credit,Atlanta,Branch,Engineer,2024-11-04 08:08:22,Adult,1
317.53,44.0,104.0,1.0,6237.68,2023-02-24 18:25:34,Debit,Miami,Online,Engineer,2024-11-04 08:06:39,Adult,2
74.67,43.0,283.0,1.0,3449.35,2023-05-15 17:37:32,Debit,Indianapolis,ATM,Engineer,2024-11-04 08:11:01,Adult,1
65.01,29.0,67.0,1.0,10235.19,2023-10-24 17:28:18,Credit,Austin,Online,Doctor,2024-11-04 08:09:26,Young,3
0.45,34.0,172.0,1.0,8670.23,2023-07-26 17:29:24,Debit,Kansas City,Branch,Engineer,2024-11-04 08:10:09,Adult,1
364.13,63.0,61.00000000000001,1.0,8198.0,2023-02-03 16:06:00,Debit,Fort Worth,ATM,Doctor,2024-11-04 08:10:23,Senior,2
222.66,39.0,88.0,1.0,14466.38,2023-06-28 16:05:19,Debit,Detroit,Online,Doctor,2024-11-04 08:10:50,Adult,1
638.24,48.0,64.0,1.0,5695.78,2023-03-09 18:04:32,Debit,Phoenix,Branch,Engineer,2024-11-04 08:11:49,Adult,2
241.21,31.0,107.99999999999999,1.0,1220.86,2023-09-25 16:37:04,Debit,Omaha,ATM,Engineer,2024-11-04 08:09:16,Adult,3
171.16,51.0,42.00000000000001,1.0,6126.5,2023-09-28 16:33:08,Debit,New York,Online,Retired,2024-11-04 08:11:02,Senior,3
37.65,27.0,109.0,1.0,411.78,2023-09-25 17:29:01,Credit,San Jose,Online,Student,2024-11-04 08:11:02,Young,3
25.77,68.0,18.0,1.0,4331.54,2023-10-02 16:32:31,Debit,Memphis,Online,Retired,2024-11-04 08:06:40,Senior,3
789.8,40.0,94.0,1.0,13948.09,2023-07-10 16:04:39,Debit,Jacksonville,ATM,Doctor,2024-11-04 08:07:32,Adult,1
806.97,25.0,11.0,1.0,102.2,2023-03-07 17:48:05,Debit,Seattle,Online,Student,2024-11-04 08:08:53,Young,2
364.81,25.0,53.00000000000001,1.0,1145.23,,Debit,Charlotte,Online,Student,2024-11-04 08:07:19,Young,3
490.82,26.0,114.0,1.0,8704.27,2023-06-01 18:04:35,Debit,Kansas City,ATM,Engineer,2024-11-04 08:09:41,Young,1
311.28,49.0,198.0,1.0,135.96,2023-05-22 16:41:12,Debit,Atlanta,Branch,Doctor,2024-11-04 08:09:13,Adult,1
85.03,51.0,48.0,1.0,4597.57,2023-04-10 16:52:51,Debit,San Diego,ATM,Retired,2024-11-04 08:06:59,Senior,2
307.75,64.0,63.0,1.0,1061.58,2023-04-12 17:54:47,Debit,Detroit,Branch,Doctor,2024-11-04 08:10:03,Senior,2
333.67,36.0,68.00000000000001,1.0,9238.08,2023-07-06 18:09:06,Debit,Fort Worth,Online,Engineer,2024-11-04 08:08:44,Adult,1
372.08,66.0,63.0,1.0,13330.74,2023-03-06 16:37:23,Debit,Houston,Branch,Doctor,2024-11-04 08:12:15,Senior,2
502.9,26.0,141.0,1.0,341.24,2023-09-18 17:13:32,Credit,Fresno,Online,Student,2024-11-04 08:08:40,Young,3
103.81,36.0,34.0,1.0,7044.63,2023-09-27 16:39:38,Debit,Oklahoma City,ATM,Doctor,2024-11-04 08:11:54,Adult,3
69.43,30.0,162.0,1.0,9281.85,2023-02-06 17:38:53,Debit,Las Vegas,ATM,Engineer,2024-11-04 08:08:31,Adult,2
110.4,56.0,61.99999999999999,1.0,8639.36,2023-09-21 16:52:18,Credit,San Diego,ATM,Doctor,2024-11-04 08:08:33,Senior,3
275.65,28.0,14.0,1.0,4957.57,2023-08-14 16:52:32,Credit,Atlanta,Branch,Engineer,,Young,1
251.8,62.0,102.0,1.0,11796.66,2023-04-03 16:14:34,Debit,Mesa,ATM,Doctor,2024-11-04 08:10:15,Senior,2
334.07,59.0,200.00000000000003,1.0,7306.79,2023-08-11 17:27:16,Debit,New York,Branch,Engineer,2024-11-04 08:10:28,Senior,1
52.44,27.0,87.0,1.0,3157.75,2023-09-06 18:56:24,Debit,Raleigh,Online,Student,2024-11-04 08:09:31,Young,1
141.37,46.0,77.0,1.0,1019.7699999999999,2023-07-21 16:54:10,Debit,Denver,Online,Engineer,2024-11-04 08:11:41,Adult,1
211.7,50.0,205.0,1.0,12272.78,2023-11-13 16:58:19,Credit,Chicago,Online,Doctor,2024-11-04 08:07:08,Senior,3
308.23,60.0,22.999999999999996,1.0,4150.63,2023-04-17 16:12:22,Debit,Las Vegas,ATM,Retired,2024-11-04 08:11:35,Senior,2
111.41,21.0,181.0,1.0,1204.11,2023-12-27 17:18:17,Debit,Chicago,Branch,Student,2024-11-04 08:10:44,Young,3
675.49,61.0,159.0,1.0,1892.9999999999998,2023-03-15 16:16:53,Debit,Charlotte,ATM,Retired,2024-11-04 08:10:47,Senior,2
29.72,26.0,37.99999999999999,1.0,1059.62,2023-07-19 17:16:18,Debit,San Antonio,ATM,Student,,Young,1
301.73,67.0,163.0,1.0,990.7399999999999,,Debit,Tucson,Online,Doctor,2024-11-04 08:07:10,Senior,3
294.61,60.0,74.0,1.0,7375.59,2023-09-28 18:53:02,Debit,Omaha,Branch,Retired,2024-11-04 08:07:33,Senior,3
106.43,52.0,164.0,1.0,9403.12,2023-04-17 17:32:12,Credit,Phoenix,ATM,Engineer,2024-11-04 08:10:35,Senior,2
381.52,36.0,79.0,1.0,5798.92,2023-11-20 16:42:12,Debit,Seattle,Online,Doctor,2024-11-04 08:11:07,Adult,3
5.66,40.0,33.0,1.0,5434.64,2023-12-04 18:43:37,Debit,Fresno,Branch,Engineer,2024-11-04 08:11:43,Adult,3
209.09,48.0,203.0,1.0,9100.81,2023-11-07 18:44:46,Debit,Virginia Beach,ATM,Doctor,2024-11-04 08:06:31,Adult,3
521.81,47.0,34.0,1.0,4750.96,2023-11-16 17:26:37,Debit,Virginia Beach,ATM,Engineer,2024-11-04 08:07:27,Adult,3
588.36,33.0,134.0,1.0,8434.99,2023-01-09 16:08:44,Debit,Charlotte,Online,Engineer,2024-11-04 08:10:22,Adult,2
146.67,20.0,273.0,1.0,1569.75,2023-10-31 16:05:00,Debit,Albuquerque,Online,Student,2024-11-04 08:11:06,Young,3
57.34,27.0,81.0,1.0,1100.64,2023-10-23 16:03:49,Debit,Atlanta,Online,Student,2024-11-04 08:10:22,Young,3
294.77,77.0,101.0,1.0,2272.17,2023-10-10 17:16:59,Debit,Philadelphia,Online,Retired,2024-11-04 08:10:02,Senior,3
881.32,31.0,59.00000000000001,1.0,2287.93,2023-08-31 17:29:03,,El Paso,Online,Engineer,2024-11-04 08:06:52,Adult,1
162.59,64.0,18.999999999999996,1.0,7104.83,2023-02-22 16:18:32,Debit,Indianapolis,Branch,Retired,2024-11-04 08:08:46,Senior,2
56.15,31.0,77.0,1.0,13265.92,2023-12-28 18:53:29,Debit,Nashville,Branch,Doctor,2024-11-04 08:09:03,Adult,3
524.55,39.0,175.0,1.0,8292.75,2023-09-19 16:32:00,Debit,El Paso,ATM,Doctor,2024-11-04 08:07:00,Adult,3
535.4,23.0,110.0,1.0,651.8399999999999,2023-05-12 18:38:11,Debit,San Diego,Branch,Student,2024-11-04 08:08:50,Young,1
56.84,45.0,185.0,1.0,7977.78,2023-08-14 17:29:30,Debit,Raleigh,ATM,Engineer,2024-11-04 08:09:53,Adult,1
135.94,71.0,258.0,1.0,4710.21,2023-01-18 16:48:32,Debit,Houston,Branch,Retired,2024-11-04 08:10:02,Senior,2
47.1,42.0,178.0,1.0,6308.07,2023-07-03 17:26:49,Credit,Washington,Branch,Doctor,2024-11-04 08:09:40,Adult,1
124.05,61.0,220.0,1.0,7009.54,2023-10-25 16:50:02,Credit,Albuquerque,Branch,Doctor,2024-11-04 08:12:09,Senior,3
802.89,19.0,175.0,1.0,1973.63,2023-08-28 18:32:00,Debit,Chicago,ATM,Student,2024-11-04 08:11:17,Young,1
193.16,64.0,109.0,1.0,2304.56,2023-04-06 16:41:31,Debit,Charlotte,ATM,Retired,2024-11-04 08:07:13,Senior,2
541.52,48.0,161.0,1.0,6087.24,2023-06-28 17:47:15,Credit,Indianapolis,Branch,Engineer,2024-11-04 08:08:36,Adult,1
20.17,77.0,86.0,1.0,3869.3699999999994,2023-01-02 16:45:05,Debit,San Antonio,ATM,Retired,2024-11-04 08:08:39,Senior,2
35.98,40.0,133.0,1.0,11147.34,2023-08-17 16:14:47,Credit,Nashville,Branch,Doctor,2024-11-04 08:06:59,Adult,1
273.24,51.0,173.0,1.0,2202.21,2023-12-12 16:56:18,Debit,Fresno,Branch,Retired,2024-11-04 08:10:05,Senior,3
663.45,67.0,147.0,1.0,5897.29,2023-12-12 17:20:46,Debit,Albuquerque,ATM,Retired,2024-11-04 08:11:40,Senior,3
343.86,57.0,70.0,1.0,3278.65,2023-02-13 16:44:51,Debit,Charlotte,Branch,Engineer,2024-11-04 08:09:48,Senior,2
75.43,77.0,266.0,1.0,1441.86,2023-08-14 16:01:57,Debit,Fresno,ATM,Retired,2024-11-04 08:11:19,Senior,1
414.64,32.0,74.0,1.0,7253.22,2023-04-03 16:27:24,,Mesa,Branch,Doctor,2024-11-04 08:09:17,Adult,2
86.79,33.0,166.0,1.0,8795.37,2023-01-23 16:31:30,Debit,Fort Worth,Branch,Doctor,2024-11-04 08:07:48,Adult,2
14.1,45.0,73.0,1.0,6949.21,2023-12-25 17:13:46,Debit,Louisville,Branch,Engineer,2024-11-04 08:08:16,Adult,3
63.330000000000005,23.0,123.99999999999999,1.0,792.33,2023-12-26 17:10:01,Credit,Louisville,Branch,Student,2024-11-04 08:12:02,Young,3
606.27,29.0,42.00000000000001,1.0,9668.78,2023-06-22 17:05:42,Debit,Louisville,Branch,Doctor,2024-11-04 08:09:33,Young,1
4.47,27.0,132.0,1.0,1381.75,2023-08-14 16:20:49,Debit,Baltimore,Branch,Student,2024-11-04 08:10:24,Young,1
289.01,66.0,96.0,1.0,4226.26,2023-08-28 16:41:21,Debit,Miami,Online,Retired,2024-11-04 08:08:12,Senior,1
338.69,18.0,169.0,1.0,1137.89,2023-10-23 18:46:51,Debit,Virginia Beach,Branch,Student,2024-11-04 08:06:32,Young,3
97.73,69.0,156.0,1.0,7885.209999999999,2023-05-29 17:55:23,Debit,Sacramento,Branch,Doctor,2024-11-04 08:08:27,Senior,1
27.61,54.0,26.0,1.0,3679.64,2023-03-10 16:28:07,Credit,Fort Worth,ATM,Retired,2024-11-04 08:09:16,Senior,2
284.17,51.0,189.0,1.0,3479.56,2023-05-24 16:02:39,Debit,Memphis,ATM,Retired,2024-11-04 08:08:05,Senior,1
76.21,22.0,69.00000000000001,1.0,664.9299999999998,2023-01-10 16:41:42,Debit,Los Angeles,Branch,Student,2024-11-04 08:10:44,Young,2
584.51,74.0,75.99999999999999,1.0,3254.56,2023-08-25 17:47:07,Debit,Denver,ATM,Retired,2024-11-04 08:08:49,Senior,1
432.18,18.0,162.0,1.0,678.8299999999999,2023-05-19 16:31:11,Debit,Las Vegas,Branch,Student,2024-11-04 08:08:30,Young,1
134.55,59.0,165.0,1.0,14852.42,2023-10-09 16:44:50,Debit,San Jose,Online,Doctor,2024-11-04 08:08:25,Senior,3
61.66,26.0,86.0,1.0,5705.4,2023-02-10 16:34:00,Debit,Sacramento,ATM,Student,2024-11-04 08:06:48,Young,2
12.35,25.0,22.0,1.0,1846.85,2023-02-06 18:39:50,Debit,Fresno,Branch,Student,2024-11-04 08:11:12,Young,2
213.25,25.0,63.0,1.0,677.7899999999998,2023-02-23 17:30:07,Debit,San Francisco,Branch,Student,2024-11-04 08:08:03,Young,2
34.93,31.0,72.0,1.0,2810.37,2023-10-16 16:11:52,Debit,Columbus,Branch,Engineer,2024-11-04 08:11:12,Adult,3
335.68,24.0,142.0,1.0,1188.95,2023-11-06 17:20:40,Debit,Tucson,Online,Student,2024-11-04 08:11:20,Young,3
423.96,43.0,75.0,1.0,8374.38,2023-01-30 18:50:14,Debit,San Diego,ATM,Doctor,2024-11-04 08:08:41,Adult,2
220.82,42.0,30.999999999999996,1.0,4298.13,2023-12-29 16:30:53,Debit,Louisville,Branch,Engineer,2024-11-04 08:08:24,Adult,3
717.36,22.0,138.0,1.0,514.88,2023-01-02 17:00:33,Credit,,Online,Student,2024-11-04 08:09:39,Young,2
406.12,42.0,106.0,1.0,10501.53,2023-08-03 17:32:39,Debit,Houston,ATM,Doctor,2024-11-04 08:11:29,Adult,1
427.83,47.0,29.000000000000004,1.0,3293.06,2023-05-10 17:02:51,Debit,Phoenix,ATM,Engineer,2024-11-04 08:09:49,Adult,1
416.62,26.0,67.0,1.0,9700.9,2023-03-06 17:26:59,Credit,Baltimore,Online,Student,2024-11-04 08:11:23,Young,2
21.9,28.0,30.0,1.0,1052.27,2023-04-10 17:04:28,Debit,Phoenix,ATM,Student,2024-11-04 08:11:15,Young,2
393.68,55.0,141.0,1.0,10135.88,2023-09-18 16:40:55,Debit,San Diego,ATM,Doctor,2024-11-04 08:07:00,Senior,3
281.91,25.0,269.0,1.0,225.53,2023-01-12 17:10:03,Debit,Denver,Branch,Student,2024-11-04 08:07:24,Young,2
239.85,70.0,50.00000000000001,1.0,1477.63,2023-01-26 16:17:52,Debit,Tucson,ATM,Retired,2024-11-04 08:07:51,Senior,2
237.84,26.0,16.0,1.0,8932.39,2023-09-22 17:40:23,Debit,Nashville,Branch,Student,2024-11-04 08:09:29,Young,3
459.29,64.0,109.0,1.0,1006.12,2023-01-26 18:07:00,Credit,Kansas City,Online,Retired,2024-11-04 08:11:08,Senior,2
196.49,41.0,65.0,1.0,7516.560000000001,2023-12-22 17:31:59,Debit,Oklahoma City,Branch,Engineer,2024-11-04 08:09:30,Adult,3
344.87,58.0,25.000000000000004,1.0,7447.44,2023-08-28 17:59:32,Debit,Houston,Branch,Retired,2024-11-04 08:11:21,Senior,1
129.62,23.0,123.99999999999999,1.0,620.28,2023-07-06 16:47:00,Credit,San Jose,ATM,Student,2024-11-04 08:06:51,Young,1
16.53,21.0,220.0,1.0,707.95,2023-07-24 17:07:27,Debit,Houston,ATM,Student,2024-11-04 08:08:29,Young,1
277.02,46.0,227.0,1.0,8586.38,2023-11-13 16:16:48,Credit,Denver,ATM,Doctor,2024-11-04 08:09:56,Adult,3
13.02,51.0,42.00000000000001,1.0,6076.45,2023-06-14 16:24:08,Debit,Charlotte,Branch,Doctor,2024-11-04 08:11:43,Senior,1
199.02,22.0,185.0,1.0,793.6299999999999,2023-01-30 17:36:54,Debit,Memphis,ATM,Student,2024-11-04 08:08:22,Young,2
684.5,29.0,75.99999999999999,1.0,6258.63,2023-07-31 18:52:14,Debit,Fort Worth,Branch,Doctor,2024-11-04 08:10:14,Young,1
45.92,26.0,22.999999999999996,1.0,544.56,2023-06-19 17:25:35,Debit,Nashville,ATM,Student,2024-11-04 08:06:32,Young,1
761.73,19.0,26.999999999999996,1.0,151.28,2023-09-11 17:15:04,Debit,Columbus,ATM,Student,2024-11-04 08:09:23,Young,3
331.38,42.0,122.0,1.0,844.5499999999998,2023-05-30 17:13:38,Debit,Miami,ATM,Engineer,2024-11-04 08:08:38,Adult,1
602.8,60.0,173.0,1.0,7417.69,2023-03-20 17:25:15,Debit,Baltimore,Branch,Retired,2024-11-04 08:10:57,Senior,2
64.12,57.0,222.0,1.0,1029.09,2023-08-10 17:12:55,Credit,Indianapolis,Branch,Doctor,2024-11-04 08:09:39,Senior,1
57.38,28.0,86.0,1.0,899.5199999999999,2023-02-13 18:27:34,Debit,Kansas City,Online,Student,2024-11-04 08:08:31,Young,2
94.64,28.0,144.0,1.0,586.76,2023-05-15 18:30:55,Credit,New York,ATM,Student,2024-11-04 08:08:50,Young,1
155.56,19.0,64.0,1.0,129.79,2023-04-24 16:07:53,Credit,Austin,Branch,Student,2024-11-04 08:07:46,Young,2
301.39,47.0,104.0,1.0,10548.58,2023-07-04 16:21:12,Credit,Denver,Online,Doctor,2024-11-04 08:07:22,Adult,1
136.31,74.0,65.0,1.0,4384.95,2023-10-30 16:38:14,Debit,Nashville,Online,Retired,2024-11-04 08:08:41,Senior,3
4.39,26.0,63.0,1.0,1429.61,2023-06-12 16:03:42,Debit,Philadelphia,ATM,Student,2024-11-04 08:11:48,Young,1
429.25,29.0,107.0,1.0,5019.68,2023-06-12 16:26:36,Debit,Seattle,Online,Engineer,2024-11-04 08:08:36,Young,1
138.54,60.0,93.0,1.0,8274.77,2023-01-03 17:56:37,Credit,Austin,Branch,Engineer,2024-11-04 08:09:05,Senior,2
33.03,21.0,28.0,1.0,935.8800000000001,2023-08-10 16:58:10,Debit,Washington,Branch,Student,2024-11-04 08:09:57,Young,1
76.39,30.0,80.0,1.0,11584.32,2023-02-27 16:28:23,Debit,Sacramento,Online,Doctor,2024-11-04 08:10:59,Adult,2
25.32,19.0,25.000000000000004,1.0,1642.34,2023-03-07 17:49:13,Debit,Oklahoma City,ATM,Student,2024-11-04 08:09:29,Young,2
330.91,36.0,28.0,1.0,6481.35,2023-03-06 17:25:20,Debit,Kansas City,ATM,Engineer,2024-11-04 08:11:10,Adult,2
153.55,37.0,16.0,1.0,5619.91,2023-11-08 17:53:52,Debit,Denver,Online,Doctor,2024-11-04 08:07:38,Adult,3
217.61,27.0,120.0,1.0,1661.1,2023-02-28 17:34:08,Debit,Omaha,Online,Student,2024-11-04 08:11:11,Young,2
131.69,53.0,59.00000000000001,1.0,2958.43,2023-10-16 16:22:32,Credit,Denver,Branch,Engineer,2024-11-04 08:07:03,Senior,3
68.49,67.0,49.0,1.0,6683.31,2023-10-25 17:37:30,Debit,Nashville,Online,Retired,2024-11-04 08:10:51,Senior,3
470.62,57.0,127.0,1.0,12470.62,2023-02-27 17:52:43,Debit,Tucson,Branch,Doctor,2024-11-04 08:06:42,Senior,2
385.35,38.0,269.0,1.0,5184.13,2023-10-03 17:14:49,Debit,Miami,Branch,Doctor,2024-11-04 08:12:12,Adult,3
74.72,26.0,132.0,1.0,165.75,2023-07-25 18:58:19,Debit,Phoenix,Online,Student,2024-11-04 08:10:19,Young,1
352.03,27.0,219.0,1.0,4846.68,,Credit,Phoenix,Online,Student,2024-11-04 08:11:14,Young,3
275.87,25.0,112.0,1.0,1697.58,2023-08-28 18:27:59,Debit,Seattle,ATM,Student,2024-11-04 08:07:09,Young,1
90.94,63.0,56.0,1.0,3896.08,2023-11-24 17:55:11,Credit,Colorado Springs,ATM,Retired,2024-11-04 08:12:21,Senior,3
206.25,74.0,56.0,1.0,3651.07,2023-10-03 16:22:49,Debit,Baltimore,ATM,Retired,2024-11-04 08:07:59,Senior,3
116.76,51.0,212.0,1.0,4480.43,2023-01-16 16:55:13,Debit,Philadelphia,ATM,Engineer,2024-11-04 08:07:09,Senior,2
91.5,47.0,77.0,1.0,667.6599999999999,2023-03-27 16:26:42,Debit,Omaha,ATM,Doctor,2024-11-04 08:07:56,Adult,2
489.31000000000006,43.0,36.0,1.0,5595.22,2023-04-03 16:34:10,Debit,Louisville,Branch,Engineer,2024-11-04 08:12:22,Adult,2
414.49,58.0,107.99999999999999,1.0,12709.58,2023-02-13 16:03:33,Credit,Phoenix,Online,Doctor,2024-11-04 08:09:08,Senior,2
315.13,30.0,143.0,1.0,6570.94,2023-12-05 16:04:34,Debit,Omaha,Branch,Engineer,2024-11-04 08:07:21,Adult,3
28.38,45.0,260.0,1.0,8892.62,2023-10-03 16:39:18,Debit,Tucson,Branch,Doctor,2024-11-04 08:09:52,Adult,3
456.05,68.0,20.0,1.0,11729.51,2023-03-17 17:03:03,Debit,Detroit,Branch,Doctor,2024-11-04 08:10:37,Senior,2
277.22,35.0,41.0,1.0,12104.51,2023-08-17 17:10:25,Debit,Kansas City,Branch,Doctor,2024-11-04 08:07:27,Adult,1
54.84,52.0,123.99999999999999,1.0,3495.51,2023-05-08 16:48:31,Debit,Kansas City,Online,Retired,2024-11-04 08:11:44,Senior,2
29.92,68.0,63.0,1.0,7855.01,2024-01-01 16:25:13,Credit,Denver,Online,Doctor,2024-11-04 08:10:15,Senior,3
133.06,35.0,143.0,1.0,8843.44,2023-02-03 17:00:39,Debit,Las Vegas,Online,Engineer,2024-11-04 08:09:53,Adult,2
14.34,67.0,24.0,1.0,7932.509999999999,2023-10-17 17:51:19,Credit,Memphis,Online,Retired,2024-11-04 08:07:06,Senior,3
468.32,69.0,151.99999999999997,1.0,4710.04,2023-06-08 16:20:29,Debit,Fresno,Online,Retired,2024-11-04 08:06:47,Senior,1
245.62,23.0,127.0,1.0,1879.8200000000002,2023-12-15 17:01:58,Debit,San Antonio,Branch,Student,2024-11-04 08:08:30,Young,3
83.6,47.0,192.0,1.0,13899.24,2023-12-29 18:29:23,Debit,San Jose,ATM,Doctor,2024-11-04 08:09:19,Adult,3
331.22,61.0,161.0,1.0,12613.25,2023-05-25 16:27:17,Credit,Oklahoma City,Branch,Doctor,2024-11-04 08:12:21,Senior,1
57.49,24.0,177.0,1.0,765.1499999999999,2023-11-16 18:09:35,Credit,Detroit,Online,Student,2024-11-04 08:11:34,Young,3
157.56,43.0,159.0,1.0,7541.160000000001,2023-04-11 17:06:47,Debit,Indianapolis,Branch,Doctor,2024-11-04 08:07:45,Adult,2
230.3,46.0,24.0,1.0,8356.88,2023-02-24 16:57:24,Debit,Colorado Springs,Online,Engineer,2024-11-04 08:08:21,Adult,2
305.92,72.0,88.0,1.0,1445.47,2023-12-06 16:42:18,Debit,El Paso,ATM,Retired,2024-11-04 08:08:28,Senior,3
116.33,27.0,144.0,1.0,1696.15,2023-02-17 16:37:06,Debit,Fresno,Branch,Student,2024-11-04 08:08:42,Young,2
537.71,19.0,175.0,1.0,1806.08,2023-04-04 16:07:04,Credit,Mesa,Online,Student,2024-11-04 08:07:22,Young,2
538.17,27.0,252.0,1.0,5908.04,2023-09-26 17:27:17,Credit,Washington,Branch,Engineer,2024-11-04 08:10:25,Young,3
219.44,42.0,22.999999999999996,1.0,4207.27,2023-07-20 18:13:07,Debit,Washington,Online,Engineer,2024-11-04 08:09:38,Adult,1
61.62,57.0,18.999999999999996,1.0,8365.37,2023-10-09 16:01:25,Debit,Miami,Online,Doctor,2024-11-04 08:12:02,Senior,3
58.77,27.0,191.0,1.0,7261.7,2023-07-13 16:35:37,Debit,Memphis,Online,Engineer,2024-11-04 08:06:39,Young,1
538.13,62.0,165.0,1.0,5008.59,2023-09-07 17:44:26,Debit,,ATM,Retired,2024-11-04 08:12:13,Senior,1
177.05,24.0,235.0,1.0,4287.82,2023-08-29 16:22:40,Debit,Philadelphia,Branch,Student,2024-11-04 08:06:55,Young,1
719.76,19.0,190.0,1.0,690.5199999999999,2023-03-30 17:50:23,Debit,San Francisco,Branch,Student,2024-11-04 08:11:25,Young,2
163.22,26.0,217.0,1.0,1788.27,2023-04-06 18:06:12,Debit,Miami,Online,Student,2024-11-04 08:07:56,Young,2
242.85,42.0,93.0,1.0,4672.8,2023-10-23 16:19:39,Debit,,Online,Engineer,2024-11-04 08:10:22,Adult,3
291.22,41.0,100.00000000000001,1.0,3677.63,2023-11-03 16:45:25,Credit,Baltimore,Online,Engineer,2024-11-04 08:09:36,Adult,3
56.52,42.0,151.99999999999997,1.0,6911.2,2023-12-04 16:08:59,Debit,Omaha,ATM,Engineer,2024-11-04 08:08:50,Adult,3
195.8,39.0,186.0,1.0,12027.68,2023-02-28 17:37:48,Debit,Raleigh,Online,Doctor,2024-11-04 08:06:59,Adult,2
66.76,36.0,44.0,1.0,184.72,2023-04-24 18:29:26,Credit,Austin,Branch,Doctor,2024-11-04 08:10:58,Adult,2
190.9,28.0,40.0,1.0,101.25,2023-10-09 16:17:07,Debit,,Online,Student,2024-11-04 08:10:27,Young,3
106.99,38.0,151.99999999999997,1.0,5771.4,2023-11-24 17:00:27,Debit,Omaha,Branch,Engineer,2024-11-04 08:10:43,Adult,3
107.1,25.0,175.0,1.0,193.8,2023-06-16 16:41:13,Credit,Philadelphia,Online,Student,2024-11-04 08:11:33,Young,1
430.83,18.0,292.0,1.0,941.4899999999999,2023-08-14 16:09:21,Debit,Los Angeles,Branch,Student,2024-11-04 08:07:49,Young,1
235.34,26.0,68.00000000000001,1.0,566.83,2023-10-16 16:13:57,Debit,Washington,Branch,Student,2024-11-04 08:12:01,Young,3
86.35,52.0,24.0,1.0,1550.48,2023-09-04 17:17:40,Credit,Indianapolis,Branch,Retired,2024-11-04 08:10:10,Senior,1
337.99,70.0,115.0,1.0,9038.63,2023-03-02 16:41:57,Debit,Colorado Springs,ATM,Doctor,2024-11-04 08:06:36,Senior,2
577.13,40.0,66.0,1.0,6640.51,2023-09-27 16:50:01,Credit,San Jose,Branch,Engineer,2024-11-04 08:08:42,Adult,3
213.33,52.0,161.0,1.0,5400.44,2023-08-28 16:41:57,Debit,Omaha,ATM,Retired,2024-11-04 08:12:15,Senior,1
54.52,32.0,164.0,1.0,6980.98,2023-03-02 17:32:19,Debit,Indianapolis,Branch,Doctor,2024-11-04 08:09:06,Adult,2
883.92,53.0,129.0,1.0,2342.64,2023-11-03 16:08:00,Credit,Tucson,Online,Retired,2024-11-04 08:11:08,Senior,3
69.8,27.0,138.0,1.0,136.77,2023-05-02 16:01:04,Credit,New York,Branch,Student,2024-11-04 08:09:01,Young,2
768.94,64.0,53.00000000000001,1.0,6860.18,2023-10-11 17:36:16,Debit,Indianapolis,Branch,Retired,2024-11-04 08:07:37,Senior,3
179.62,24.0,119.0,1.0,409.26,2023-11-15 16:00:38,Debit,Tucson,Online,Student,2024-11-04 08:11:42,Young,3
425.91,23.0,47.0,1.0,383.58,2023-03-24 16:34:27,Debit,Jacksonville,ATM,Student,2024-11-04 08:07:14,Young,2
263.34,64.0,55.0,1.0,2411.02,2023-03-08 17:43:41,Debit,Denver,ATM,Retired,2024-11-04 08:11:16,Senior,2
113.03,36.0,12.0,1.0,6756.13,2023-03-15 17:53:09,Credit,Tucson,Online,Doctor,2024-11-04 08:08:48,Adult,2
11.02,42.0,42.00000000000001,1.0,7879.66,2023-07-31 17:49:23,Debit,Austin,Online,Doctor,2024-11-04 08:07:22,Adult,1
865.17,24.0,161.0,1.0,9297.5,2023-12-07 17:13:16,Debit,Houston,Branch,Student,2024-11-04 08:10:13,Young,3
152.0,51.0,63.0,1.0,7531.429999999999,2023-12-18 18:11:24,Debit,Albuquerque,ATM,Engineer,2024-11-04 08:07:25,Senior,3
270.39,25.0,104.0,1.0,899.15,2023-06-12 17:30:53,Debit,Jacksonville,ATM,Student,2024-11-04 08:07:39,Young,1
246.40999999999997,54.0,22.999999999999996,1.0,1431.6,2023-05-26 17:10:40,Debit,Detroit,ATM,Retired,2024-11-04 08:12:12,Senior,1
336.84,22.0,100.00000000000001,1.0,4500.26,2023-03-07 17:24:45,Debit,,ATM,Student,2024-11-04 08:09:58,Young,2
261.45,50.0,96.0,1.0,6735.74,2023-10-27 17:02:06,Credit,Oklahoma City,Online,Engineer,2024-11-04 08:09:11,Senior,3
99.98,73.0,151.99999999999997,1.0,3037.97,2023-03-30 16:52:05,Credit,Washington,Online,Retired,2024-11-04 08:07:59,Senior,2
400.69,32.0,26.0,1.0,9040.33,2023-04-03 16:19:59,Debit,Las Vegas,Online,Engineer,2024-11-04 08:07:57,Adult,2
411.47,26.0,120.0,1.0,796.63,2023-12-25 16:25:42,Debit,Fort Worth,ATM,Student,2024-11-04 08:11:11,Young,3
204.63,52.0,91.99999999999999,1.0,9199.52,2023-06-21 17:48:16,Debit,Las Vegas,Online,Engineer,2024-11-04 08:09:54,Senior,1
421.56,53.0,144.0,1.0,8037.870000000001,2023-07-18 17:56:55,Debit,San Jose,Online,Engineer,2024-11-04 08:10:58,Senior,1
193.38,18.0,285.0,1.0,1081.79,2023-07-20 16:05:11,Debit,Memphis,ATM,Student,2024-11-04 08:10:56,Young,1
377.04,34.0,64.0,1.0,3812.87,2023-03-16 16:52:04,Debit,Chicago,ATM,Engineer,2024-11-04 08:09:54,Adult,2
54.1,28.0,17.0,1.0,940.91,2023-05-19 17:47:41,Credit,Boston,Branch,Engineer,2024-11-04 08:06:59,Young,1
18.1,57.0,66.0,1.0,6474.34,2023-04-14 16:33:13,Debit,Louisville,ATM,Retired,2024-11-04 08:06:41,Senior,2
408.62,48.0,159.0,1.0,2498.48,2023-05-22 17:41:48,Credit,Fort Worth,Online,Engineer,2024-11-04 08:07:08,Adult,1
162.1,64.0,221.0,1.0,9578.74,2023-12-04 16:14:07,Debit,Baltimore,Branch,Doctor,2024-11-04 08:11:35,Senior,3
165.31,49.0,28.0,1.0,7346.66,2023-04-03 16:05:30,Debit,Boston,ATM,Doctor,2024-11-04 08:10:12,Adult,2
856.9,36.0,150.0,1.0,8579.69,2023-03-17 16:10:35,Debit,New York,Branch,Engineer,2024-11-04 08:09:52,Adult,2
433.9,65.0,37.0,1.0,9013.1,2023-03-10 17:38:58,Debit,,Online,Doctor,2024-11-04 08:07:44,Senior,2
271.22,45.0,87.0,1.0,6863.02,2023-04-03 16:07:53,Credit,Louisville,ATM,Doctor,2024-11-04 08:06:52,Adult,2
307.68,75.0,162.0,1.0,2052.84,2023-01-18 17:21:27,Credit,Detroit,Online,Retired,2024-11-04 08:12:03,Senior,2
348.17,21.0,181.0,1.0,1887.84,2023-05-10 17:56:31,Debit,El Paso,ATM,Student,2024-11-04 08:11:06,Young,1
557.78,26.0,102.0,1.0,1289.48,2023-05-30 16:55:04,Credit,Phoenix,Branch,Student,2024-11-04 08:11:13,Young,1
325.6,69.0,88.0,1.0,13777.1,2023-09-26 16:15:36,Debit,Dallas,ATM,Doctor,2024-11-04 08:10:49,Senior,3
235.83,53.0,169.0,1.0,4120.75,2023-09-01 16:26:50,Credit,Memphis,Online,Engineer,2024-11-04 08:08:53,Senior,1
603.54,44.0,26.0,1.0,10517.47,2023-04-21 16:22:38,Debit,Albuquerque,Online,Doctor,2024-11-04 08:08:08,Adult,2
270.25,31.0,42.00000000000001,1.0,5414.97,2023-11-06 16:56:41,Debit,Tucson,ATM,Engineer,2024-11-04 08:10:48,Adult,3
123.38,59.0,40.0,1.0,13542.41,2024-01-01 17:21:56,Debit,Sacramento,Online,Doctor,2024-11-04 08:10:53,Senior,3
577.12,39.0,69.00000000000001,1.0,5265.88,2023-01-27 17:38:07,Debit,Virginia Beach,ATM,Engineer,2024-11-04 08:10:50,Adult,2
92.24,60.0,93.0,1.0,6937.48,2023-04-13 17:45:33,Debit,Philadelphia,Branch,Engineer,2024-11-04 08:09:06,Senior,2
856.21,33.0,109.0,1.0,12690.79,2023-04-26 17:09:36,Credit,Colorado Springs,Branch,Doctor,2024-11-04 08:11:29,Adult,2
251.54000000000002,48.0,177.0,1.0,254.75,2023-03-22 17:36:48,Debit,Tucson,Branch,Doctor,2024-11-04 08:11:42,Adult,2
28.63,56.0,146.0,1.0,3382.91,2023-08-21 17:08:50,Debit,San Diego,Branch,Retired,2024-11-04 08:08:39,Senior,1
185.97,23.0,18.999999999999996,1.0,1776.91,2023-02-24 16:24:46,Debit,Denver,Online,Student,2024-11-04 08:12:22,Young,2
243.08000000000004,24.0,93.0,1.0,131.25,2023-02-14 16:21:23,Credit,Jacksonville,Online,Student,2024-11-04 08:07:49,Young,2
12.18,76.0,77.0,1.0,4909.24,2023-04-20 18:50:39,Debit,New York,Branch,Retired,2024-11-04 08:07:37,Senior,2
232.12,37.0,51.00000000000001,1.0,6689.87,2023-12-28 17:31:03,Debit,Omaha,ATM,Engineer,2024-11-04 08:09:17,Adult,3
198.62,27.0,84.00000000000001,1.0,1196.07,2023-05-15 16:19:14,Credit,Tucson,Branch,Student,2024-11-04 08:06:38,Young,1
